image_idx,distance,matching_score,distance_norm,matching_score_norm
1,0.10432706599168234,0.054740444,0.002337190569420627,0.617738
2,0.0,0.061857775,0.0,0.7160366
3,0.2086541319833647,0.078651644,0.004674381138841254,0.94797945
4,0.37683131811011605,0.060763527,0.008441976150460563,0.7009237
5,0.2086541319833647,0.038089734,0.004674381138841254,0.3877723
6,0.545029123866714,0.042207606,0.012210033094024034,0.44464493
7,0.767012296353545,0.04829832,0.017183018506531055,0.5287648
8,0.908634195212781,0.04599167,0.020355707810988614,0.4969072
9,0.767012296353545,0.044718515,0.017183018506531055,0.47932345
10,1.0509719331872511,0.035063315,0.023544433725058874,0.34597394
11,1.279298357937809,0.035677362,0.02865952405760094,0.35445464
12,1.3881348691608222,0.039463405,0.031097737623957237,0.4067443
13,1.279298357937809,0.055700377,0.02865952405760094,0.63099575
14,1.4970036168847558,0.05203473,0.03353667336959871,0.5803689
15,1.6636317163290357,0.047069862,0.03726956491523752,0.5117983
16,1.4970036168847558,0.060466222,0.03353667336959871,0.69681764
17,1.8302602098313936,0.050276265,0.04100246528877555,0.5560825
18,1.9454961119386853,0.044564907,0.043584041422482914,0.47720194
19,1.8302602098313936,0.049687643,0.04100246528877555,0.5479529
20,2.060892196086903,0.034788202,0.04616920603969535,0.34217432
21,2.3700221218049067,0.03882943,0.05309449949299173,0.39798838
22,2.489309428243779,0.046173505,0.055766837347127764,0.49941862
23,2.3700221218049067,0.04155644,0.05309449949299173,0.43565157
24,2.6087231858960607,0.044063244,0.058442008028782355,0.4702734
25,2.743585554397688,0.035380773,0.06146326672934682,0.3503584
26,2.6087231858960607,0.031954333,0.058442008028782355,0.3030353
27,2.8784559383118435,0.043458138,0.0644847049954573,0.46191618
28,3.0112136151756967,0.050164435,0.06745881327153139,0.55453795
29,2.8784559383118435,0.056061175,0.0644847049954573,0.63597876
30,3.1439723115057046,0.046829134,0.07043294438622993,0.5084736
31,3.4431656388363585,0.048542734,0.0771356328633173,0.5321404
32,3.5707331071902564,0.06434247,0.07999346732044049,0.7503531
33,3.4431656388363585,0.051976025,0.0771356328633173,0.57955813
34,3.6983018569930772,0.04038018,0.08285133048526584,0.41940603
35,3.8138028563205766,0.04950891,0.08543884546827525,0.54548436
36,3.6983018569930772,0.043909363,0.08285133048526584,0.46814817
37,3.9293273571626623,0.043329883,0.08802688694474767,0.46014482
38,4.159449836054453,0.042814825,0.09318221343998784,0.45303127
39,4.260116967985668,0.050382875,0.0954374122147623,0.5575549
40,4.159449836054453,0.04208344,0.09318221343998784,0.44292998
41,4.360784631611984,0.048659265,0.09769262290085398,0.5337498
42,4.510611283982015,0.06284464,0.10104911946901221,0.72966635
43,4.360784631611984,0.057627857,0.09769262290085398,0.6576165
44,4.660437997909387,0.058142576,0.10440561741621084,0.6647253
45,4.7648003470452585,0.0340852,0.10674359841744391,0.33246502
46,4.660437997909387,0.034455694,0.10440561741621084,0.337582
47,4.869162720570567,0.028985288,0.10908157996506214,0.26202932
48,5.185167760287695,0.03438631,0.116160893388629,0.33662373
49,5.306429479274264,0.036616098,0.11887746308560236,0.3674197
50,5.185167760287695,0.03307071,0.116160893388629,0.31845376
51,5.427691387774706,0.04049644,0.12159403702816655,0.4210117
52,5.573919852623887,0.041573275,0.12486992508058825,0.43588403
53,5.427691387774706,0.02993922,0.12159403702816655,0.27520424
54,5.720180109997504,0.040261634,0.12814652536609714,0.41776878
55,5.831026990715661,0.0368384,0.13062977630200312,0.37048995
56,5.720180109997504,0.04451867,0.12814652536609714,0.47656333
57,5.9418760564432125,0.054033104,0.1331130761876548,0.60796875
58,6.12037500071738,0.054514736,0.13711190472983179,0.6146207
59,5.9418760564432125,0.037467193,0.1331130761876548,0.3791743
60,6.29887980590027,0.038453463,0.14111086457121158,0.39279583
61,6.467403826728263,0.043806925,0.14488622955877323,0.4667334
62,6.29887980590027,0.036280155,0.14111086457121158,0.36277992
63,6.635928398970997,0.041058026,0.14866160689942198,0.42876786
64,6.873075019659815,0.036488153,0.15397429196513698,0.36565262
65,6.994193385350379,0.042210057,0.15668765018512368,0.44467878
66,6.873075019659815,0.04328062,0.15397429196513698,0.45946446
67,7.1153451035150495,0.06052087,0.15940175558502198,0.6975723
68,7.277468530778671,0.052594934,0.16303373106215174,0.5881059
69,7.1153451035150495,0.036216624,0.15940175558502198,0.36190248
70,7.439592895119247,0.034359317,0.16666572753217918,0.3362509
71,7.761229085526087,0.049461246,0.17387119299655995,0.5448261
72,7.851763284515986,0.040586412,0.17589938840374328,0.42225432
73,7.942322226512543,0.0420444,0.1779281381169571,0.4423909
74,7.761229085526087,0.048838288,0.17387119299655995,0.53622234
75,7.8970397158341,0.041567173,0.17691369516381408,0.43579975
76,7.761229085526087,0.040207844,0.17387119299655995,0.41702586
77,8.032905074695066,0.05868247,0.17995742338929793,0.67218196
78,8.26195150640805,0.041291684,0.18508864370178818,0.43199497
79,8.38051998971456,0.053178173,0.18774487809676846,0.5961611
80,8.26195150640805,0.03930314,0.18508864370178818,0.40453082
81,8.499089185088627,0.041948225,0.19040112844386586,0.44106254
82,8.826481922408467,0.04064327,0.19773555514212784,0.42303962
83,8.951101206405083,0.035490718,0.20052734280102802,0.35187688
84,8.826481922408467,0.0429172,0.19773555514212784,0.45444524
85,9.075721435613085,0.036102522,0.20331915163505773,0.3603266
86,9.304827028446892,0.03458898,0.208451697306527,0.33942285
87,9.42290914242776,0.04142437,0.211097035796496,0.43382755
88,9.304827028446892,0.042923585,0.208451697306527,0.45453343
89,9.541002846915525,0.04312665,0.2137426339431817,0.457338
90,9.696219691194344,0.0415524,0.21721988446504156,0.4355957
91,9.541002846915525,0.03998058,0.2137426339431817,0.41388708
92,9.851436824242858,0.037841726,0.22069714145607414,0.38434702
93,10.083276115763582,0.043201186,0.2258909289033948,0.4583674
94,10.258762824978259,0.051838294,0.22982227574936,0.5776559
95,10.083276115763582,0.038216196,0.2258909289033948,0.3895189
96,10.43425395899866,0.044578504,0.23375372172218276,0.47738972
97,10.652944742385655,0.041077036,0.23865294927826147,0.42903042
98,10.764312908560536,0.051518768,0.24114787832896775,0.5732429
99,10.652944742385655,0.043832105,0.23865294927826147,0.4670811
100,10.875681076156981,0.043171756,0.2436428074115207,0.45796096
101,11.040660834617762,0.061308503,0.2473387719433956,0.7084505
102,10.875681076156981,0.05056669,0.2436428074115207,0.5600936
103,11.205667670778238,0.049832862,0.25103534308433945,0.5499585
104,11.527358061539584,0.04661063,0.2582420227739667,0.5054558
105,11.698583414862107,0.04884329,0.26207790445267715,0.5362914
106,11.527358061539584,0.05753406,0.2582420227739667,0.6563211
107,11.869812197452964,0.051903527,0.2659138629556857,0.57855684
108,11.985256436289387,0.04813914,0.26850010635990396,0.5265663
109,11.869812197452964,0.048713524,0.2659138629556857,0.53449917
110,12.10073563920552,0.051889084,0.271087133048082,0.5783574
111,12.260431107268165,0.054243572,0.2746647160883736,0.6108756
112,12.10073563920552,0.04821803,0.271087133048082,0.52765584
113,12.420133320131502,0.04524106,0.2782424502292873,0.48654044
114,12.616678685425159,0.040435117,0.28264556431920423,0.42016476
115,12.850786097460302,0.039359327,0.28789016341186563,0.40530688
116,13.177738849245399,0.041924946,0.29521473331953635,0.44074106
117,13.389589706889208,0.06286215,0.2999607292114198,0.72990817
118,13.562489416191289,0.04937726,0.3038341207057096,0.5436661
119,13.389589706889208,0.045229837,0.2999607292114198,0.48638546
120,13.735391934335249,0.040733688,0.3077075751251731,0.42428836
121,13.852951614858048,0.040966384,0.3103412097822035,0.4275022
122,13.735391934335249,0.030172585,0.3077075751251731,0.27842727
123,13.970514240392337,0.03012887,0.3129749104149518,0.27782354
124,14.269462814808445,0.047441106,0.31967211580672206,0.5169256
125,14.382462556516566,0.0470186,0.3222035962826347,0.5110903
126,14.269462814808445,0.035836976,0.31967211580672206,0.3566591
127,14.495526345965589,0.04343334,0.32473651159019523,0.46157372
128,14.74554987199102,0.04083231,0.33033767195644687,0.42565048
129,14.838235421086772,0.048271354,0.3324140630560052,0.5283923
130,14.74554987199102,0.03964997,0.33033767195644687,0.40932098
131,14.93092447822881,0.048989717,0.33449053274468726,0.5383137
132,15.08010823446409,0.056499142,0.3378326268107817,0.6420276
133,14.93092447822881,0.053966977,0.33449053274468726,0.6070555
134,15.229315577086814,0.04385143,0.3411752492717061,0.467348
135,15.46977891342534,0.07058759,0.34656223717019286,0.8366055
136,15.59401093731656,0.045152463,0.34934534922168814,0.4853168
137,15.46977891342534,0.060712002,0.34656223717019286,0.7002121
138,15.718244490512904,0.06379317,0.35212849553349246,0.7427666
139,15.9573044127852,0.06567357,0.3574840434016342,0.76873714
140,16.205551306664887,0.05440383,0.3630454027070883,0.6130889
141,16.42194966880783,0.050312936,0.36789327421992163,0.55658895
142,16.594641430485197,0.041277424,0.3717620071606252,0.43179804
143,16.42194966880783,0.051389925,0.36789327421992163,0.5714634
144,16.767342357933046,0.05049868,0.3756309454378071,0.5591543
145,17.007071299073488,0.0397816,0.3810014810234173,0.41113895
146,17.30510609708158,0.04486436,0.3876782155087831,0.48133773
147,17.429879634106673,0.03723521,0.39047345882628953,0.37597036
148,17.30510609708158,0.04310987,0.3876782155087831,0.45710626
149,17.554659155328377,0.04567146,0.3932688362049598,0.49248472
150,17.848716027349496,0.043986507,0.3998564550709584,0.4692136
151,17.965893450660953,0.044214983,0.40248152619808447,0.47236907
152,17.848716027349496,0.043302793,0.3998564550709584,0.45977068
153,18.0830728612222,0.03844135,0.4051066418446402,0.39262852
154,18.242554736938597,0.030202212,0.4086794398752835,0.27883646
155,18.0830728612222,0.029529788,0.4051066418446402,0.2695495
156,18.402036898666843,0.033569634,0.41225224431331675,0.32534447
157,18.70651881977392,0.044318993,0.41907341068856274,0.47380558
158,18.81596697601234,0.050419725,0.4215253266527413,0.55806386
159,18.70651881977392,0.03912601,0.41907341068856274,0.40208447
160,18.92543095764108,0.038752563,0.42397759714575334,0.39692676
161,19.077406406505215,0.043681897,0.4273822321989143,0.4650066
162,18.92543095764108,0.048386846,0.42397759714575334,0.52998734
163,19.229381949183637,0.047995757,0.430786869353753,0.52458596
164,19.445239571435966,0.066597775,0.43562262692318304,0.7815015
165,19.59780668153851,0.039302915,0.4390405166869367,0.40452775
166,19.445239571435966,0.055902697,0.43562262692318304,0.6337901
167,19.750382222516684,0.05963399,0.4424585953236624,0.6853235
168,19.95839311663966,0.051535435,0.4471185663049198,0.5734731
169,20.079335621946043,0.05419405,0.4498279848067947,0.61019164
170,19.95839311663966,0.048091765,0.4471185663049198,0.5259119
171,20.20027817700978,0.04884608,0.45253740442336027,0.53633
172,20.391597753798717,0.05968907,0.456823447612309,0.6860842
173,20.20027817700978,0.06517581,0.45253740442336027,0.7618625
174,20.5829312655825,0.05661557,0.46110980298044363,0.64363563
175,20.778579665387902,0.043277327,0.46549282277114573,0.45941895
176,20.94542969362082,0.040806416,0.46923068608386104,0.42529285
177,20.778579665387902,0.041008618,0.46549282277114573,0.42808548
178,21.11229230657014,0.03741627,0.47296883132610457,0.37847096
179,21.220550997956963,0.039038744,0.47539410026434226,0.40087923
180,21.11229230657014,0.058638513,0.47296883132610457,0.67157483
181,21.32887021752592,0.06732577,0.47782072518719554,0.79155594
182,21.48906955914574,0.051713407,0.48140959627162805,0.5759311
183,21.32887021752592,0.039722584,0.47782072518719554,0.41032386
184,21.64933333294426,0.0546505,0.4849999108000892,0.6164957
185,21.918211255551945,0.04473651,0.49102345741352693,0.47957197
186,22.03274559447246,0.043387648,0.4935893167545841,0.46094263
187,21.918211255551945,0.0381253,0.49102345741352693,0.3882635
188,22.147282446900924,0.033293832,0.4961552324045869,0.32153532
189,22.279807275767965,0.04138583,0.4991241242956598,0.43329525
190,22.147282446900924,0.057378132,0.4961552324045869,0.6541675
191,22.41233293210495,0.04631585,0.5020930347241556,0.50138456
192,22.718369673962485,0.05743309,0.5089490330230312,0.6549266
193,22.839550810117665,0.049933244,0.5116637974604413,0.55134493
194,22.718369673962485,0.051410478,0.5089490330230312,0.57174724
195,22.960732030584094,0.044549167,0.514378563786637,0.47698462
196,23.258942625613894,0.039098807,0.5210592365706347,0.40170878
197,23.363680167833945,0.046294738,0.5234056228474281,0.5010929
198,23.258942625613894,0.05342683,0.5210592365706347,0.59959537
199,23.468558923201225,0.0404184,0.5257551726564539,0.41993392
200,23.62057323198162,0.04224494,0.5291606782701828,0.44516057
201,23.468558923201225,0.047276378,0.5257551726564539,0.5146506
202,23.772594145666286,0.037908096,0.5325663318504994,0.38526368
203,23.98684596861137,0.06296943,0.5373661154474842,0.7313899
204,24.14684906276933,0.031003645,0.5409505900916185,0.2899052
205,23.98684596861137,0.03996585,0.5373661154474842,0.41368365
206,24.306938663184603,0.042164125,0.5445370026950623,0.4440444
207,24.463750095842265,0.029877374,0.5480499760361707,0.27435008
208,24.306938663184603,0.04679918,0.5445370026950623,0.50805986
209,24.620577631675143,0.060573235,0.5515633101291979,0.6982956
210,24.85735415086948,0.03947633,0.5568677039838603,0.40692282
211,24.96267547481115,0.036024146,0.5592271684501091,0.35924414
212,24.85735415086948,0.03331509,0.5568677039838603,0.3218289
213,25.068034398727537,0.03692968,0.5615874752510434,0.3717506
214,25.398327500156,0.0447271,0.5689868774528156,0.479442
215,25.51540289181785,0.06208821,0.5716096628125144,0.71921915
216,25.398327500156,0.039550878,0.5689868774528156,0.4079524
217,25.632533666101242,0.032147415,0.574233688883236,0.30570197
218,25.800121291629964,0.037940286,0.5779880762439287,0.38570824
219,25.632533666101242,0.045807336,0.574233688883236,0.4943613
220,25.967713680743643,0.042526454,0.581742570320992,0.44904858
221,26.265242207366423,0.0465208,0.5884079630447921,0.5042151
222,26.384097710823326,0.04628646,0.5910706274182479,0.5009786
223,26.265242207366423,0.044891205,0.5884079630447921,0.4817085
224,26.502953866703113,0.05242611,0.5937333064076289,0.5857743
225,26.614207078689756,0.04182386,0.5962256601933058,0.4393449
226,26.502953866703113,0.0406327,0.5937333064076289,0.4228936
227,26.725531583980352,0.04447445,0.5987196111295983,0.47595263
228,26.93663343562859,0.05338306,0.603448827389728,0.5989909
229,27.10398288027417,0.041531827,0.607197878895256,0.4353116
230,26.93663343562859,0.04244645,0.603448827389728,0.44794363
231,27.271365556606263,0.04761031,0.6109476748747474,0.5192625
232,27.38207168620574,0.05677965,0.6134277726290309,0.64590174
233,27.271365556606263,0.03442688,0.6109476748747474,0.337184
234,27.49279849067502,0.044963714,0.6159083335527735,0.4827099
235,27.798850850168726,0.051332314,0.6227646817262633,0.5706677
236,27.915138023136443,0.03715954,0.6253698089904232,0.37492526
237,27.798850850168726,0.028317796,0.6227646817262633,0.25281048
238,28.031426157088916,0.03283694,0.627974957783076,0.31522512
239,28.265929649250186,0.03223284,0.6332284300739504,0.3068818
240,28.37292667103455,0.024462022,0.635625434416912,0.19955777
241,28.265929649250186,0.038816568,0.6332284300739504,0.39781073
242,28.479925614716624,0.037213594,0.6380224818152511,0.3756718
243,28.81316622884992,0.035790067,0.64548791576853,0.35601124
244,28.924849329616634,0.032113224,0.6479899001519155,0.30522975
245,28.81316622884992,0.039912906,0.64548791576853,0.41295242
246,29.036532440041672,0.027598256,0.650491884751672,0.2428728
247,29.283475479395015,0.030017775,0.6560240344126882,0.27628917
248,29.44958491325962,0.028775368,0.6597453065354094,0.2591301
249,29.283475479395015,0.039141662,0.6560240344126882,0.40230066
250,29.6157267779466,0.033381395,0.6634673051907087,0.32274467
251,29.737385171711214,0.027712306,0.6661927614076045,0.24444796
252,29.6157267779466,0.031210944,0.6634673051907087,0.2927682
253,29.859052496333277,0.0581183,0.6689184176983315,0.6643901
254,30.16387566483342,0.031445123,0.6757472288796624,0.2960025
255,30.269008195997106,0.040411614,0.6781024639094166,0.41984016
256,30.16387566483342,0.045927733,0.6757472288796624,0.49602422
257,30.374177327539172,0.033201683,0.680458518880366,0.32026264
258,30.67255639447217,0.032949194,0.6871429658617844,0.31677547
259,30.78365862421774,0.03620962,0.6896319372627787,0.36180577
260,30.67255639447217,0.03158025,0.6871429658617844,0.2978688
261,30.894767531906304,0.041141678,0.6921210582666134,0.4299232
262,31.15278314437607,0.032033388,0.6979012616155286,0.30412713
263,31.26879900928537,0.03980422,0.7005003108918766,0.41145134
264,31.15278314437607,0.038715653,0.6979012616155286,0.39641696
265,31.384831327303477,0.034320813,0.7030997287595425,0.3357191
266,31.54282844389861,0.03878816,0.7066392644245371,0.39741835
267,31.384831327303477,0.026709646,0.7030997287595425,0.23060007
268,31.70082631875239,0.029166268,0.7101788170764461,0.26452887
269,31.94848356577354,0.03621684,0.7157269667985197,0.36190546
270,32.27280569796568,0.04673135,0.7229926041631735,0.50712305
271,32.393037269693544,0.037640747,0.7256860959518852,0.38157126
272,32.27280569796568,0.03650229,0.7229926041631735,0.36584786
273,32.51327126077896,0.03268929,0.7283796419403349,0.31318587
274,32.777886620735224,0.03201976,0.7343076963520534,0.30393893
275,32.90420118780371,0.034981184,0.737137462646415,0.3448396
276,32.777886620735224,0.055455342,0.7343076963520534,0.6276116
277,33.030516241483106,0.057241052,0.7399672398420939,0.6522743
278,33.18925591464394,0.043049876,0.7435234106552747,0.4562776
279,33.030516241483106,0.051115174,0.7399672398420939,0.56766874
280,33.34799867352063,0.026852295,0.7470796505963078,0.23257022
281,33.57627995391525,0.045136023,0.7521937295809129,0.48508972
282,33.729249244835984,0.040826224,0.7556206292138367,0.4255664
283,33.57627995391525,0.039135825,0.7521937295809129,0.40222004
284,33.882218576538094,0.02776764,0.7590475297603664,0.24521218
285,34.00159557414142,0.029748503,0.7617218769238003,0.27257022
286,33.882218576538094,0.02488054,0.7590475297603664,0.20533799
287,34.12097313531298,0.028992075,0.7643962367125904,0.26212308
288,34.35547981718064,0.037584335,0.7696497804609683,0.38079214
289,34.5106519768472,0.030945567,0.7731260299343143,0.28910306
290,34.35547981718064,0.034149487,0.7696497804609683,0.33335292
291,34.66582417153903,0.030309645,0.7766022801923151,0.28032026
292,34.89537908785828,0.03258362,0.7817448918481271,0.31172648
293,35.088904070476374,0.026590688,0.7860803417145918,0.22895712
294,35.205691486411986,0.042222217,0.7886966756884954,0.44484672
295,35.088904070476374,0.028166486,0.7860803417145918,0.2507207
296,35.322478991273755,0.027652446,0.7913130116545701,0.24362123
297,35.60543723936068,0.025014957,0.7976519932283573,0.20719445
298,35.730851200764555,0.031889923,0.8004615836743321,0.30214572
299,35.60543723936068,0.03169089,0.7976519932283573,0.29939687
300,35.856271429754365,0.025452899,0.8032713145301096,0.21324293
301,36.086889392557005,0.029720467,0.8084377411201595,0.272183
302,36.21289216259081,0.03286653,0.8112605223710707,0.3156338
303,36.086889392557005,0.028756035,0.8084377411201595,0.2588631
304,36.33891564443178,0.039219715,0.8140837676189313,0.40337867
305,36.488168560054596,0.04021444,0.8174274110305076,0.417117
306,36.33891564443178,0.047767073,0.8140837676189313,0.52142763
307,36.63749610671427,0.042782627,0.8207727263663721,0.45258665
308,36.882282131771774,0.03134833,0.8262565534428085,0.29466566
309,36.99790076368383,0.03429178,0.8288467036937099,0.33531818
310,36.882282131771774,0.037212424,0.8262565534428085,0.37565562
311,37.11354055976118,0.03058856,0.8314373280755291,0.2841724
312,37.41154144731897,0.03647183,0.8381133028809029,0.36542717
313,37.525836696268435,0.038153224,0.8406738060009233,0.38864917
314,37.41154144731897,0.045690507,0.8381133028809029,0.49274784
315,37.64015075316387,0.032791633,0.8432347304665795,0.31459936
316,37.76353681425645,0.033976726,0.845998890808312,0.3309669
317,37.64015075316387,0.036871083,0.8432347304665795,0.3709413
318,37.8869255219371,0.02821518,0.8487631104403222,0.25139323
319,38.13087265491787,0.027133923,0.8542281442090789,0.23645982
320,38.2285922314896,0.02636846,0.8564173102767744,0.2258879
321,38.13087265491787,0.030551812,0.8542281442090789,0.28366485
322,38.32631539173015,0.037936985,0.85860655662773,0.38566267
323,38.48004717499396,0.031546474,0.8620505380207565,0.29740226
324,38.32631539173015,0.027902475,0.85860655662773,0.24707441
325,38.63379487251105,0.03857619,0.8654948759333717,0.3944908
326,38.95336180512291,0.030495318,0.8726539847811051,0.2828846
327,39.05490716171125,0.027656175,0.8749288580130011,0.24367273
328,38.95336180512291,0.043980923,0.8726539847811051,0.46913645
329,39.156458868543346,0.042792525,0.8772038735064442,0.4527233
330,39.408338644496006,0.040785763,0.882846618573494,0.4250076
331,39.55043372436849,0.029160777,0.8860299083313553,0.26445302
332,39.408338644496006,0.027817216,0.882846618573494,0.24589689
333,39.69254454842506,0.031708322,0.8892135507988248,0.2996376
334,39.799923817258765,0.028965801,0.8916191184440361,0.26176018
335,39.69254454842506,0.039091818,0.8892135507988248,0.40161225
336,39.9073050222424,0.028913783,0.8940247294639107,0.26104176
337,40.191856831092394,0.03155265,0.9003994108357496,0.2974876
338,40.30988943891318,0.02963505,0.9030436402623191,0.27100328
339,40.191856831092394,0.032335766,0.9003994108357496,0.30830333
340,40.42801279701604,0.027340356,0.9056899027251042,0.2393109
341,40.66842672292022,0.029320342,0.9110757837046906,0.26665682
342,40.8441927760523,0.027400475,0.915013388562066,0.24014121
343,40.66842672292022,0.032291356,0.9110757837046906,0.30768996
344,41.01996773171465,0.026398588,0.9189511928586723,0.226304
345,41.25511988416901,0.033207443,0.9242191967833596,0.32034218
347,41.25511988416901,0.030751687,0.9242191967833596,0.28642535
348,41.59180198602758,0.03170522,0.9317617287799874,0.29959473
349,41.8509082446195,0.025396198,0.9375663653649668,0.21245982
350,41.982176359774215,0.026483353,0.9405071036852575,0.2274747
352,42.113446859483986,0.028275758,0.943447895425622,0.2522299
354,42.5368411076311,0.024931656,0.9529329991665368,0.20604396
355,42.424202766701214,0.025381735,0.9504096149835914,0.21226007
356,42.64947946302169,0.029989166,0.9554563836734387,0.27589405
357,42.79060149612654,0.028168762,0.9586178747186908,0.25075215
358,42.64947946302169,0.026630972,0.9554563836734387,0.22951348
359,42.93172430532131,0.029668946,0.961779383150323,0.27147144
360,43.163295207956,0.025478125,0.9669671580066883,0.21359132
361,43.46578071533321,0.02563941,0.973743599656881,0.21581885
362,43.60632892453442,0.027860178,0.9768922355930263,0.24649024
363,43.46578071533321,0.02505691,0.973743599656881,0.20777386
364,43.74688268188118,0.022725236,0.9800409958216872,0.17557073
365,43.883293163562534,0.029543176,0.9830969361793045,0.2697344
366,43.74688268188118,0.024029778,0.9800409958216872,0.19358797
367,44.0197046820832,0.02513048,0.9861528997647491,0.20878996
368,44.325423384594906,0.026144525,0.9930017731765906,0.22279508
369,44.403790090069464,0.029825889,0.994757385905183,0.273639
370,44.325423384594906,0.022789508,0.9930017731765906,0.1764584
371,44.48215682030137,0.025465537,0.9965129991884027,0.21341747
372,44.5874395784552,0.02342028,0.9988715996833053,0.1851701
373,44.61262422017929,0.035703152,0.9994357994580453,0.35481083
374,44.5874395784552,0.03245547,0.9988715996833053,0.30995658
375,44.63780889615017,0.026318042,1.0,0.22519155
376,44.60494393057037,0.026530491,0.9992637415143683,0.22812574
377,44.533648796151454,0.03083989,0.9976665498917959,0.28764355
378,44.5014128181875,0.04145974,0.9969443823221701,0.434316
379,44.533648796151454,0.044186655,0.9976665498917959,0.47197786
380,44.46917771815414,0.03765176,0.9962222344204137,0.38172334
381,44.37909524737347,0.04007517,0.9942041588694778,0.4151935
382,44.35885378242191,0.03576027,0.9937506987769662,0.35559967
383,44.37909524737347,0.031845417,0.9942041588694778,0.30153102
384,44.33861232663784,0.03262869,0.9932972388898298,0.31234893
385,44.32641761426106,0.031194571,0.9930240464397893,0.2925421
386,44.33861232663784,0.03593994,0.9932972388898298,0.35808113
387,44.31422297192659,0.032894887,0.9927508555588739,0.31602544
388,44.29384919785421,0.038381234,0.9922944314068779,0.39179826
389,44.28586982361776,0.03481523,0.9921156732098747,0.3425476
390,44.29384919785421,0.03859832,0.9922944314068779,0.3947965
391,44.27789047905454,0.036440294,0.9919369156776271,0.36499164
392,44.267011489729626,0.029104741,0.9916931987570626,0.26367912
393,44.27861927992169,0.03364984,0.9919532426633186,0.3264522
394,44.267011489729626,0.036973033,0.9916931987570626,0.37234938
395,44.29022721339663,0.031204514,0.9922132897794741,0.29267943
396,44.305579989849804,0.0323925,0.9925572308651328,0.30908692
397,44.30710509056534,0.034577984,0.9925913969846903,0.33927095
398,44.305579989849804,0.031330965,0.9925572308651328,0.29442585
399,44.30863019882166,0.034012254,0.9926255632731807,0.33145759
400,44.29478727437997,0.03742048,0.9923154466974793,0.37852916
401,44.30863019882166,0.037715565,0.9926255632731807,0.3826046
402,44.280946638609144,0.03678035,0.9920053813938031,0.36968818
403,44.27373114057223,0.029428443,0.991843735958793,0.26814982
404,44.27120926722922,0.03236605,0.9917872396072611,0.30872157
405,44.27373114057223,0.03339685,0.991843735958793,0.32295814
406,44.26874466825863,0.033725686,0.9917320263467643,0.32749975
407,44.292384816394,0.03522447,0.9922616255524593,0.3481997
408,44.29498039333661,0.029292962,0.9923197730513352,0.26627865
409,44.292384816394,0.034161977,0.9922616255524593,0.33352542
410,44.297649819631914,0.024347588,0.9923795749627936,0.1979773
411,44.28098409132752,0.035626147,0.9920062204295734,0.3537473
412,44.26938920165899,0.033403054,0.9917464655277254,0.3230438
413,44.28098409132752,0.028979143,0.9920062204295734,0.26194447
414,44.25783023035869,0.027561983,0.9914875152883177,0.24237183
415,44.2467218034266,0.03548546,0.9912386583841194,0.3518043
416,44.249007951550425,0.033013605,0.99128987389358,0.31766507
417,44.2467218034266,0.030319063,0.9912386583841194,0.2804503
418,44.251330747497605,0.026826225,0.9913419104071236,0.23221016
419,44.25680099507381,0.032211892,0.99146445781058,0.3065925
420,44.251330747497605,0.03586594,0.9913419104071236,0.35705912
421,44.26230765186308,0.048762616,0.9915878208726443,0.5351772
422,44.26535566756681,0.039056666,0.9916561041459299,0.40112677
423,44.26406367114224,0.040145557,0.9916271601530118,0.41616562
424,44.26535566756681,0.04283583,0.9916561041459299,0.45332146
425,44.26281403564411,0.057213303,0.9915991651521587,0.651891
426,44.26465032833701,0.054794446,0.9916403027603503,0.6184838
427,44.26638651731562,0.04412645,0.9916791977917495,0.4711464
428,44.26465032833701,0.051851388,0.9916403027603503,0.5778367
429,44.26817340372669,0.03663375,0.9917192285740675,0.36766344
430,44.24808344683687,0.046912357,0.9912691626459535,0.509623
431,44.26817340372669,0.058671817,0.9917192285740675,0.6720348
432,44.22805454899028,0.034388352,0.9908204645950883,0.33665192
433,44.20628961972707,0.038020115,0.9903328750426118,0.38681078
434,44.20067850832397,0.036342036,0.9902071719325833,0.36363456
435,44.20628961972707,0.044326205,0.9903328750426118,0.47390518
436,44.19513383637469,0.036656406,0.9900829572346311,0.36797637
437,44.210505768237596,0.04174221,0.9904273274499944,0.43821722
438,44.214510076794944,0.037109416,0.9905170341057727,0.37423298
439,44.210505768237596,0.035376493,0.9904273274499944,0.3502993
440,44.21857268429822,0.04134774,0.9906080468056284,0.43276912
441,44.22317972735575,0.044375066,0.9907112562411149,0.47458002
442,44.21857268429822,0.04238117,0.9906080468056284,0.44704202
443,44.227867151351006,0.029925354,0.9908162664132352,0.27501273
444,44.251592805746036,0.030973515,0.9913477811757592,0.28948906
445,44.227867151351006,0.032489035,0.9908162664132352,0.31042016
446,44.275360963683035,0.0287016,0.9918802481252973,0.25811127
447,44.300488629116494,0.02502771,0.9924431714867894,0.20737056
448,44.30553672239621,0.02502771,0.9925562615645632,0.20737056
449,44.300488629116494,0.024674678,0.9924431714867894,0.2024948
450,44.31064173915312,0.030964116,0.99267062687243,0.28935924
451,44.278311808953546,0.030190911,0.9919463545347176,0.27868038
452,44.26801408131284,0.03255815,0.9917156593483866,0.31137472
453,44.278311808953546,0.025304388,0.9919463545347176,0.21119182
454,44.25775914897679,0.033408146,0.9914859228852929,0.32311413
455,44.253000969528564,0.03567732,0.9913793276117817,0.35445407
456,44.25775914897679,0.036309663,0.9914859228852929,0.36318746
457,44.2482565991355,0.02660764,0.9912730416960887,0.22919124
458,44.25453721252252,0.030791637,0.9914137433466027,0.2869771
459,44.2482565991355,0.033841945,0.9912730416960887,0.3291054
460,44.26081831010147,0.034275465,0.9915544558442425,0.3350928
461,44.26449274241307,0.025899401,0.9916367724364424,0.21940964
462,44.26081831010147,0.0272559,0.9915544558442425,0.23814447
463,44.26816877221526,0.025040707,0.9917191248164785,0.20755008
464,44.27198866621584,0.031723294,0.9918047001190088,0.29984438
465,44.27002018768264,0.030610364,0.9917606012131288,0.2844735
466,44.27198866621584,0.030586733,0.9918047001190088,0.28414714
467,44.268051735030205,0.04572365,0.9917165028870435,0.49320555
468,44.26805380354721,0.022641167,0.9917165492270646,0.17440964
469,44.267523056074154,0.034272444,0.9917046591391283,0.3350511
470,44.26805380354721,0.037995115,0.9917165492270646,0.38646552
471,44.26699237564076,0.034973446,0.9916927705530504,0.34473276
472,44.270260819407454,0.04566755,0.9917659919733557,0.4924308
473,44.26699237564076,0.04847428,0.9916927705530504,0.5311949
474,44.27352980461042,0.06155593,0.9918392255232051,0.71186775
475,44.274256623822914,0.053456545,0.9918555081148123,0.60000587
476,44.2759772060021,0.048191164,0.9918940535143679,0.52728474
477,44.274256623822914,0.042951465,0.9918555081148123,0.45491847
478,44.27769778859579,0.036640767,0.9919325989232093,0.3677604
479,44.320715578596364,0.03843285,0.992896306395963,0.39251116
480,44.3248338170053,0.038458534,0.9929885653690349,0.39286587
481,44.320715578596364,0.052703068,0.992896306395963,0.58959943
482,44.32895205566391,0.037558563,0.9930808243477002,0.3804362
483,44.32896368787581,0.024948047,0.9930810849387145,0.20627035
484,44.3238625997694,0.028977511,0.9929668076425712,0.2619219
485,44.32896368787581,0.033939995,0.9930810849387145,0.3304596
486,44.31876175635912,0.03675256,0.9928525358282413,0.36930436
487,44.31723581696876,0.0497758,0.992818350920243,0.5491705
488,44.31876175635912,0.047669277,0.9928525358282413,0.52007693
489,44.31570988943038,0.042871702,0.992784166277759,0.45381683
490,44.31402337950702,0.04924073,0.9927463841830491,0.54178053
491,44.31398746998704,0.03356538,0.9927455797188321,0.3252857
492,44.31402337950702,0.050666425,0.9927463841830491,0.561471
493,44.31395174738376,0.030436955,0.9927447794420228,0.28207853
494,44.31353464406138,0.04499407,0.9927354352709558,0.48312926
495,44.31395174738376,0.02816144,0.9927447794420228,0.25065103
496,44.313117541074874,0.03732713,0.9927260911074133,0.37723985
497,44.313213427222415,0.03770044,0.9927282392000261,0.3823957
498,44.313117541074874,0.031183407,0.9927260911074133,0.2923879
499,44.31330934021793,0.03413545,0.9927303878941014,0.33315906
500,44.274978704762994,0.036852486,0.9918716845571139,0.37068447
501,44.26987947808263,0.046885014,0.9917574489616297,0.50924534
502,44.274978704762994,0.047415666,0.9918716845571139,0.51657426
503,44.26478025407769,0.040175695,0.9916432134260817,0.41658184
504,44.26348373399776,0.028573895,0.9916141680918238,0.2563475
505,44.26478025407769,0.0383974,0.9916432134260817,0.39202157
506,44.262187257879894,0.040753927,0.9915851237424275,0.4245679
507,44.24409807616558,0.049201887,0.9911798802467979,0.54124403
508,44.262187257879894,0.056846783,0.9915851237424275,0.64682895
509,44.226009017233935,0.07344004,0.9907746395018114,0.8760011
510,44.22107203309797,0.06916533,0.9906640385503299,0.81696236
511,44.226009017233935,0.049120434,0.9907746395018114,0.5401191
512,44.21613505287218,0.058125902,0.9905534376864462,0.66449505
513,44.21788065918295,0.04219347,0.9905925436899428,0.44444963
514,44.2218091550306,0.04432486,0.9906805519489679,0.47388667
515,44.21788065918295,0.041955847,0.9905925436899428,0.4411678
516,44.22573788557706,0.041574564,0.990768565465841,0.43590182
517,44.22477452369724,0.0525935,0.9907469837192535,0.5880862
518,44.22573788557706,0.055175215,0.990768565465841,0.6237427
519,44.2238111630758,0.047716532,0.9907254020008569,0.52072954
520,44.219826633003095,0.045944195,0.9906361384332392,0.49625152
521,44.2170955383178,0.03190514,0.9905749549936208,0.3023559
522,44.219826633003095,0.031396322,0.9906361384332392,0.2953285
523,44.21436455238278,0.033542436,0.9905137739902842,0.32496884
524,44.21378439893488,0.033829834,0.9905007770833514,0.32893813
525,44.21436455238278,0.04954951,0.9905137739902842,0.54604506
526,44.21320425545289,0.037580717,0.9904877803996803,0.3807422
527,44.21262776831051,0.047283612,0.9904748656272793,0.5147505
528,44.22421878556863,0.044010874,0.9907345337773241,0.4695501
529,44.21262776831051,0.037782133,0.9904748656272793,0.38352397
530,44.23581004111878,0.04513468,0.9909942072657142,0.4850712
531,44.23768710482552,0.037277587,0.9910362582479008,0.37655562
532,44.23581004111878,0.050693326,0.9909942072657142,0.56184256
533,44.23956418891264,0.050250042,0.9910783096866594,0.55572027
534,44.2389309151421,0.052114554,0.9910641227499303,0.5814714
535,44.23947928550672,0.051945284,0.9910764076352815,0.57913357
536,44.238158346063365,0.0396122,0.9910468152454214,0.40879932
537,44.23947928550672,0.049172353,0.9910764076352815,0.5408361
538,44.236837482467614,0.04068167,0.9910172245547398,0.42356998
539,44.23184728263162,0.043664586,0.9909054314367666,0.46476746
540,44.236837482467614,0.05936345,0.9910172245547398,0.68158704
541,44.226857184312685,0.033830546,0.9907936405930327,0.32894796
542,44.232463806998695,0.037122965,0.9909192431444269,0.3744201
543,44.23147314779892,0.038607545,0.9908970498687204,0.39492387
544,44.232463806998695,0.03509038,0.9909192431444269,0.34634772
545,44.2304825056288,0.02866437,0.990874856974521,0.25759706
546,44.22386878399213,0.039845344,0.9907266928553534,0.4120193
547,44.2304825056288,0.053092156,0.990874856974521,0.59497315
548,44.217256314641645,0.07251956,0.9905785567905687,0.8632883
549,44.2140990509742,0.049174413,0.9905078260861385,0.54086465
550,44.217256314641645,0.066507675,0.9905785567905687,0.7802571
551,44.210942039290636,0.049874883,0.9904371010267856,0.5505389
552,44.20699695835056,0.054545417,0.9903487212196751,0.6150444
553,44.20628601625937,0.0370042,0.9903327943158067,0.37277982
554,44.21661280125881,0.03990058,0.9905641404605843,0.41278216
555,44.20628601625937,0.043896683,0.9903327943158067,0.46797302
556,44.2269436940357,0.05867018,0.9907955786299827,0.67201215
557,44.22880068566908,0.055810653,0.9908371799468776,0.6325188
558,44.22768018084637,0.056266468,0.9908120778002799,0.6388141
559,44.229163124623575,0.042814184,0.990845299497623,0.45302242
560,44.22768018084637,0.03581257,0.9908120778002799,0.35632205
561,44.23064759368448,0.042300925,0.990878555365185,0.44593376
562,44.228642141438854,0.039845232,0.9908336281544813,0.41201776
563,44.22948245744041,0.030692054,0.9908524533616843,0.28560174
564,44.23065683562125,0.041751485,0.9908787624079811,0.4383453
565,44.22948245744041,0.033411317,0.9908524533616843,0.32315794
566,44.23183148982659,0.047163244,0.990905077637926,0.513088
567,44.23189676194652,0.037628006,0.9909065398987661,0.3813953
568,44.228932542377024,0.056842778,0.9908401338711674,0.6467736
569,44.23189676194652,0.03758878,0.9909065398987661,0.38085353
570,44.22596861113826,0.03849806,0.9907737343029078,0.39341176
571,44.227068644978004,0.04460595,0.9907983778476279,0.4777688
572,44.22596861113826,0.037772313,0.9907737343029078,0.38338834
573,44.228168721254626,0.042609263,0.9908230223430418,0.45019224
574,44.223700666374896,0.042757295,0.9907229265948359,0.45223677
575,44.22989981558156,0.035600554,0.9908618032413372,0.35339385
576,44.22297410343985,0.034655284,0.9907066497444929,0.34033856
577,44.22989981558156,0.033804107,0.9908618032413372,0.32858282
578,44.216049536919755,0.03669646,0.9905515219124748,0.3685296
579,44.21637995107619,0.03571923,0.9905589240266154,0.3550329
580,44.216049536919755,0.046326395,0.9905515219124748,0.5015301
581,44.21671041071751,0.039182257,0.9905663271597326,0.40286133
582,44.22384702267872,0.041759063,0.9907262053468051,0.43844998
583,44.21671041071751,0.0420466,0.9905663271597326,0.44242123
584,44.230984215131556,0.04710588,0.9908860965383608,0.5122958
585,44.24120999932551,0.043463487,0.9911151800092307,0.46199006
586,44.24131387189602,0.048964728,0.9911175070179499,0.5379686
587,44.24120999932551,0.0303512,0.9911151800092307,0.28089416
588,44.24141774638208,0.037402786,0.9911198340695824,0.37828475
589,44.22472039585329,0.042596724,0.9907457711184272,0.45001906
590,44.22312933152654,0.04685288,0.9907101272468732,0.5088015
591,44.22472039585329,0.02818642,0.9907457711184272,0.25099602
592,44.22153836276637,0.035493273,0.9906744855162525,0.35191217
593,44.22125635189641,0.03108869,0.9906681677583488,0.29107973
594,44.22153836276637,0.037240572,0.9906744855162525,0.3760444
595,44.22097436124351,0.032513764,0.9906618504533585,0.3107617
596,44.22019089591991,0.02961207,0.9906442988453612,0.2706859
597,44.22097436124351,0.03554135,0.9906618504533585,0.35257614
598,44.219408550398825,0.03695482,0.990626772323777,0.37209782
599,44.221167129674114,0.032261092,0.9906661689545432,0.307272
600,44.219408550398825,0.039889555,0.990626772323777,0.41262993
601,44.22293108613756,0.029204749,0.990705686047946,0.26506034
602,44.232153636850725,0.03666451,0.9909122945473601,0.36808828
603,44.24197447226227,0.03117082,0.9911323061396493,0.29221407
604,44.243766181426096,0.028649028,0.9911724449638464,0.2573852
605,44.24197447226227,0.041390095,0.9911323061396493,0.4333541
606,44.24555895351501,0.03948552,0.9912126076002581,0.40704975
607,44.24649309568236,0.038343813,0.9912335347512643,0.39128143
608,44.24555895351501,0.038906228,0.9912126076002581,0.39904904
609,44.24742794022103,0.03895217,0.9912544776371672,0.39968356
610,44.23587351285302,0.04145041,0.9909956291933537,0.43418717
611,44.23431843461416,0.040793333,0.9909607915013318,0.42511216
612,44.23587351285302,0.042693708,0.9909956291933537,0.4513585
613,44.23276341179504,0.029379493,0.9909259550508523,0.26747376
614,44.23308732522661,0.0494706,0.9909332115322877,0.54495525
615,44.23276341179504,0.042051412,0.9909259550508523,0.44248772
616,44.23341123981461,0.05017968,0.99094046803963,0.5547485
617,44.24923411453743,0.04543861,0.9912949405174264,0.48926884
618,44.24287079026761,0.037544258,0.9911523859336066,0.38023865
619,44.24923411453743,0.048976056,0.9912949405174264,0.5381251
620,44.23650770711527,0.049843494,0.9910098367514292,0.55010533
621,44.177945351688976,0.050938826,0.9896978916341735,0.5652332
622,44.15778476921118,0.037890468,0.9892462435139735,0.3850202
623,44.177945351688976,0.040492777,0.9896978916341735,0.4209611
624,44.137625247590954,0.031659868,0.9887946191596704,0.29896837
625,44.114854356904864,0.037805766,0.9882844935229245,0.38385037
626,44.137625247590954,0.030182263,0.9887946191596704,0.27856094
627,44.09208543112737,0.033453573,0.987774411905109,0.32374153
628,44.028559179988456,0.03770745,0.9863512629488796,0.38249254
629,43.978775982855744,0.02903082,0.9852359932175958,0.26265818
630,43.9498314594033,0.031631593,0.9845875625672521,0.29857787
631,43.978775982855744,0.041084327,0.9852359932175958,0.42913112
632,43.920887144943535,0.031322267,0.983939136598874,0.2943057
633,43.86463894917027,0.04367576,0.9826790345202947,0.4649218
634,43.823895056565334,0.0373587,0.9817662681096555,0.3776759
635,43.86463894917027,0.04081266,0.9826790345202947,0.42537907
636,43.78315168836081,0.03485869,0.9808535134469141,0.3431478
637,43.73162170822417,0.044845097,0.9796991113512259,0.48107174
638,43.78315168836081,0.03876219,0.9808535134469141,0.3970597
639,43.680092173586274,0.034326028,0.9785447192358383,0.33579114
640,43.59280020443337,0.038380295,0.9765891579905274,0.3917853
641,43.510402254028634,0.038815923,0.9747432351631675,0.39780182
642,43.59280020443337,0.046766263,0.9765891579905274,0.5076052
643,43.428004369863935,0.03881282,0.9728973138197521,0.39775896
644,43.37071412227848,0.02923865,0.9716138671407554,0.26552856
645,43.428004369863935,0.030418778,0.9728973138197521,0.28182748
646,43.31342418707515,0.04727217,0.9703304274599096,0.5145924
647,43.160457575639136,0.038567357,0.9669035878542316,0.39436883
648,43.1127994764656,0.038386174,0.9658359257007326,0.39186648
649,43.160457575639136,0.03200096,0.9669035878542316,0.30367926
650,43.06514338278597,0.034387354,0.9647683084753778,0.33663812
651,42.98905997593604,0.03405648,0.9630638474202453,0.33206838
652,43.06514338278597,0.028462563,0.9647683084753778,0.2548099
653,42.91297795641391,0.037042003,0.9613594174447703,0.37330192
654,42.713867971140814,0.03192501,0.9568988493703756,0.30263034
655,42.6282120500576,0.03986984,0.9549799397464177,0.41235766
656,42.713867971140814,0.038232647,0.9568988493703756,0.3897461
657,42.54255817976729,0.035443313,0.9530610760654162,0.35122216
658,42.41192656789737,0.038574193,0.9501345970311554,0.39446324
659,42.54255817976729,0.033026606,0.9530610760654162,0.31784463
660,42.281296197646064,0.04522723,0.9472081458122972,0.48634943
661,42.16806297437654,0.041764062,0.9446714347579315,0.43851903
662,42.281296197646064,0.042876124,0.9472081458122972,0.45387796
663,42.054832360054974,0.03604584,0.9421347821506094,0.35954374
664,41.90727362280473,0.033851057,0.9388290926264319,0.32923126
665,42.054832360054974,0.034901224,0.9421347821506094,0.34373528
666,41.75971603236011,0.033990126,0.9355234287936054,0.33115196
667,41.5444081279841,0.032362908,0.9306999862972023,0.30867818
668,41.41466157588495,0.037566286,0.9277933348439241,0.38054287
669,41.5444081279841,0.031771854,0.9306999862972023,0.30051503
670,41.28492165520244,0.043353803,0.9248868319511779,0.46047524
671,40.935295746936255,0.03481475,0.917054325900543,0.34254095
672,40.82075838776203,0.03302949,0.9144883988981514,0.31788445
673,40.935295746936255,0.035480782,0.917054325900543,0.35173965
674,40.70622423044714,0.029999427,0.9119225436255203,0.2760358
675,40.550131286135716,0.02413723,0.9084256662435105,0.19507203
676,40.70622423044714,0.033599608,0.9119225436255203,0.32575846
677,40.3940384890212,0.0249186,0.9049287921590843,0.20586365
678,40.28468092684246,0.0100334,0.9024789057313441,0.00028173055
679,40.3940384890212,0.013995273,0.9049287921590843,0.054999802
680,40.17532909355209,0.016777482,0.9000291476452162,0.09342534
681,39.9525885911964,0.013701793,0.8950391961251071,0.0509465
682,39.83672734078663,0.012343318,0.8924436106052326,0.03218439
683,39.9525885911964,0.011433583,0.8950391961251071,0.019619884
684,39.720871126286134,0.0136760585,0.8898481379024834,0.05059108
685,39.573488065574196,0.010013001,0.8865463839778043,0.0
686,39.720871126286134,0.012410453,0.8898481379024834,0.03311159
687,39.426111046743216,0.021947213,0.8832447654065646,0.16482532
688,39.20565360789261,0.01266638,0.8783059602926419,0.036646247
689,39.08939976453092,0.015100523,0.8757015796960907,0.070264585
690,39.20565360789261,0.014492839,0.8783059602926419,0.061871763
691,38.97314647978116,0.0223557,0.873097211613862,0.17046702
692,38.74904784952624,0.017372387,0.8680768345882719,0.10164166
693,38.59242109883435,0.020644652,0.8645679985910507,0.14683545
694,38.74904784952624,0.022180831,0.8680768345882719,0.16805187
695,38.43579490082391,0.031442795,0.861059174975294,0.29597035
696,38.32360096008291,0.034918226,0.8585457464823765,0.3439701
697,38.43579490082391,0.037777893,0.861059174975294,0.3834654
698,38.211408371764975,0.025963578,0.8560323482871615,0.22029601
699,37.961195017481664,0.032287437,0.8504269352870424,0.30763584
700,37.84402422767691,0.033430282,0.8478020127672711,0.32341987
701,37.961195017481664,0.03116002,0.8504269352870424,0.2920649
702,37.7268548659565,0.02423069,0.8451771222402067,0.19636281
703,37.57168663612342,0.02428276,0.841700960805086,0.19708197
704,37.7268548659565,0.020942321,0.8451771222402067,0.1509466
705,37.416518438453544,0.016042452,0.8382248000905028,0.08327373
706,37.29374493306973,0.024571672,0.8354743625484307,0.20107216
707,37.416518438453544,0.035877015,0.8382248000905028,0.3572121
708,37.170980068253044,0.045593396,0.8327241185769513,0.49140662
709,36.96051059737342,0.036775038,0.8280090692480454,0.3696148
710,36.79726828274139,0.03482915,0.8243520278593918,0.34273985
711,36.96051059737342,0.034262367,0.8280090692480454,0.3349119
712,36.634026797452655,0.0266172,0.8206950050501289,0.22932327
713,36.48037659500557,0.024566432,0.8172528512740656,0.2009998
714,36.634026797452655,0.024379356,0.8206950050501289,0.19841605
715,36.32673371244477,0.032048445,0.8138108614819982,0.3043351
716,36.21721043752352,0.03141976,0.8113572626690265,0.29565224
717,36.32673371244477,0.03252183,0.8138108614819982,0.31087306
718,36.107689192628555,0.03395051,0.8089037093337863,0.33060482
719,35.87525768137589,0.028550768,0.803696654664203,0.25602812
720,35.72600400210114,0.037815884,0.8003529941448888,0.3839901
721,35.87525768137589,0.027783029,0.803696654664203,0.24542473
722,35.576761599129114,0.02884032,0.7970095862433217,0.26002714
723,35.46158314753782,0.029259752,0.794429297146712,0.26582
724,35.576761599129114,0.030186687,0.7970095862433217,0.27862203
725,35.3464061120388,0.032673553,0.7918490397741562,0.31296855
726,35.22678493264833,0.024737392,0.7891692223201058,0.20336094
727,35.3464061120388,0.030673314,0.7918490397741562,0.28534293
728,35.107163934755626,0.028466618,0.7864894089320651,0.25486588
729,34.96703518201556,0.032030746,0.7833501698832561,0.30409065
730,35.107163934755626,0.027827779,0.7864894089320651,0.24604279
731,34.82691026618891,0.027983356,0.7802110167910278,0.24819149
732,34.58958998470475,0.032647174,0.7748944412835632,0.31260422
733,34.47428355363444,0.034927376,0.7723112851224135,0.34409645
734,34.58958998470475,0.03681627,0.7748944412835632,0.37018427
735,34.358977331793966,0.028692072,0.7697281336485423,0.2579797
736,34.02921846872086,0.03485243,0.7623406997393133,0.3430614
737,33.907208463854495,0.030675119,0.7596073665430038,0.28536785
738,34.02921846872086,0.028687475,0.7623406997393133,0.25791618
739,33.78519845898812,0.03488342,0.756874033346694,0.3434894
740,33.559336388640055,0.03387814,0.7518141507957039,0.3296053
741,33.42916908797845,0.037211034,0.7488980735087466,0.37563646
742,33.559336388640055,0.028797843,0.7518141507957039,0.25944048
743,33.29900588256881,0.039320797,0.7459820879658077,0.40477473
744,33.07909764512285,0.039404474,0.7410555863546382,0.4059304
745,32.939359400888826,0.039663892,0.7379250956856378,0.40951326
746,33.07909764512285,0.047955506,0.7410555863546382,0.5240301
747,32.79963486856348,0.037800755,0.734794912198128,0.38378116
748,32.61575462079545,0.030964896,0.7306755288252607,0.28937003
749,32.539916598006094,0.035783954,0.7289765649947153,0.3559268
750,32.61575462079545,0.031437572,0.7306755288252607,0.29589823
751,32.46407870119968,0.028865706,0.727277603986507,0.26037776
752,32.363742650998475,0.029341625,0.7250298222812123,0.26695076
753,32.46407870119968,0.03371506,0.727277603986507,0.327353
754,32.26341822891471,0.02508746,0.7227823010752058,0.2081958
755,31.994002864857,0.034022726,0.7167467144117898,0.33160222
756,31.799347705361996,0.03010821,0.7123859457202112,0.27753818
757,31.994002864857,0.033957038,0.7167467144117898,0.33069497
758,31.60473341519679,0.036348164,0.708026092605154,0.3637192
759,31.325909354091202,0.041179817,0.7017797272928631,0.43044993
760,31.196004524667348,0.037533917,0.6988695300265484,0.3800958
761,31.325909354091202,0.04593259,0.7017797272928631,0.4960913
762,31.066108769903018,0.043473706,0.6959595360555958,0.46213123
763,30.925097031937646,0.0334783,0.6928005159008782,0.32408306
764,31.066108769903018,0.04052015,0.6959595360555958,0.42133918
765,30.784087098723436,0.031616464,0.6896415361771585,0.29836893
766,30.616877178542694,0.03363582,0.6858956103730995,0.3262586
767,30.516256258245406,0.031337764,0.6836414468559927,0.29451975
768,30.616877178542694,0.035137117,0.6858956103730995,0.34699324
769,30.415637098651796,0.030983837,0.6813873227831087,0.2896316
770,30.1885746040657,0.028462147,0.6763005476881582,0.25480413
771,30.064547229287147,0.030444458,0.6735220202952231,0.28218216
772,30.1885746040657,0.03032095,0.6763005476881582,0.28047636
773,29.940523827205602,0.030798469,0.6707435819007651,0.28707147
774,29.733007226942362,0.03653264,0.6660946843541578,0.36626703
775,29.62069250841044,0.044428345,0.6635785501327576,0.47531587
776,29.733007226942362,0.042972203,0.6660946843541578,0.45520484
777,29.50837935368714,0.05358841,0.6610624509446322,0.60182697
778,29.1466263360481,0.052508917,0.652958266922503,0.58691794
779,29.008573460869357,0.05101658,0.6498655327898774,0.56630707
780,29.1466263360481,0.040262915,0.652958266922503,0.41778645
781,28.87052979207583,0.04395474,0.646773004903603,0.46877486
782,28.67821609625118,0.03452582,0.6424646909298579,0.3385505
783,28.520355618338904,0.037536006,0.6389282163175054,0.3801247
784,28.67821609625118,0.03528412,0.6424646909298579,0.34902352
785,28.362495580244733,0.030879611,0.6353917515581927,0.28819212
786,28.23091110137963,0.03374313,0.632443925889347,0.32774064
787,28.362495580244733,0.053247422,0.6353917515581927,0.5971176
788,28.099331686462868,0.04878353,0.6294962136657726,0.535466
789,27.865996464015485,0.04540669,0.6242689135760607,0.48882803
790,27.713918137323162,0.03720496,0.6208619737989285,0.37555254
791,27.865996464015485,0.04474027,0.6242689135760607,0.4796239
792,27.561884339069604,0.038756832,0.6174560315716282,0.3969857
793,27.352717464499225,0.041995797,0.6127701636999097,0.44171956
794,27.235767995228713,0.039268013,0.6101501993207755,0.4040457
795,27.352717464499225,0.041944876,0.6127701636999097,0.44101632
796,27.118831247171922,0.03548898,0.6075305199290553,0.3518529
797,26.81972498471822,0.0338938,0.6008297819257726,0.3298216
798,26.56034812728346,0.034725185,0.5950190832412069,0.34130397
799,26.43366109292741,0.03224037,0.5921809727360342,0.30698577
800,26.56034812728346,0.030792657,0.5950190832412069,0.2869912
801,26.30697600676033,0.028945707,0.58934290587523,0.26148266
802,26.19764629403382,0.02624097,0.5868936433457705,0.2241271
803,26.30697600676033,0.035116047,0.58934290587523,0.34670222
804,26.088347520023863,0.042600013,0.5844450739219388,0.45006454
805,25.780903228861717,0.029381262,0.5775575429529027,0.2674982
806,25.535617438195537,0.03298724,0.5720625198607784,0.31730095
807,25.419405668212285,0.021035532,0.5694590818144886,0.15223396
808,25.535617438195537,0.024151813,0.5720625198607784,0.19527343
809,25.3032038539612,0.030009458,0.5668558668018201,0.2761743
812,25.013360145737625,0.043880712,0.5603626334780721,0.46775243
813,24.808906158571332,0.031823885,0.555782346223338,0.30123365
815,24.332191448634088,0.032248624,0.5451027290618793,0.3070998
817,24.332191448634088,0.0292805,0.5451027290618793,0.26610655
818,24.105052290191722,0.03463802,0.5400142365023362,0.34010014
819,23.88143911728003,0.034358162,0.5350047349510407,0.33623496
822,23.66201766066213,0.03724148,0.5300891384635791,0.37605694
823,23.338867500926252,0.035823096,0.5228497562508974,0.3564674
824,23.21804717075202,0.03442968,0.5201430747814882,0.33722273
825,23.338867500926252,0.034208115,0.5228497562508974,0.33416265
826,23.09722728095045,0.040419903,0.5174364031775425,0.41995463
827,22.868603391686243,0.03050852,0.5123146488863294,0.28306693
828,22.754227795173758,0.033117615,0.5097523457773533,0.31910157
830,22.639858854605084,0.05020018,0.5071901917783801,0.55503166
832,22.216182369975517,0.03281294,0.4976987652252701,0.31489366
833,22.33585364545154,0.044396866,0.5003797049585451,0.4748811
834,22.096530229833807,0.02971602,0.4950182541719592,0.27212158
835,21.86059932611785,0.02920196,0.4897328042462057,0.26502183
836,21.616019051232374,0.041492645,0.4842535864948485,0.43477044
837,21.50462950575258,0.025603581,0.48175817849355207,0.21532403
838,21.616019051232374,0.039495535,0.4842535864948485,0.40718806
839,21.39329234256703,0.03208734,0.4792639439883465,0.30487227
840,21.235185497109047,0.038964484,0.4757219501188486,0.39985362
841,21.39329234256703,0.031649053,0.4792639439883465,0.298819
842,21.077079479480137,0.03520734,0.47217997479481905,0.34796306
843,20.878942819961352,0.030515227,0.467741211683042,0.28315958
844,20.762792762134683,0.035720505,0.46513915614539475,0.3550505
845,20.878942819961352,0.029015588,0.467741211683042,0.2624478
846,20.64665155503784,0.039108373,0.46253729888651707,0.4018409
847,20.330989186496918,0.025875336,0.4554656621653843,0.21907727
848,20.103784418913325,0.03903434,0.4503756997948704,0.4008184
849,19.754424413958105,0.045021556,0.4425491506520125,0.48350886
850,19.645428433704623,0.031399075,0.4401073645753917,0.29536653
851,19.754424413958105,0.035930306,0.4425491506520125,0.3579481
852,19.53648153683728,0.026027568,0.437666678090963,0.22117977
853,19.350157923354747,0.031567868,0.4334925571363253,0.29769775
854,19.18914915733736,0.029932095,0.42988555289487673,0.27510583
855,19.350157923354747,0.042431433,0.4334925571363253,0.44773617
856,19.028175058510367,0.03924795,0.42627932528631507,0.4037686
857,18.793915760555187,0.04265701,0.42103132356427303,0.4508517
858,18.478504225854902,0.043719295,0.4139653061566066,0.46552306
859,18.25686487022125,0.038576007,0.4090000231126002,0.3944883
860,18.01611468222646,0.042882152,0.4036066090103333,0.4539612
861,17.870113438014666,0.05438413,0.400335811275806,0.6128168
862,18.01611468222646,0.05068544,0.4036066090103333,0.5617336
863,17.724128357497115,0.04012822,0.39706537564897704,0.41592616
864,17.565186492102367,0.038138248,0.39350467521754395,0.38844234
865,17.262901783923887,0.047446102,0.38673273197808644,0.51699466
866,17.051643978518428,0.03572085,0.38200002195871813,0.35505527
867,16.800537655091947,0.05506166,0.376374604187638,0.6221744
868,16.486372737218446,0.04871131,0.3693365141549394,0.5344686
869,16.379981873480887,0.054661993,0.3669530892878031,0.61665446
870,16.486372737218446,0.046315752,0.3693365141549394,0.5013832
871,16.273619687636323,0.04785728,0.3645703068781196,0.5226734
872,16.045654397454054,0.049118176,0.35946330687476746,0.54008794
873,15.75311844364643,0.055568397,0.3529097604296853,0.629173
874,15.523278173665135,0.043437798,0.34776075612895857,0.46163526
875,15.377912345140082,0.049751304,0.34450419331550935,0.5488322
876,15.523278173665135,0.056639437,0.34776075612895857,0.64396524
877,15.232573701193921,0.055337537,0.34124823950549393,0.6259845
878,14.997779193247872,0.049736157,0.3359882477238118,0.54862297
879,14.779404817922199,0.04683326,0.33109610850986154,0.5085306
880,14.629197365900739,0.038698338,0.32773108106483356,0.39617783
881,14.779404817922199,0.040539317,0.33109610850986154,0.4216039
882,14.479022934428768,0.042584922,0.3243667933637649,0.44985604
883,14.228627638920184,0.0340414,0.31875730441928896,0.33186013
884,14.00636802546968,0.037271697,0.3137781260288892,0.37647426
885,13.7829294243301,0.03532523,0.30877253532753085,0.34959128
886,13.629862845336598,0.0342158,0.30534345619531783,0.33426878
887,13.7829294243301,0.038276885,0.30877253532753085,0.39035708
888,13.476832151957945,0.04132231,0.30191518099178627,0.4324179
889,13.252098567395919,0.055256654,0.29688057938119045,0.6248674
890,12.935782717105482,0.044563115,0.2897943030134067,0.47717723
891,12.82118543036634,0.0466286,0.2872270334817468,0.50570405
892,12.935782717105482,0.046722062,0.2897943030134067,0.5069948
893,12.706630741721787,0.04147187,0.28466071825531924,0.43448353
894,12.484176150233324,0.044580687,0.2796771718629324,0.47741988
895,12.263470612318809,0.055653907,0.2747328087014702,0.630354
896,12.106705471317435,0.05888363,0.27122087241073317,0.6749602
897,12.263470612318809,0.050265342,0.2747328087014702,0.5559316
898,11.950028331303482,0.039964076,0.2677109075650468,0.41365916
899,11.720255998100937,0.044081185,0.262563425220268,0.47052118
900,11.48868961303856,0.0474788,0.25737575156896675,0.51744616
901,11.217198778839645,0.058267783,0.25129366911661033,0.6664546
902,11.069161378866294,0.05652126,0.24797725633484138,0.6423331
903,11.217198778839645,0.037021652,0.25129366911661033,0.37302086
904,10.921172428029143,0.037204277,0.2446619289364593,0.37554312
905,10.697315932846726,0.04333082,0.23964697634989263,0.4601578
906,10.430073434918977,0.044320524,0.23366006739229822,0.47382677
907,10.313464495790834,0.043478608,0.2310477317510163,0.46219894
908,10.430073434918977,0.06318348,0.23366006739229822,0.7343461
909,10.19687578515039,0.03938822,0.2284358492791036,0.40570593
910,9.970348664612994,0.054405417,0.22336106791910423,0.61311084
911,9.77431726034017,0.04145016,0.21896946785806878,0.4341837
912,9.493416081886027,0.05921787,0.21267656985521965,0.67957646
913,9.379891681177202,0.06503318,0.21013333568857542,0.75989264
914,9.493416081886027,0.0465924,0.21267656985521965,0.505204
915,9.266476452585179,0.055300932,0.2075925472539127,0.6254789
916,8.975318642513182,0.05868988,0.20106987471975282,0.67228425
917,8.763595288274391,0.045147706,0.19632673522714544,0.48525107
918,8.532140792928015,0.048930507,0.19114156818893227,0.537496
919,8.427815195226534,0.043060035,0.18880441051293176,0.45641795
920,8.532140792928015,0.040811233,0.19114156818893227,0.42535937
921,8.323692568826024,0.03730374,0.18647179990825913,0.3769168
922,8.01969809910432,0.04315708,0.1796615536789035,0.45775825
923,7.874993882525858,0.049464934,0.17641981264911602,0.54487705
924,7.724696248947943,0.040784404,0.173052764908767,0.42498884
925,7.874993882525858,0.048749156,0.17641981264911602,0.5349913
926,7.5745637559199315,0.0418411,0.16968941673508547,0.439583
927,7.369426895894252,0.04195568,0.16509383139838288,0.44116554
928,7.079594315265907,0.03664539,0.15860084736095756,0.36782423
929,6.817368996031199,0.04632693,0.15272633591607965,0.50153756
930,6.522808147831619,0.026362048,0.14612742670696333,0.22579934
931,6.4107399371152365,0.02870116,0.14361681488510825,0.2581052
932,6.522808147831619,0.040905505,0.14612742670696333,0.42666137
933,6.298970901213415,0.031600617,0.1411129053369973,0.29815006
934,6.098588805835467,0.0325493,0.13662383877362416,0.31125247
935,5.887343000656053,0.06415466,0.13189139758971935,0.7477593
936,5.775944236911627,0.052023042,0.12939578307594257,0.58020747
937,5.887343000656053,0.05550444,0.13189139758971935,0.6282897
938,5.664861053924455,0.03686064,0.12690723837058737,0.3707971
939,5.420845777664159,0.041736282,0.12144067801974225,0.43813542
940,5.185302666703135,0.045125164,0.11616391563409258,0.48493978
941,4.926789348455402,0.052435573,0.11037256241491543,0.585905
942,4.7361159842641,0.06598456,0.10610099602520076,0.7730323
943,4.544035046514837,0.045432255,0.10179789642198908,0.48918107
944,4.443644789888996,0.03595116,0.09954890035546173,0.3582361
945,4.544035046514837,0.040042628,0.10179789642198908,0.41474405
946,4.344084782072056,0.039444197,0.0973185039655187,0.406479
947,4.069113865188623,0.035172857,0.09115845884495391,0.34748685
948,3.923601093612817,0.042946484,0.08789860413491783,0.45484963
949,3.6769308579483297,0.034443207,0.08237256596762414,0.33740953
950,3.464381626375024,0.041026402,0.07761092473053292,0.4283311
951,3.3799656227617794,0.035047047,0.07571979239897879,0.34574926
952,3.464381626375024,0.052118976,0.07761092473053292,0.5815324
953,3.29804634475706,0.045217942,0.07388459304599745,0.48622113
954,3.121853863108187,0.04408576,0.06993743510957667,0.47058436
955,2.9560772222835965,0.039744303,0.06622361839401454,0.41062382
956,2.8342328774824,0.036611095,0.06349399640283064,0.36735058
957,2.739117085275542,0.042215995,0.061363161701061444,0.4447608
958,2.6670013364779077,0.048096836,0.05974758623754774,0.525982
959,2.739117085275542,0.03705873,0.061363161701061444,0.37353295
960,2.5994429422308793,0.05092716,0.05823410706108988,0.565072
961,2.4855064371113316,0.054740783,0.055681640711663524,0.6177426
962,2.4273722582954647,0.044728037,0.05437928783517902,0.47945496
963,2.4089338553448547,0.042357188,0.05396622089917625,0.44671077
964,2.4273722582954647,0.047838036,0.05437928783517902,0.52240765
965,2.3943463490146306,0.042417105,0.05363942380292625,0.44753832
966,2.350667427716809,0.044217028,0.05266090531427372,0.4723974
967,2.3728163766188506,0.04270783,0.053157097879495074,0.4515536
968,2.4047868401015866,0.055347916,0.053873317252115166,0.62612784
969,2.4493885129675013,0.056144413,0.054872507713494674,0.63712835
970,2.4047868401015866,0.03690262,0.053873317252115166,0.3713769
971,2.49936156449683,0.03891262,0.05599203066421995,0.39913732
972,2.564012091177077,0.048795935,0.057440366240696296,0.5356374
973,2.7142376607871994,0.033994254,0.06080579956560752,0.33120897
974,2.7762689233094373,0.028419912,0.06219545698957637,0.2542208
975,2.7142376607871994,0.040514972,0.06080579956560752,0.42126766
976,2.8423496301688984,0.04862447,0.06367583222513504,0.5332693
977,3.0062539797204737,0.04536367,0.067347704873116,0.48823377
978,3.151560715483055,0.036061775,0.07060294385898642,0.35976383
979,3.221521436221419,0.03920029,0.07217024123465124,0.40311038
980,3.151560715483055,0.035948873,0.07060294385898642,0.3582045
981,3.2936204407564817,0.036917392,0.0737854415842652,0.3715809
982,3.5169237112508545,0.035072155,0.07878800053633848,0.34609604
983,3.687357086487192,0.054455165,0.08260613989960452,0.6137979
984,3.775953474603175,0.0603152,0.08459092343416605,0.69473183
985,3.687357086487192,0.062336143,0.08260613989960452,0.7226434
986,3.8656327754405195,0.06559421,0.08659996695702317,0.7676411
987,4.028462960422309,0.060021415,0.09024777559746548,0.6906743
988,4.306595215320128,0.049808014,0.09647864269815346,0.5496153
989,4.405981089381804,0.06920241,0.09870513805084644,0.8174745
990,4.306595215320128,0.067062594,0.09647864269815346,0.7879212
991,4.506468441653682,0.052087754,0.10095630930581692,0.58110124
992,4.806184204535783,0.06383293,0.10767070166273993,0.7433158
993,5.003441843368125,0.06917877,0.11208977248432218,0.81714803
994,5.206703039594409,0.0824182,0.11664333820030906,1.0
995,5.369842956266013,0.04437497,0.1202980856152449,0.47457868
996,5.206703039594409,0.05158043,0.11664333820030906,0.57409453
997,5.535061655067882,0.04582063,0.12399940301606648,0.494545
998,5.740912728926129,0.042157095,0.1286109885519327,0.44394726
999,6.007485824988431,0.07255379,0.13458290121194888,0.863761
1000,6.109261421532544,0.04246657,0.13686293240211983,0.44822147
1001,6.007485824988431,0.054390505,0.13458290121194888,0.6129049
1002,6.211140692178546,0.046541467,0.13914528615481017,0.50450057
1003,6.489783867115246,0.04153646,0.14538759915868013,0.4353756
1004,6.703835381467714,0.0330667,0.15018289533574963,0.3183984
1005,6.79694120953624,0.039858576,0.1522687017489886,0.41220206
1006,6.703835381467714,0.038484477,0.15018289533574963,0.39322415
1007,6.89028672922267,0.050755452,0.15435987786167815,0.56270057
1008,6.979389034750191,0.044564858,0.15635599522789603,0.4772013
1009,7.004085499609876,0.04785777,0.15690925860417737,0.5226802
1010,6.9948614115875305,0.054789808,0.1567026156651432,0.6184197
1011,6.995872970655043,0.05571368,0.15672527715083276,0.63117945
1012,6.9948614115875305,0.06544513,0.1567026156651432,0.76558214
1013,6.996888926985238,0.07166126,0.15674803714634594,0.8514342
1014,6.99661655270817,0.0480471,0.1567419352725353,0.5252951
1015,6.985995324479171,0.041780915,0.15650399285350416,0.4387518
1016,6.981149261170626,0.059844606,0.1563954287588861,0.68823236
1017,6.981677797986098,0.045819543,0.15640726932249222,0.49453
1018,6.981149261170626,0.047340024,0.1563954287588861,0.5155295
1019,6.982206370745697,0.050666135,0.15641911069133782,0.561467
1020,6.996549061924479,0.057459086,0.15674042330800655,0.6552856
1021,6.99725113639276,0.044320285,0.1567561515546576,0.4738235
1022,6.996549061924479,0.044186994,0.15674042330800655,0.47198257
1023,6.997953929494873,0.03887223,0.156771895900527,0.3985795
1024,6.99577443087166,0.044879068,0.15672306961005467,0.48154086
1025,6.980160440066441,0.050902404,0.15637327666117706,0.56473017
1026,6.9782619162283925,0.035523936,0.15633074491768434,0.35233566
1027,6.976557087203879,0.04680569,0.15629255242870085,0.5081498
1028,6.9782619162283925,0.041310854,0.15633074491768434,0.43225974
1029,6.974852274233195,0.048551466,0.1562543602993638,0.53226095
1030,6.991779796728553,0.050338995,0.1566335796856634,0.5569488
1031,6.990823776408585,0.03212288,0.1566121624086149,0.30536312
1032,6.990981032219081,0.0419753,0.15661568533714532,0.44143647
1033,6.990823776408585,0.040155023,0.1566121624086149,0.41629636
1034,6.991138306276907,0.046403725,0.15661920867446216,0.50259817
1035,6.974870941183561,0.039453056,0.1562547784863409,0.40660137
1036,6.964985129067347,0.03724033,0.1560333112512619,0.37604105
1037,6.9645347806268,0.043829862,0.15602322230532834,0.4670501
1038,6.968775701832142,0.048716072,0.15611822968383132,0.53453434
1039,6.9645347806268,0.044463214,0.15602322230532834,0.47579744
1040,6.973025575226783,0.03294448,0.1562134376140532,0.31671038
1041,6.9557693726395415,0.036314346,0.15582685496105184,0.36325213
1042,6.933223698547065,0.037519462,0.1553217747465429,0.3798962
1043,6.9557693726395415,0.04064539,0.15582685496105184,0.42306888
1044,6.910708009772915,0.03724831,0.15481736627912612,0.37615126
1045,6.876330161562692,0.03959237,0.15404721538999527,0.40852547
1046,6.838116213774397,0.037113946,0.15319112615234473,0.37429553
1047,6.806931874092466,0.046468545,0.15249251794434596,0.50349337
1048,6.793162344053675,0.054565802,0.15218404558919912,0.615326
1049,6.806931874092466,0.069124825,0.15249251794434596,0.81640303
1050,6.779413874176182,0.057522446,0.15187604503501692,0.65616065
1051,6.767585830719544,0.07375468,0.15161106689766804,0.8803467
1052,6.759303929970258,0.06315634,0.15142553134038847,0.73397124
1053,6.73591203635162,0.051031467,0.15090149366477004,0.56651264
1054,6.735579928051972,0.049701918,0.1508940535975297,0.54815
1055,6.73591203635162,0.043344155,0.15090149366477004,0.460342
1056,6.735247899663908,0.045858406,0.1508866153205113,0.4950667
1057,6.72562423675185,0.049229797,0.15067102089170661,0.5416295
1058,6.714727211095836,0.04285372,0.1504268999116342,0.45356852
1059,6.7149733725455105,0.050993342,0.15043241455170642,0.5659861
1060,6.714727211095836,0.06643622,0.1504268999116342,0.7792703
1061,6.715219535994698,0.04221376,0.1504379292365728,0.44472992
1062,6.706397924743392,0.04684975,0.1502403027968022,0.5087583
1063,6.683049002455752,0.035471275,0.14971722778785715,0.35160834
1064,6.706397924743392,0.038965266,0.1502403027968022,0.39986444
1065,6.660164280322295,0.05364624,0.14920455203832164,0.6026257
1066,6.609472599102452,0.05146326,0.14806892996202806,0.57247627
1067,6.579266044937582,0.041743953,0.14739222662663035,0.43824127
1068,6.609472599102452,0.044545192,0.14806892996202806,0.47692966
1069,6.54920489393968,0.045346092,0.1467187806905218,0.48799103
1070,6.517207072894846,0.055214684,0.14600194843920594,0.6242877
1071,6.54920489393968,0.036639005,0.1467187806905218,0.36773604
1072,6.485458635792932,0.028125985,0.14529070301997454,0.25016135
1073,6.454349292539445,0.06306175,0.144593774921961,0.7326649
1074,6.485458635792932,0.049100537,0.14529070301997454,0.5398443
1075,6.423568491293923,0.042066995,0.14390420699721956,0.4427029
1076,6.352973770586781,0.04001281,0.14232270641614533,0.4143322
1077,6.324901972527918,0.048254315,0.1416938270254886,0.52815694
1078,6.352973770586781,0.058476184,0.14232270641614533,0.66933286
1079,6.297042813953517,0.061302923,0.14106971129796228,0.7083734
1080,6.271538514319023,0.070670046,0.14049835037624167,0.8377443
1081,6.297042813953517,0.04691834,0.14106971129796228,0.50970566
1082,6.246188009990619,0.048700467,0.13993043485898626,0.53431886
1083,6.196197487772496,0.051798806,0.1388105205205736,0.5771105
1084,6.174226898109613,0.07788531,0.13831832365414592,0.93739545
1085,6.196197487772496,0.038602553,0.1388105205205736,0.39485493
1086,6.152485117696214,0.044909373,0.13783125269454793,0.48195946
1087,6.0919510710732,0.049826045,0.13647513669961084,0.54986435
1088,6.064390452607839,0.0492325,0.13585770902681713,0.54166687
1089,6.0919510710732,0.068018936,0.13647513669961084,0.8011294
1090,6.03704469619344,0.028065003,0.13524509480827385,0.24931912
1091,6.019462796892996,0.06276304,0.13485121572381098,0.7285394
1092,6.03704469619344,0.052691754,0.13524509480827385,0.58944315
1093,6.0020403574348515,0.042429812,0.1344609089437744,0.44771385
1094,5.952356864920353,0.0471395,0.13334787284851968,0.51276004
1095,5.927743901193412,0.04548655,0.13279648010914477,0.48993093
1096,5.952356864920353,0.038488336,0.13334787284851968,0.39327747
1097,5.903370861258744,0.039016925,0.13225046227051448,0.40057787
1098,5.86632320613247,0.040677976,0.1314205009430563,0.42351893
1099,5.903370861258744,0.037903573,0.13225046227051448,0.38520122
1100,5.829727308176797,0.0475072,0.13060066012065363,0.5178384
1101,5.783424781467356,0.038534578,0.12956336622441503,0.39391613
1102,5.760150188894723,0.047349133,0.12904195638938526,0.5156554
1103,5.783424781467356,0.04211367,0.12956336622441503,0.44334754
1104,5.7371503953693885,0.037566964,0.12852670274916192,0.38055223
1105,5.68687372523415,0.043956924,0.12740037797250886,0.468805
1106,5.656601395651285,0.04258401,0.12672220110111956,0.4498435
1107,5.68687372523415,0.038878802,0.12740037797250886,0.39867026
1108,5.626653821986531,0.03872305,0.1260512995849984,0.39651915
1109,5.603004422985315,0.044242084,0.12552149313647318,0.47274342
1110,5.626653821986531,0.054109853,0.1260512995849984,0.60902876
1111,5.5796117529859135,0.048649117,0.12499743806795885,0.5336097
1112,5.541796847358592,0.04741402,0.12415028838560555,0.51655155
1113,5.530521959789682,0.03822603,0.12389770234144865,0.38965473
1114,5.541796847358592,0.037069254,0.12415028838560555,0.3736783
1115,5.519631416284911,0.051124863,0.12365372657798526,0.5678026
1116,5.502842323978369,0.037516933,0.12327760837859958,0.37986127
1117,5.519631416284911,0.04052312,0.12365372657798526,0.4213802
1118,5.486570831301613,0.037967093,0.12291308572215352,0.3860785
1119,5.4619556922116566,0.03984012,0.12236164424913626,0.4119472
1120,5.451743819917402,0.041197807,0.12213287244006264,0.4306984
1121,5.4619556922116566,0.031651374,0.12236164424913626,0.29885107
1122,5.441599368452229,0.03363701,0.12190561102835729,0.32627502
1123,5.439648333085651,0.025251517,0.12186190289359831,0.21046162
1124,5.441599368452229,0.038682196,0.12190561102835729,0.3959549
1125,5.437701631177328,0.032987915,0.12181829183928218,0.31731024
1126,5.427696540229117,0.028958216,0.12159415245619803,0.26165545
1127,5.4139721061885195,0.042758193,0.12128669036565218,0.4522491
1128,5.427696540229117,0.028689679,0.12159415245619803,0.2579466
1129,5.4002501964269705,0.029805908,0.12097928482535172,0.27336305
1130,5.393806774020241,0.028686356,0.12083493584035294,0.2579007
1131,5.39554877694642,0.032326132,0.12087396111890618,0.30817026
1132,5.393806774020241,0.023554329,0.12083493584035294,0.18702146
1133,5.39729079905386,0.021634772,0.12091298682716828,0.16051017
1134,5.382820624863143,0.029124659,0.12058881826808013,0.2639542
1135,5.383332003529161,0.0397651,0.12060027444567181,0.41091108
1136,5.382820624863143,0.029425655,0.12058881826808013,0.2681113
1137,5.383843516023146,0.034468405,0.12061173362134897,0.33775756
1138,5.384902204520133,0.029376684,0.12063545092565148,0.26743495
1139,5.383843516023146,0.033137593,0.12061173362134897,0.31937748
1140,5.385962794563204,0.027483609,0.12065921082940344,0.24128939
1141,5.385424049213386,0.0325544,0.12064714156876676,0.3113229
1142,5.385962794563204,0.041731063,0.12065921082940344,0.43806326
1143,5.384891292050666,0.028919648,0.12063520645869093,0.26112276
1144,5.386426184551664,0.025680825,0.12066959193904837,0.21639085
1145,5.386405058598063,0.037147094,0.12066911866416945,0.37475336
1146,5.386426184551664,0.03390977,0.12066959193904837,0.33004215
1147,5.386384612406154,0.030496668,0.12066866061767445,0.28290325
1148,5.373009421964432,0.032552533,0.12036902246848036,0.31129712
1149,5.386384612406154,0.03298317,0.12066866061767445,0.3172447
