2025-02-25 16:49:48,0.05441713333129883
2025-02-25 16:49:48,0.028738737106323242
2025-02-25 16:49:49,0.029334545135498047
2025-02-25 16:49:50,0.029951810836791992
2025-02-25 16:49:50,0.030329227447509766
2025-02-25 16:49:51,0.03065180778503418
2025-02-25 16:49:52,0.03041839599609375
2025-02-25 16:49:52,0.03174281120300293
2025-02-25 16:49:53,0.03346061706542969
2025-02-25 16:49:53,0.03352165222167969
2025-02-25 16:49:54,0.03352069854736328
2025-02-25 16:49:55,0.033628225326538086
2025-02-25 16:49:55,0.03339409828186035
2025-02-25 16:49:56,0.03323817253112793
2025-02-25 16:49:57,0.03260445594787598
2025-02-25 16:49:57,0.0324091911315918
2025-02-25 16:49:58,0.03693890571594238
2025-02-25 16:49:59,0.04194474220275879
2025-02-25 16:49:59,0.04198288917541504
2025-02-25 16:50:00,0.04080486297607422
2025-02-25 16:50:00,0.04065656661987305
2025-02-25 16:50:01,0.039191484451293945
2025-02-25 16:50:02,0.03471493721008301
2025-02-25 16:50:02,0.028436899185180664
2025-02-25 16:50:03,0.03285789489746094
2025-02-25 16:50:04,0.031064748764038086
2025-02-25 16:50:04,0.028531551361083984
2025-02-25 16:50:05,0.028417587280273438
2025-02-25 16:50:06,0.028370141983032227
2025-02-25 16:50:06,0.028585433959960938
2025-02-25 16:50:07,0.02864861488342285
2025-02-25 16:50:07,0.028549671173095703
2025-02-25 16:50:08,0.028655529022216797
2025-02-25 16:50:09,0.02890610694885254
2025-02-25 16:50:09,0.028517723083496094
2025-02-25 16:50:10,0.028661012649536133
2025-02-25 16:50:10,0.029024600982666016
2025-02-25 16:50:11,0.02555561065673828
2025-02-25 16:50:12,0.026520729064941406
2025-02-25 16:50:12,0.03389382362365723
2025-02-25 16:50:13,0.029802799224853516
2025-02-25 16:50:14,0.029735803604125977
2025-02-25 16:50:14,0.02970576286315918
2025-02-25 16:50:15,0.024397611618041992
2025-02-25 16:50:16,0.030959129333496094
2025-02-25 16:50:16,0.03178143501281738
2025-02-25 16:50:17,0.03548550605773926
2025-02-25 16:50:18,0.04115557670593262
2025-02-25 16:50:18,0.04172921180725098
2025-02-25 16:50:19,0.0402216911315918
2025-02-25 16:50:20,0.039951324462890625
2025-02-25 16:50:20,0.04122638702392578
2025-02-25 16:50:21,0.033354997634887695
2025-02-25 16:50:22,0.03194236755371094
2025-02-25 16:50:22,0.03001713752746582
2025-02-25 16:50:23,0.030925273895263672
2025-02-25 16:50:24,0.03140687942504883
2025-02-25 16:50:25,0.03022146224975586
2025-02-25 16:50:25,0.02936077117919922
2025-02-25 16:50:26,0.028154850006103516
2025-02-25 16:50:27,0.023512601852416992
2025-02-25 16:50:27,0.024157047271728516
2025-02-25 16:50:28,0.028903961181640625
2025-02-25 16:50:28,0.02813863754272461
2025-02-25 16:50:29,0.0285489559173584
2025-02-25 16:50:30,0.028697967529296875
2025-02-25 16:50:30,0.029104948043823242
2025-02-25 16:50:31,0.02895355224609375
2025-02-25 16:50:31,0.03002190589904785
2025-02-25 16:50:32,0.028657197952270508
2025-02-25 16:50:33,0.024106264114379883
2025-02-25 16:50:33,0.028628826141357422
2025-02-25 16:50:34,0.028752565383911133
2025-02-25 16:50:34,0.023581504821777344
2025-02-25 16:50:35,0.028891324996948242
2025-02-25 16:50:35,0.023932933807373047
2025-02-25 16:50:36,0.024446725845336914
2025-02-25 16:50:36,0.02407217025756836
2025-02-25 16:50:37,0.02861618995666504
2025-02-25 16:50:37,0.028383731842041016
2025-02-25 16:50:38,0.0287322998046875
2025-02-25 16:50:39,0.029073476791381836
2025-02-25 16:50:39,0.024721860885620117
2025-02-25 16:50:40,0.02899956703186035
2025-02-25 16:50:40,0.029679298400878906
2025-02-25 16:50:41,0.030936479568481445
2025-02-25 16:50:41,0.030724287033081055
2025-02-25 16:50:42,0.02983236312866211
2025-02-25 16:50:43,0.024459123611450195
2025-02-25 16:50:43,0.029872655868530273
2025-02-25 16:50:44,0.03106832504272461
2025-02-25 16:50:45,0.025227785110473633
2025-02-25 16:50:45,0.024075031280517578
2025-02-25 16:50:46,0.024374008178710938
2025-02-25 16:50:46,0.029937744140625
2025-02-25 16:50:47,0.0309906005859375
2025-02-25 16:50:48,0.031508684158325195
2025-02-25 16:50:48,0.02983546257019043
2025-02-25 16:50:49,0.02543473243713379
2025-02-25 16:50:50,0.025055646896362305
2025-02-25 16:50:50,0.029157638549804688
2025-02-25 16:50:51,0.0248260498046875
2025-02-25 16:50:51,0.02510523796081543
2025-02-25 16:50:52,0.024169206619262695
2025-02-25 16:50:52,0.024019956588745117
2025-02-25 16:50:53,0.024042129516601562
2025-02-25 16:50:54,0.0286867618560791
2025-02-25 16:50:54,0.028422117233276367
2025-02-25 16:50:55,0.02836775779724121
2025-02-25 16:50:55,0.028311729431152344
2025-02-25 16:50:56,0.028461217880249023
2025-02-25 16:50:57,0.029567956924438477
2025-02-25 16:50:57,0.02836298942565918
2025-02-25 16:50:58,0.02862238883972168
2025-02-25 16:50:58,0.02841663360595703
2025-02-25 16:50:59,0.028501272201538086
2025-02-25 16:50:59,0.028395414352416992
2025-02-25 16:51:00,0.028522729873657227
2025-02-25 16:51:01,0.023876428604125977
2025-02-25 16:51:01,0.029240131378173828
2025-02-25 16:51:02,0.024769306182861328
2025-02-25 16:51:02,0.029169559478759766
2025-02-25 16:51:03,0.029027462005615234
2025-02-25 16:51:03,0.028249263763427734
2025-02-25 16:51:04,0.02388739585876465
2025-02-25 16:51:04,0.024370908737182617
2025-02-25 16:51:05,0.029166221618652344
2025-02-25 16:51:05,0.025166988372802734
2025-02-25 16:51:06,0.029041528701782227
2025-02-25 16:51:07,0.025122404098510742
2025-02-25 16:51:07,0.02482318878173828
2025-02-25 16:51:08,0.029190540313720703
2025-02-25 16:51:08,0.0241243839263916
2025-02-25 16:51:09,0.02881002426147461
2025-02-25 16:51:09,0.025180816650390625
2025-02-25 16:51:10,0.02951812744140625
2025-02-25 16:51:11,0.02445840835571289
2025-02-25 16:51:11,0.029387950897216797
2025-02-25 16:51:12,0.02445054054260254
2025-02-25 16:51:12,0.03005671501159668
2025-02-25 16:51:13,0.030910730361938477
2025-02-25 16:51:14,0.025166988372802734
2025-02-25 16:51:14,0.030411720275878906
2025-02-25 16:51:15,0.029285430908203125
2025-02-25 16:51:15,0.02910161018371582
2025-02-25 16:51:16,0.031019926071166992
2025-02-25 16:51:17,0.03211164474487305
2025-02-25 16:51:17,0.0328521728515625
2025-02-25 16:51:18,0.03596043586730957
2025-02-25 16:51:19,0.03895974159240723
2025-02-25 16:51:19,0.04038643836975098
2025-02-25 16:51:20,0.043385982513427734
2025-02-25 16:51:21,0.041548728942871094
2025-02-25 16:51:21,0.039897918701171875
2025-02-25 16:51:22,0.03541135787963867
2025-02-25 16:51:23,0.03530263900756836
2025-02-25 16:51:23,0.03626728057861328
2025-02-25 16:51:24,0.042156219482421875
2025-02-25 16:51:25,0.03758692741394043
2025-02-25 16:51:26,0.042021751403808594
2025-02-25 16:51:26,0.04063916206359863
2025-02-25 16:51:27,0.03491973876953125
2025-02-25 16:51:28,0.03309130668640137
2025-02-25 16:51:28,0.03190255165100098
2025-02-25 16:51:29,0.031397342681884766
2025-02-25 16:51:30,0.032027482986450195
2025-02-25 16:51:30,0.02665233612060547
2025-02-25 16:51:31,0.031607627868652344
2025-02-25 16:51:32,0.03229665756225586
2025-02-25 16:51:32,0.025978803634643555
2025-02-25 16:51:33,0.02603316307067871
2025-02-25 16:51:34,0.02729344367980957
2025-02-25 16:51:34,0.027325868606567383
2025-02-25 16:51:35,0.0323185920715332
2025-02-25 16:51:35,0.026941776275634766
2025-02-25 16:51:36,0.031195878982543945
2025-02-25 16:51:37,0.03085041046142578
2025-02-25 16:51:37,0.025388479232788086
2025-02-25 16:51:38,0.025336265563964844
2025-02-25 16:51:38,0.030109643936157227
2025-02-25 16:51:39,0.025113344192504883
2025-02-25 16:51:39,0.025058984756469727
2025-02-25 16:51:40,0.030888795852661133
2025-02-25 16:51:41,0.03217482566833496
2025-02-25 16:51:41,0.030666351318359375
2025-02-25 16:51:42,0.031163454055786133
2025-02-25 16:51:42,0.031447649002075195
2025-02-25 16:51:43,0.0324552059173584
2025-02-25 16:51:44,0.03286123275756836
2025-02-25 16:51:44,0.031073570251464844
2025-02-25 16:51:45,0.030045747756958008
2025-02-25 16:51:45,0.029764890670776367
2025-02-25 16:51:46,0.025891542434692383
2025-02-25 16:51:47,0.025996685028076172
2025-02-25 16:51:47,0.03035902976989746
2025-02-25 16:51:48,0.02506399154663086
2025-02-25 16:51:48,0.02558588981628418
2025-02-25 16:51:49,0.031142234802246094
2025-02-25 16:51:49,0.03362250328063965
2025-02-25 16:51:50,0.0342106819152832
2025-02-25 16:51:50,0.028127193450927734
2025-02-25 16:51:51,0.027272462844848633
2025-02-25 16:51:51,0.031842947006225586
2025-02-25 16:51:52,0.03267383575439453
2025-02-25 16:51:53,0.031224966049194336
2025-02-25 16:51:53,0.02481842041015625
2025-02-25 16:51:54,0.030994176864624023
2025-02-25 16:51:54,0.02597832679748535
2025-02-25 16:51:55,0.029344558715820312
2025-02-25 16:51:55,0.029824256896972656
2025-02-25 16:51:56,0.02404499053955078
2025-02-25 16:51:56,0.02881932258605957
2025-02-25 16:51:57,0.025153636932373047
2025-02-25 16:51:57,0.02476358413696289
2025-02-25 16:51:58,0.025287389755249023
2025-02-25 16:51:58,0.025655031204223633
2025-02-25 16:51:59,0.030710935592651367
2025-02-25 16:51:59,0.03034496307373047
2025-02-25 16:52:00,0.024626731872558594
2025-02-25 16:52:00,0.0241851806640625
2025-02-25 16:52:01,0.023841142654418945
2025-02-25 16:52:01,0.024486303329467773
2025-02-25 16:52:02,0.029264211654663086
2025-02-25 16:52:02,0.028430938720703125
2025-02-25 16:52:03,0.028392791748046875
2025-02-25 16:52:03,0.02841472625732422
2025-02-25 16:52:03,0.028409957885742188
2025-02-25 16:52:04,0.028237104415893555
2025-02-25 16:52:04,0.02807021141052246
2025-02-25 16:52:05,0.028151750564575195
2025-02-25 16:52:05,0.02806544303894043
2025-02-25 16:52:06,0.02799224853515625
2025-02-25 16:52:06,0.027992963790893555
2025-02-25 16:52:07,0.028080224990844727
2025-02-25 16:52:07,0.023402690887451172
2025-02-25 16:52:08,0.02840423583984375
2025-02-25 16:52:08,0.02853989601135254
2025-02-25 16:52:09,0.028385639190673828
2025-02-25 16:52:09,0.028120994567871094
2025-02-25 16:52:10,0.027947187423706055
2025-02-25 16:52:10,0.023118257522583008
2025-02-25 16:52:11,0.028078317642211914
2025-02-25 16:52:11,0.028033971786499023
2025-02-25 16:52:12,0.028734445571899414
2025-02-25 16:52:12,0.028371095657348633
2025-02-25 16:52:13,0.028395414352416992
2025-02-25 16:52:13,0.028119802474975586
2025-02-25 16:52:14,0.02879500389099121
2025-02-25 16:52:15,0.028302431106567383
2025-02-25 16:52:15,0.028091907501220703
2025-02-25 16:52:16,0.028063058853149414
2025-02-25 16:52:16,0.028139591217041016
2025-02-25 16:52:17,0.028435468673706055
2025-02-25 16:52:18,0.028621673583984375
2025-02-25 16:52:18,0.02824854850769043
2025-02-25 16:52:19,0.023314952850341797
2025-02-25 16:52:20,0.023731470108032227
2025-02-25 16:52:20,0.028506040573120117
2025-02-25 16:52:21,0.02817559242248535
2025-02-25 16:52:22,0.02802133560180664
2025-02-25 16:52:22,0.02784562110900879
2025-02-25 16:52:23,0.02340841293334961
2025-02-25 16:52:24,0.028514385223388672
2025-02-25 16:52:24,0.023597240447998047
2025-02-25 16:52:25,0.023332595825195312
2025-02-25 16:52:26,0.028238534927368164
2025-02-25 16:52:26,0.023601055145263672
2025-02-25 16:52:27,0.028004169464111328
2025-02-25 16:52:27,0.02799367904663086
2025-02-25 16:52:28,0.027928590774536133
2025-02-25 16:52:29,0.02813267707824707
2025-02-25 16:52:29,0.02356576919555664
2025-02-25 16:52:30,0.0281984806060791
2025-02-25 16:52:31,0.028359651565551758
2025-02-25 16:52:31,0.029127120971679688
2025-02-25 16:52:32,0.023552656173706055
2025-02-25 16:52:33,0.0284574031829834
2025-02-25 16:52:33,0.023625850677490234
2025-02-25 16:52:34,0.02342510223388672
2025-02-25 16:52:34,0.02845025062561035
2025-02-25 16:52:35,0.030290603637695312
2025-02-25 16:52:36,0.030072927474975586
2025-02-25 16:52:36,0.024878263473510742
2025-02-25 16:52:37,0.02499556541442871
2025-02-25 16:52:38,0.025136709213256836
2025-02-25 16:52:38,0.029976844787597656
2025-02-25 16:52:39,0.030063390731811523
2025-02-25 16:52:40,0.029964208602905273
2025-02-25 16:52:40,0.024964570999145508
2025-02-25 16:52:41,0.030358314514160156
2025-02-25 16:52:41,0.024967432022094727
2025-02-25 16:52:42,0.029844284057617188
2025-02-25 16:52:43,0.023503780364990234
2025-02-25 16:52:43,0.02382373809814453
2025-02-25 16:52:44,0.02378559112548828
2025-02-25 16:52:45,0.023461103439331055
2025-02-25 16:52:45,0.02870965003967285
2025-02-25 16:52:46,0.02821826934814453
2025-02-25 16:52:46,0.028706789016723633
2025-02-25 16:52:47,0.025267601013183594
2025-02-25 16:52:48,0.028273344039916992
2025-02-25 16:52:48,0.023601770401000977
2025-02-25 16:52:49,0.028300046920776367
2025-02-25 16:52:49,0.028391599655151367
2025-02-25 16:52:50,0.028021812438964844
2025-02-25 16:52:50,0.028133392333984375
2025-02-25 16:52:51,0.028119564056396484
2025-02-25 16:52:51,0.02808070182800293
2025-02-25 16:52:52,0.023375511169433594
2025-02-25 16:52:53,0.028197765350341797
2025-02-25 16:52:53,0.028146743774414062
2025-02-25 16:52:54,0.028104305267333984
2025-02-25 16:52:54,0.02814173698425293
2025-02-25 16:52:55,0.023684978485107422
2025-02-25 16:52:55,0.028168201446533203
2025-02-25 16:52:56,0.028176546096801758
2025-02-25 16:52:57,0.028302431106567383
2025-02-25 16:52:57,0.028438091278076172
2025-02-25 16:52:58,0.02832651138305664
2025-02-25 16:52:58,0.028378009796142578
2025-02-25 16:52:59,0.023589611053466797
2025-02-25 16:52:59,0.02868056297302246
2025-02-25 16:53:00,0.028220176696777344
2025-02-25 16:53:00,0.028157472610473633
2025-02-25 16:53:01,0.02779531478881836
2025-02-25 16:53:01,0.023357629776000977
2025-02-25 16:53:02,0.023530244827270508
2025-02-25 16:53:02,0.028281211853027344
2025-02-25 16:53:03,0.029956579208374023
2025-02-25 16:53:03,0.023497581481933594
2025-02-25 16:53:04,0.028468847274780273
2025-02-25 16:53:04,0.028554916381835938
2025-02-25 16:53:05,0.028184890747070312
2025-02-25 16:53:05,0.02796173095703125
2025-02-25 16:53:06,0.0234072208404541
2025-02-25 16:53:06,0.028122901916503906
2025-02-25 16:53:07,0.023431062698364258
2025-02-25 16:53:07,0.028379440307617188
2025-02-25 16:53:08,0.028312206268310547
2025-02-25 16:53:08,0.02340412139892578
2025-02-25 16:53:09,0.023458242416381836
2025-02-25 16:53:10,0.0236661434173584
2025-02-25 16:53:10,0.023973941802978516
2025-02-25 16:53:11,0.023537397384643555
2025-02-25 16:53:11,0.02362060546875
2025-02-25 16:53:12,0.023375988006591797
2025-02-25 16:53:12,0.027994871139526367
2025-02-25 16:53:13,0.023615598678588867
2025-02-25 16:53:13,0.02819538116455078
2025-02-25 16:53:14,0.027896404266357422
2025-02-25 16:53:14,0.028263092041015625
2025-02-25 16:53:15,0.02822113037109375
2025-02-25 16:53:15,0.02826237678527832
2025-02-25 16:53:15,0.023552894592285156
2025-02-25 16:53:16,0.028696060180664062
2025-02-25 16:53:16,0.02851247787475586
2025-02-25 16:53:17,0.02834630012512207
2025-02-25 16:53:17,0.028252601623535156
2025-02-25 16:53:18,0.023570775985717773
2025-02-25 16:53:18,0.02804732322692871
2025-02-25 16:53:18,0.023517370223999023
2025-02-25 16:53:19,0.028047800064086914
2025-02-25 16:53:19,0.028034687042236328
2025-02-25 16:53:20,0.02843308448791504
2025-02-25 16:53:20,0.02352762222290039
2025-02-25 16:53:20,0.027922868728637695
2025-02-25 16:53:21,0.023391246795654297
2025-02-25 16:53:21,0.027912616729736328
2025-02-25 16:53:22,0.02810072898864746
2025-02-25 16:53:22,0.028254032135009766
2025-02-25 16:53:22,0.02817082405090332
2025-02-25 16:53:23,0.02786850929260254
2025-02-25 16:53:23,0.028217554092407227
2025-02-25 16:53:24,0.023643016815185547
2025-02-25 16:53:24,0.027942419052124023
2025-02-25 16:53:25,0.027878761291503906
2025-02-25 16:53:25,0.023514747619628906
2025-02-25 16:53:25,0.027949810028076172
2025-02-25 16:53:26,0.027800321578979492
2025-02-25 16:53:26,0.028214454650878906
2025-02-25 16:53:26,0.028153419494628906
2025-02-25 16:53:27,0.028009653091430664
2025-02-25 16:53:27,0.027832508087158203
2025-02-25 16:53:28,0.027612686157226562
2025-02-25 16:53:28,0.02812361717224121
2025-02-25 16:53:28,0.02810955047607422
2025-02-25 16:53:29,0.028153419494628906
2025-02-25 16:53:29,0.028153419494628906
2025-02-25 16:53:29,0.028123855590820312
2025-02-25 16:53:30,0.02856159210205078
2025-02-25 16:53:30,0.023381710052490234
2025-02-25 16:53:30,0.02386927604675293
2025-02-25 16:53:31,0.028323888778686523
2025-02-25 16:53:31,0.023528099060058594
2025-02-25 16:53:32,0.0238037109375
2025-02-25 16:53:32,0.02398371696472168
2025-02-25 16:53:32,0.028832197189331055
2025-02-25 16:53:33,0.024018049240112305
2025-02-25 16:53:33,0.024000883102416992
2025-02-25 16:53:34,0.028194189071655273
2025-02-25 16:53:34,0.02357316017150879
2025-02-25 16:53:35,0.028248071670532227
2025-02-25 16:53:35,0.028713226318359375
2025-02-25 16:53:36,0.029085636138916016
2025-02-25 16:53:36,0.02454543113708496
2025-02-25 16:53:36,0.023680448532104492
2025-02-25 16:53:37,0.02842259407043457
2025-02-25 16:53:37,0.028270483016967773
2025-02-25 16:53:38,0.023698806762695312
2025-02-25 16:53:38,0.028628110885620117
2025-02-25 16:53:39,0.029510974884033203
2025-02-25 16:53:39,0.024467945098876953
2025-02-25 16:53:40,0.028876304626464844
2025-02-25 16:53:40,0.023639440536499023
2025-02-25 16:53:41,0.0283811092376709
2025-02-25 16:53:41,0.023599863052368164
2025-02-25 16:53:42,0.02822089195251465
2025-02-25 16:53:42,0.02385854721069336
2025-02-25 16:53:43,0.02779865264892578
2025-02-25 16:53:43,0.027742862701416016
2025-02-25 16:53:44,0.023209095001220703
2025-02-25 16:53:44,0.023734092712402344
2025-02-25 16:53:45,0.023834228515625
2025-02-25 16:53:45,0.02393794059753418
2025-02-25 16:53:46,0.02379918098449707
2025-02-25 16:53:46,0.024242401123046875
2025-02-25 16:53:47,0.029242277145385742
2025-02-25 16:53:47,0.02973771095275879
2025-02-25 16:53:48,0.02487015724182129
2025-02-25 16:53:48,0.025272846221923828
2025-02-25 16:53:49,0.02526068687438965
2025-02-25 16:53:49,0.025034189224243164
2025-02-25 16:53:50,0.02564835548400879
2025-02-25 16:53:50,0.030498981475830078
2025-02-25 16:53:51,0.025561809539794922
2025-02-25 16:53:51,0.024569272994995117
2025-02-25 16:53:52,0.024827957153320312
2025-02-25 16:53:52,0.024876117706298828
2025-02-25 16:53:53,0.028830766677856445
2025-02-25 16:53:53,0.028630733489990234
2025-02-25 16:53:54,0.0289304256439209
2025-02-25 16:53:54,0.03047800064086914
2025-02-25 16:53:55,0.02949213981628418
2025-02-25 16:53:55,0.02860403060913086
2025-02-25 16:53:56,0.028395652770996094
2025-02-25 16:53:56,0.023787736892700195
2025-02-25 16:53:57,0.0243685245513916
2025-02-25 16:53:57,0.02434229850769043
2025-02-25 16:53:58,0.028935909271240234
2025-02-25 16:53:58,0.02465510368347168
2025-02-25 16:53:59,0.023715734481811523
2025-02-25 16:53:59,0.028154373168945312
2025-02-25 16:54:00,0.023770570755004883
2025-02-25 16:54:00,0.024271011352539062
2025-02-25 16:54:01,0.02891707420349121
2025-02-25 16:54:02,0.024254322052001953
2025-02-25 16:54:02,0.024356365203857422
2025-02-25 16:54:03,0.024541378021240234
2025-02-25 16:54:03,0.02397441864013672
2025-02-25 16:54:04,0.02434563636779785
2025-02-25 16:54:04,0.025274991989135742
2025-02-25 16:54:05,0.025465011596679688
2025-02-25 16:54:05,0.024049997329711914
2025-02-25 16:54:06,0.025034427642822266
2025-02-25 16:54:06,0.025339603424072266
2025-02-25 16:54:07,0.024828672409057617
2025-02-25 16:54:07,0.024140357971191406
2025-02-25 16:54:08,0.023888587951660156
2025-02-25 16:54:08,0.02416062355041504
2025-02-25 16:54:09,0.0240786075592041
2025-02-25 16:54:10,0.028832674026489258
2025-02-25 16:54:10,0.023805618286132812
2025-02-25 16:54:11,0.024148225784301758
2025-02-25 16:54:11,0.030353546142578125
2025-02-25 16:54:12,0.02430129051208496
2025-02-25 16:54:12,0.024770736694335938
2025-02-25 16:54:13,0.02392268180847168
2025-02-25 16:54:13,0.0239260196685791
2025-02-25 16:54:14,0.024140357971191406
2025-02-25 16:54:14,0.023679494857788086
2025-02-25 16:54:15,0.02438974380493164
2025-02-25 16:54:15,0.024540185928344727
2025-02-25 16:54:16,0.023773908615112305
2025-02-25 16:54:17,0.02447509765625
2025-02-25 16:54:17,0.023859024047851562
2025-02-25 16:54:18,0.023648977279663086
2025-02-25 16:54:18,0.02383732795715332
2025-02-25 16:54:19,0.028535127639770508
2025-02-25 16:54:19,0.024243593215942383
2025-02-25 16:54:20,0.02447986602783203
2025-02-25 16:54:20,0.028652191162109375
2025-02-25 16:54:21,0.023994922637939453
2025-02-25 16:54:21,0.023617029190063477
2025-02-25 16:54:22,0.02361297607421875
2025-02-25 16:54:23,0.028465747833251953
2025-02-25 16:54:23,0.023909568786621094
2025-02-25 16:54:24,0.024011611938476562
2025-02-25 16:54:24,0.028203248977661133
2025-02-25 16:54:25,0.02831101417541504
2025-02-25 16:54:25,0.0235598087310791
2025-02-25 16:54:26,0.023611783981323242
2025-02-25 16:54:26,0.023857593536376953
2025-02-25 16:54:27,0.024233102798461914
2025-02-25 16:54:27,0.023571252822875977
2025-02-25 16:54:28,0.023412466049194336
2025-02-25 16:54:28,0.0280759334564209
2025-02-25 16:54:29,0.023555755615234375
2025-02-25 16:54:29,0.02386617660522461
2025-02-25 16:54:30,0.02354884147644043
2025-02-25 16:54:31,0.02345442771911621
2025-02-25 16:54:31,0.023651123046875
2025-02-25 16:54:32,0.02351856231689453
2025-02-25 16:54:33,0.02819538116455078
2025-02-25 16:54:33,0.02338099479675293
2025-02-25 16:54:34,0.02347588539123535
2025-02-25 16:54:34,0.023316144943237305
2025-02-25 16:54:35,0.023647069931030273
2025-02-25 16:54:36,0.024166107177734375
2025-02-25 16:54:36,0.028224468231201172
2025-02-25 16:54:37,0.023280858993530273
2025-02-25 16:54:37,0.024436473846435547
2025-02-25 16:54:38,0.023424386978149414
2025-02-25 16:54:39,0.023555517196655273
2025-02-25 16:54:39,0.02359771728515625
2025-02-25 16:54:40,0.02802586555480957
2025-02-25 16:54:40,0.02347707748413086
2025-02-25 16:54:41,0.02365899085998535
2025-02-25 16:54:42,0.023495912551879883
2025-02-25 16:54:42,0.02349376678466797
2025-02-25 16:54:43,0.023381948471069336
2025-02-25 16:54:43,0.023388385772705078
2025-02-25 16:54:44,0.02402472496032715
2025-02-25 16:54:45,0.023911714553833008
2025-02-25 16:54:45,0.02388143539428711
2025-02-25 16:54:46,0.028670310974121094
2025-02-25 16:54:47,0.023871421813964844
2025-02-25 16:54:47,0.02353835105895996
2025-02-25 16:54:48,0.023706912994384766
2025-02-25 16:54:49,0.023928165435791016
2025-02-25 16:54:49,0.02440166473388672
2025-02-25 16:54:50,0.024912118911743164
2025-02-25 16:54:51,0.02516770362854004
2025-02-25 16:54:52,0.025225400924682617
2025-02-25 16:54:52,0.025099754333496094
2025-02-25 16:54:53,0.03035759925842285
2025-02-25 16:54:54,0.03072524070739746
2025-02-25 16:54:55,0.03056645393371582
2025-02-25 16:54:55,0.026636123657226562
2025-02-25 16:54:56,0.026137351989746094
2025-02-25 16:54:57,0.0261232852935791
2025-02-25 16:54:57,0.030666351318359375
2025-02-25 16:54:58,0.025939226150512695
2025-02-25 16:54:59,0.026869535446166992
2025-02-25 16:54:59,0.027008771896362305
2025-02-25 16:55:00,0.026485443115234375
2025-02-25 16:55:01,0.02620840072631836
2025-02-25 16:55:02,0.03522539138793945
2025-02-25 16:55:02,0.03811383247375488
2025-02-25 16:55:03,0.035509347915649414
2025-02-25 16:55:04,0.033447265625
2025-02-25 16:55:05,0.03515291213989258
2025-02-25 16:55:05,0.035532474517822266
2025-02-25 16:55:06,0.041793107986450195
2025-02-25 16:55:07,0.04089808464050293
2025-02-25 16:55:08,0.03593039512634277
2025-02-25 16:55:08,0.03117513656616211
2025-02-25 16:55:09,0.026201725006103516
2025-02-25 16:55:10,0.02513408660888672
2025-02-25 16:55:10,0.028855562210083008
2025-02-25 16:55:11,0.024286508560180664
2025-02-25 16:55:12,0.02523207664489746
2025-02-25 16:55:12,0.023871183395385742
2025-02-25 16:55:13,0.024018526077270508
2025-02-25 16:55:14,0.024240493774414062
2025-02-25 16:55:15,0.023848533630371094
2025-02-25 16:55:15,0.02356553077697754
2025-02-25 16:55:16,0.02367568016052246
2025-02-25 16:55:16,0.027755022048950195
2025-02-25 16:55:17,0.02320551872253418
2025-02-25 16:55:18,0.023550987243652344
2025-02-25 16:55:18,0.02370452880859375
2025-02-25 16:55:19,0.024250507354736328
2025-02-25 16:55:20,0.0237729549407959
2025-02-25 16:55:20,0.023412704467773438
2025-02-25 16:55:21,0.023766279220581055
2025-02-25 16:55:21,0.023717403411865234
2025-02-25 16:55:22,0.02901935577392578
2025-02-25 16:55:23,0.023635149002075195
2025-02-25 16:55:23,0.02389669418334961
2025-02-25 16:55:24,0.02421283721923828
2025-02-25 16:55:25,0.030448198318481445
2025-02-25 16:55:26,0.027578353881835938
2025-02-25 16:55:26,0.033080339431762695
2025-02-25 16:55:27,0.027801036834716797
2025-02-25 16:55:28,0.030920028686523438
2025-02-25 16:55:29,0.026795387268066406
2025-02-25 16:55:29,0.0319364070892334
2025-02-25 16:55:30,0.03224635124206543
2025-02-25 16:55:31,0.03112030029296875
2025-02-25 16:55:32,0.025883913040161133
2025-02-25 16:55:32,0.026006460189819336
2025-02-25 16:55:33,0.02639484405517578
2025-02-25 16:55:34,0.025173664093017578
2025-02-25 16:55:34,0.025327682495117188
2025-02-25 16:55:35,0.030269622802734375
2025-02-25 16:55:36,0.02481365203857422
2025-02-25 16:55:36,0.02853870391845703
2025-02-25 16:55:37,0.024091005325317383
2025-02-25 16:55:38,0.029274940490722656
2025-02-25 16:55:38,0.024386167526245117
2025-02-25 16:55:39,0.024512529373168945
2025-02-25 16:55:40,0.025020599365234375
2025-02-25 16:55:40,0.02444148063659668
2025-02-25 16:55:41,0.024485111236572266
2025-02-25 16:55:42,0.02424311637878418
2025-02-25 16:55:42,0.024180889129638672
2025-02-25 16:55:43,0.024765491485595703
2025-02-25 16:55:44,0.026062965393066406
2025-02-25 16:55:45,0.025371313095092773
2025-02-25 16:55:45,0.02475714683532715
2025-02-25 16:55:46,0.025675058364868164
2025-02-25 16:55:47,0.02466297149658203
2025-02-25 16:55:48,0.023840904235839844
2025-02-25 16:55:48,0.02435302734375
2025-02-25 16:55:49,0.023938655853271484
2025-02-25 16:55:50,0.024235248565673828
2025-02-25 16:55:50,0.024769067764282227
2025-02-25 16:55:51,0.024728775024414062
2025-02-25 16:55:52,0.024755239486694336
2025-02-25 16:55:53,0.030734777450561523
2025-02-25 16:55:53,0.026920318603515625
2025-02-25 16:55:54,0.027332305908203125
2025-02-25 16:55:55,0.03156471252441406
2025-02-25 16:55:55,0.026441097259521484
2025-02-25 16:55:56,0.02701115608215332
2025-02-25 16:55:57,0.02601480484008789
2025-02-25 16:55:58,0.026096343994140625
2025-02-25 16:55:58,0.03159284591674805
2025-02-25 16:55:59,0.02680802345275879
2025-02-25 16:56:00,0.027340412139892578
2025-02-25 16:56:01,0.03188323974609375
2025-02-25 16:56:01,0.03215956687927246
2025-02-25 16:56:02,0.025863170623779297
2025-02-25 16:56:03,0.026011228561401367
2025-02-25 16:56:04,0.0323789119720459
2025-02-25 16:56:04,0.02686929702758789
2025-02-25 16:56:05,0.026463985443115234
2025-02-25 16:56:06,0.025939464569091797
2025-02-25 16:56:06,0.02695941925048828
2025-02-25 16:56:07,0.02694535255432129
2025-02-25 16:56:08,0.026656627655029297
2025-02-25 16:56:09,0.026750564575195312
2025-02-25 16:56:10,0.02599048614501953
2025-02-25 16:56:10,0.02981853485107422
2025-02-25 16:56:11,0.024752378463745117
2025-02-25 16:56:12,0.025722742080688477
2025-02-25 16:56:13,0.025849342346191406
2025-02-25 16:56:13,0.02585601806640625
2025-02-25 16:56:14,0.030345439910888672
2025-02-25 16:56:15,0.029441118240356445
2025-02-25 16:56:16,0.027061939239501953
2025-02-25 16:56:16,0.02754688262939453
2025-02-25 16:56:17,0.02714371681213379
2025-02-25 16:56:18,0.028746366500854492
2025-02-25 16:56:19,0.03360438346862793
2025-02-25 16:56:20,0.02844977378845215
2025-02-25 16:56:21,0.028040409088134766
2025-02-25 16:56:22,0.03655815124511719
2025-02-25 16:56:22,0.03705334663391113
2025-02-25 16:56:23,0.03702664375305176
2025-02-25 16:56:24,0.04170560836791992
2025-02-25 16:56:25,0.038440704345703125
2025-02-25 16:56:26,0.04165005683898926
2025-02-25 16:56:27,0.03589510917663574
2025-02-25 16:56:27,0.037207841873168945
2025-02-25 16:56:28,0.042427778244018555
2025-02-25 16:56:29,0.041947126388549805
2025-02-25 16:56:30,0.042972564697265625
2025-02-25 16:56:31,0.044492244720458984
2025-02-25 16:56:32,0.04415559768676758
2025-02-25 16:56:33,0.04271197319030762
2025-02-25 16:56:34,0.04101085662841797
2025-02-25 16:56:35,0.04224705696105957
2025-02-25 16:56:36,0.043624162673950195
2025-02-25 16:56:37,0.04310321807861328
2025-02-25 16:56:38,0.04461550712585449
2025-02-25 16:56:38,0.04379010200500488
2025-02-25 16:56:39,0.043634653091430664
2025-02-25 16:56:40,0.0446929931640625
2025-02-25 16:56:41,0.04472041130065918
2025-02-25 16:56:42,0.04358530044555664
2025-02-25 16:56:43,0.036792755126953125
2025-02-25 16:56:44,0.036871910095214844
2025-02-25 16:56:45,0.03991127014160156
2025-02-25 16:56:46,0.040343523025512695
2025-02-25 16:56:47,0.04156756401062012
2025-02-25 16:56:48,0.04012775421142578
2025-02-25 16:56:48,0.04173469543457031
2025-02-25 16:56:49,0.04349517822265625
2025-02-25 16:56:50,0.03888273239135742
2025-02-25 16:56:51,0.0425419807434082
2025-02-25 16:56:52,0.043363094329833984
2025-02-25 16:56:53,0.04282331466674805
2025-02-25 16:56:54,0.03879380226135254
2025-02-25 16:56:55,0.0453333854675293
2025-02-25 16:56:56,0.04645729064941406
2025-02-25 16:56:57,0.04624366760253906
2025-02-25 16:56:58,0.039745330810546875
2025-02-25 16:56:59,0.04358339309692383
2025-02-25 16:57:00,0.04239344596862793
2025-02-25 16:57:01,0.03644704818725586
2025-02-25 16:57:02,0.03770112991333008
2025-02-25 16:57:03,0.04312849044799805
2025-02-25 16:57:04,0.03853297233581543
2025-02-25 16:57:05,0.03345942497253418
2025-02-25 16:57:06,0.036611080169677734
2025-02-25 16:57:07,0.03665757179260254
2025-02-25 16:57:08,0.043535470962524414
2025-02-25 16:57:09,0.038840293884277344
2025-02-25 16:57:10,0.03691816329956055
2025-02-25 16:57:11,0.03903055191040039
2025-02-25 16:57:12,0.03554368019104004
2025-02-25 16:57:13,0.04103231430053711
2025-02-25 16:57:14,0.03690767288208008
2025-02-25 16:57:15,0.039199113845825195
2025-02-25 16:57:16,0.04269599914550781
2025-02-25 16:57:17,0.03833341598510742
2025-02-25 16:57:18,0.04354739189147949
2025-02-25 16:57:18,0.04338669776916504
2025-02-25 16:57:19,0.04390311241149902
2025-02-25 16:57:20,0.03849625587463379
2025-02-25 16:57:21,0.04016280174255371
2025-02-25 16:57:22,0.03930163383483887
2025-02-25 16:57:23,0.040245771408081055
2025-02-25 16:57:24,0.042221784591674805
2025-02-25 16:57:25,0.04552960395812988
2025-02-25 16:57:25,0.04782724380493164
2025-02-25 16:57:26,0.048131704330444336
2025-02-25 16:57:27,0.04871344566345215
2025-02-25 16:57:28,0.04526185989379883
2025-02-25 16:57:29,0.045267581939697266
2025-02-25 16:57:30,0.0445404052734375
2025-02-25 16:57:31,0.048352718353271484
2025-02-25 16:57:32,0.044515371322631836
2025-02-25 16:57:32,0.041950225830078125
2025-02-25 16:57:33,0.044519901275634766
2025-02-25 16:57:34,0.03847527503967285
2025-02-25 16:57:35,0.03515505790710449
2025-02-25 16:57:35,0.03715634346008301
2025-02-25 16:57:36,0.042237281799316406
2025-02-25 16:57:36,0.04212474822998047
2025-02-25 16:57:37,0.037395477294921875
2025-02-25 16:57:38,0.03661990165710449
2025-02-25 16:57:38,0.035149574279785156
2025-02-25 16:57:39,0.039083003997802734
2025-02-25 16:57:39,0.035312652587890625
2025-02-25 16:57:40,0.030761003494262695
2025-02-25 16:57:40,0.02735161781311035
2025-02-25 16:57:41,0.03023362159729004
2025-02-25 16:57:41,0.03533816337585449
2025-02-25 16:57:42,0.04308176040649414
2025-02-25 16:57:42,0.042096614837646484
2025-02-25 16:57:43,0.038268327713012695
2025-02-25 16:57:43,0.041748762130737305
2025-02-25 16:57:44,0.04102039337158203
2025-02-25 16:57:44,0.036699771881103516
2025-02-25 16:57:45,0.0345616340637207
2025-02-25 16:57:45,0.03137779235839844
2025-02-25 16:57:46,0.027596712112426758
2025-02-25 16:57:46,0.02722311019897461
2025-02-25 16:57:47,0.02634596824645996
2025-02-25 16:57:47,0.025281429290771484
2025-02-25 16:57:48,0.02457118034362793
2025-02-25 16:57:48,0.024160385131835938
2025-02-25 16:57:49,0.028650999069213867
2025-02-25 16:57:49,0.027982711791992188
2025-02-25 16:57:50,0.028395414352416992
2025-02-25 16:57:50,0.02817368507385254
2025-02-25 16:57:51,0.02365565299987793
2025-02-25 16:57:51,0.028647899627685547
2025-02-25 16:57:52,0.02371811866760254
2025-02-25 16:57:52,0.028465986251831055
2025-02-25 16:57:53,0.028334617614746094
2025-02-25 16:57:53,0.023592233657836914
2025-02-25 16:57:53,0.028307676315307617
2025-02-25 16:57:54,0.02866983413696289
2025-02-25 16:57:55,0.028287410736083984
2025-02-25 16:57:55,0.02848339080810547
2025-02-25 16:57:55,0.028245925903320312
2025-02-25 16:57:56,0.023834943771362305
2025-02-25 16:57:56,0.023896455764770508
2025-02-25 16:57:57,0.029560327529907227
2025-02-25 16:57:57,0.02356123924255371
2025-02-25 16:57:58,0.028418779373168945
2025-02-25 16:57:58,0.023814916610717773
2025-02-25 16:57:59,0.02373647689819336
2025-02-25 16:57:59,0.028296709060668945
2025-02-25 16:57:59,0.02385568618774414
2025-02-25 16:58:00,0.023885011672973633
2025-02-25 16:58:00,0.02373790740966797
2025-02-25 16:58:01,0.02363896369934082
2025-02-25 16:58:02,0.02337789535522461
2025-02-25 16:58:02,0.02460789680480957
2025-02-25 16:58:03,0.02356743812561035
2025-02-25 16:58:03,0.023526430130004883
2025-02-25 16:58:04,0.023250102996826172
2025-02-25 16:58:04,0.028303146362304688
2025-02-25 16:58:05,0.023329973220825195
2025-02-25 16:58:05,0.023357868194580078
2025-02-25 16:58:06,0.02339625358581543
2025-02-25 16:58:06,0.023424386978149414
2025-02-25 16:58:07,0.02428889274597168
2025-02-25 16:58:07,0.023792743682861328
2025-02-25 16:58:08,0.023632049560546875
2025-02-25 16:58:08,0.023511886596679688
2025-02-25 16:58:09,0.02362346649169922
2025-02-25 16:58:09,0.023682355880737305
2025-02-25 16:58:10,0.02391195297241211
2025-02-25 16:58:10,0.023710966110229492
2025-02-25 16:58:11,0.0236356258392334
2025-02-25 16:58:11,0.024009227752685547
2025-02-25 16:58:12,0.02428126335144043
2025-02-25 16:58:12,0.028416872024536133
2025-02-25 16:58:13,0.023543596267700195
2025-02-25 16:58:13,0.028093576431274414
2025-02-25 16:58:13,0.02358722686767578
2025-02-25 16:58:14,0.023758888244628906
2025-02-25 16:58:14,0.023682355880737305
2025-02-25 16:58:15,0.02414870262145996
2025-02-25 16:58:15,0.02860713005065918
2025-02-25 16:58:16,0.023663043975830078
2025-02-25 16:58:16,0.028257369995117188
2025-02-25 16:58:17,0.02361893653869629
2025-02-25 16:58:17,0.023543357849121094
2025-02-25 16:58:17,0.023784875869750977
2025-02-25 16:58:18,0.023491859436035156
2025-02-25 16:58:18,0.023786067962646484
2025-02-25 16:58:19,0.02383565902709961
2025-02-25 16:58:19,0.023566246032714844
2025-02-25 16:58:20,0.02354907989501953
2025-02-25 16:58:20,0.023729324340820312
2025-02-25 16:58:21,0.023517370223999023
2025-02-25 16:58:21,0.023454904556274414
2025-02-25 16:58:22,0.023699283599853516
2025-02-25 16:58:22,0.023666858673095703
2025-02-25 16:58:22,0.023392200469970703
2025-02-25 16:58:23,0.023329973220825195
2025-02-25 16:58:23,0.023350238800048828
2025-02-25 16:58:24,0.023369789123535156
2025-02-25 16:58:24,0.023455142974853516
2025-02-25 16:58:25,0.023647308349609375
2025-02-25 16:58:25,0.023639440536499023
2025-02-25 16:58:26,0.023563623428344727
2025-02-25 16:58:26,0.02868962287902832
2025-02-25 16:58:27,0.023916006088256836
2025-02-25 16:58:27,0.023808002471923828
2025-02-25 16:58:27,0.023793935775756836
2025-02-25 16:58:28,0.023754596710205078
2025-02-25 16:58:28,0.024282217025756836
2025-02-25 16:58:29,0.023897171020507812
2025-02-25 16:58:29,0.024050474166870117
2025-02-25 16:58:30,0.02395009994506836
2025-02-25 16:58:30,0.02465987205505371
2025-02-25 16:58:31,0.023784875869750977
2025-02-25 16:58:31,0.023466825485229492
2025-02-25 16:58:32,0.023584604263305664
2025-02-25 16:58:32,0.023708581924438477
2025-02-25 16:58:32,0.02400946617126465
2025-02-25 16:58:33,0.028455495834350586
2025-02-25 16:58:33,0.02364802360534668
2025-02-25 16:58:34,0.02841949462890625
2025-02-25 16:58:34,0.02434706687927246
2025-02-25 16:58:35,0.023988723754882812
2025-02-25 16:58:35,0.023684024810791016
2025-02-25 16:58:36,0.024210691452026367
2025-02-25 16:58:36,0.02386188507080078
2025-02-25 16:58:37,0.02404332160949707
2025-02-25 16:58:37,0.023995637893676758
2025-02-25 16:58:38,0.024029016494750977
2025-02-25 16:58:38,0.024047374725341797
2025-02-25 16:58:39,0.024181127548217773
2025-02-25 16:58:39,0.023851394653320312
2025-02-25 16:58:39,0.023608684539794922
2025-02-25 16:58:40,0.023587465286254883
2025-02-25 16:58:40,0.023560762405395508
2025-02-25 16:58:41,0.023486852645874023
2025-02-25 16:58:41,0.023824453353881836
2025-02-25 16:58:42,0.02384662628173828
2025-02-25 16:58:42,0.023575544357299805
2025-02-25 16:58:43,0.023282289505004883
2025-02-25 16:58:43,0.023534536361694336
2025-02-25 16:58:44,0.02369379997253418
2025-02-25 16:58:44,0.02354264259338379
2025-02-25 16:58:45,0.023815393447875977
2025-02-25 16:58:45,0.023940563201904297
2025-02-25 16:58:46,0.028517484664916992
2025-02-25 16:58:46,0.02390909194946289
2025-02-25 16:58:46,0.024141788482666016
2025-02-25 16:58:47,0.023534774780273438
2025-02-25 16:58:47,0.028546571731567383
2025-02-25 16:58:48,0.023783445358276367
2025-02-25 16:58:48,0.023702621459960938
2025-02-25 16:58:49,0.023403167724609375
2025-02-25 16:58:49,0.02849268913269043
2025-02-25 16:58:49,0.0237429141998291
2025-02-25 16:58:50,0.0282745361328125
2025-02-25 16:58:50,0.023452281951904297
2025-02-25 16:58:51,0.023428916931152344
2025-02-25 16:58:51,0.028069496154785156
2025-02-25 16:58:51,0.028080463409423828
2025-02-25 16:58:52,0.028107643127441406
2025-02-25 16:58:52,0.02351689338684082
2025-02-25 16:58:52,0.023654460906982422
2025-02-25 16:58:53,0.02826523780822754
2025-02-25 16:58:53,0.028174638748168945
2025-02-25 16:58:53,0.023288488388061523
2025-02-25 16:58:54,0.022832393646240234
2025-02-25 16:58:54,0.02234339714050293
2025-02-25 16:58:54,0.026856184005737305
2025-02-25 16:58:55,0.02247476577758789
2025-02-25 16:58:55,0.022502660751342773
2025-02-25 16:58:55,0.027505874633789062
2025-02-25 16:58:56,0.027465105056762695
2025-02-25 16:58:56,0.022307395935058594
2025-02-25 16:58:56,0.02694106101989746
2025-02-25 16:58:57,0.026946544647216797
2025-02-25 16:58:57,0.02231884002685547
2025-02-25 16:58:57,0.026986360549926758
2025-02-25 16:58:58,0.027265548706054688
2025-02-25 16:58:58,0.022505998611450195
2025-02-25 16:58:58,0.022523880004882812
2025-02-25 16:58:59,0.027866125106811523
2025-02-25 16:58:59,0.02855086326599121
2025-02-25 16:58:59,0.023678064346313477
2025-02-25 16:59:00,0.023180246353149414
2025-02-25 16:59:00,0.02791309356689453
2025-02-25 16:59:00,0.027702808380126953
2025-02-25 16:59:01,0.022189617156982422
2025-02-25 16:59:01,0.0228118896484375
2025-02-25 16:59:01,0.023447751998901367
2025-02-25 16:59:02,0.023538589477539062
2025-02-25 16:59:02,0.023558616638183594
2025-02-25 16:59:02,0.02368760108947754
2025-02-25 16:59:03,0.023603439331054688
2025-02-25 16:59:03,0.023514509201049805
2025-02-25 16:59:03,0.02356433868408203
2025-02-25 16:59:04,0.023482799530029297
2025-02-25 16:59:04,0.02371978759765625
2025-02-25 16:59:05,0.028080224990844727
2025-02-25 16:59:05,0.02349853515625
2025-02-25 16:59:05,0.02827000617980957
2025-02-25 16:59:06,0.023424386978149414
2025-02-25 16:59:06,0.023522615432739258
2025-02-25 16:59:07,0.023465394973754883
2025-02-25 16:59:07,0.027974843978881836
2025-02-25 16:59:08,0.02817511558532715
2025-02-25 16:59:08,0.028130292892456055
2025-02-25 16:59:08,0.023640871047973633
2025-02-25 16:59:09,0.02365589141845703
2025-02-25 16:59:09,0.02781963348388672
2025-02-25 16:59:10,0.02367115020751953
2025-02-25 16:59:10,0.023791074752807617
2025-02-25 16:59:11,0.02372431755065918
2025-02-25 16:59:11,0.02344655990600586
2025-02-25 16:59:12,0.028539419174194336
2025-02-25 16:59:13,0.023694515228271484
2025-02-25 16:59:13,0.028180599212646484
2025-02-25 16:59:14,0.023781299591064453
2025-02-25 16:59:14,0.02362656593322754
2025-02-25 16:59:15,0.028630971908569336
2025-02-25 16:59:16,0.024557828903198242
2025-02-25 16:59:16,0.023564577102661133
2025-02-25 16:59:17,0.023863554000854492
2025-02-25 16:59:17,0.024078369140625
2025-02-25 16:59:18,0.023792266845703125
2025-02-25 16:59:18,0.023885488510131836
2025-02-25 16:59:19,0.024397850036621094
2025-02-25 16:59:20,0.029489755630493164
2025-02-25 16:59:20,0.023958683013916016
2025-02-25 16:59:21,0.023842334747314453
2025-02-25 16:59:21,0.024163007736206055
2025-02-25 16:59:22,0.023929357528686523
2025-02-25 16:59:22,0.023851394653320312
2025-02-25 16:59:23,0.024149656295776367
2025-02-25 16:59:24,0.023724079132080078
2025-02-25 16:59:24,0.024232864379882812
2025-02-25 16:59:25,0.024296998977661133
2025-02-25 16:59:25,0.024161815643310547
2025-02-25 16:59:26,0.024895906448364258
2025-02-25 16:59:27,0.024952411651611328
2025-02-25 16:59:27,0.026066064834594727
2025-02-25 16:59:28,0.025783300399780273
2025-02-25 16:59:28,0.026096820831298828
2025-02-25 16:59:29,0.026810646057128906
2025-02-25 16:59:30,0.027261734008789062
2025-02-25 16:59:30,0.02508234977722168
2025-02-25 16:59:31,0.02554798126220703
2025-02-25 16:59:32,0.025766611099243164
2025-02-25 16:59:32,0.026195526123046875
2025-02-25 16:59:33,0.02588200569152832
2025-02-25 16:59:34,0.025936603546142578
2025-02-25 16:59:34,0.02732372283935547
2025-02-25 16:59:35,0.027062177658081055
2025-02-25 16:59:36,0.03273439407348633
2025-02-25 16:59:36,0.02729511260986328
2025-02-25 16:59:37,0.03092670440673828
2025-02-25 16:59:38,0.027163028717041016
2025-02-25 16:59:38,0.03256821632385254
2025-02-25 16:59:39,0.03157782554626465
2025-02-25 16:59:40,0.03720712661743164
2025-02-25 16:59:40,0.035531044006347656
2025-02-25 16:59:41,0.03989291191101074
2025-02-25 16:59:42,0.03618645668029785
2025-02-25 16:59:42,0.04137372970581055
2025-02-25 16:59:43,0.03775453567504883
2025-02-25 16:59:44,0.03505206108093262
2025-02-25 16:59:44,0.039327383041381836
2025-02-25 16:59:45,0.03141927719116211
2025-02-25 16:59:46,0.03260159492492676
2025-02-25 16:59:46,0.03199362754821777
2025-02-25 16:59:47,0.02590012550354004
2025-02-25 16:59:48,0.030933141708374023
2025-02-25 16:59:48,0.026912689208984375
2025-02-25 16:59:49,0.027294158935546875
2025-02-25 16:59:49,0.026265859603881836
2025-02-25 16:59:50,0.026773452758789062
2025-02-25 16:59:51,0.026116371154785156
2025-02-25 16:59:51,0.026198387145996094
2025-02-25 16:59:52,0.025928497314453125
2025-02-25 16:59:53,0.0259249210357666
2025-02-25 16:59:53,0.026099443435668945
2025-02-25 16:59:54,0.029607057571411133
2025-02-25 16:59:55,0.024762630462646484
2025-02-25 16:59:55,0.0259554386138916
2025-02-25 16:59:56,0.030937910079956055
2025-02-25 16:59:56,0.024412870407104492
2025-02-25 16:59:57,0.023836374282836914
2025-02-25 16:59:58,0.024234294891357422
2025-02-25 16:59:58,0.023952960968017578
2025-02-25 16:59:59,0.02396702766418457
2025-02-25 17:00:00,0.024350881576538086
2025-02-25 17:00:00,0.023841381072998047
2025-02-25 17:00:01,0.02371501922607422
2025-02-25 17:00:02,0.023642539978027344
2025-02-25 17:00:02,0.02366018295288086
2025-02-25 17:00:03,0.02366781234741211
2025-02-25 17:00:04,0.024196624755859375
2025-02-25 17:00:04,0.02447342872619629
2025-02-25 17:00:05,0.030817270278930664
2025-02-25 17:00:06,0.02654123306274414
2025-02-25 17:00:06,0.02649998664855957
2025-02-25 17:00:07,0.027205228805541992
2025-02-25 17:00:07,0.027039766311645508
2025-02-25 17:00:08,0.028373241424560547
2025-02-25 17:00:09,0.027855396270751953
2025-02-25 17:00:09,0.027460098266601562
2025-02-25 17:00:10,0.028023242950439453
2025-02-25 17:00:11,0.02760910987854004
2025-02-25 17:00:11,0.0321040153503418
2025-02-25 17:00:12,0.025946378707885742
2025-02-25 17:00:12,0.025819778442382812
2025-02-25 17:00:13,0.031001806259155273
2025-02-25 17:00:14,0.035353660583496094
2025-02-25 17:00:14,0.03548789024353027
2025-02-25 17:00:15,0.03560638427734375
2025-02-25 17:00:16,0.03976273536682129
2025-02-25 17:00:16,0.03043198585510254
2025-02-25 17:00:17,0.026860952377319336
2025-02-25 17:00:18,0.025777816772460938
2025-02-25 17:00:18,0.024121522903442383
2025-02-25 17:00:19,0.028617143630981445
2025-02-25 17:00:20,0.023824453353881836
2025-02-25 17:00:20,0.024226903915405273
2025-02-25 17:00:21,0.02410435676574707
2025-02-25 17:00:21,0.023762941360473633
2025-02-25 17:00:22,0.024054527282714844
2025-02-25 17:00:23,0.024384260177612305
2025-02-25 17:00:23,0.023737668991088867
2025-02-25 17:00:24,0.024029016494750977
2025-02-25 17:00:25,0.025140047073364258
2025-02-25 17:00:25,0.02657628059387207
2025-02-25 17:00:26,0.027017593383789062
2025-02-25 17:00:26,0.02655768394470215
2025-02-25 17:00:27,0.025602102279663086
2025-02-25 17:00:28,0.02516770362854004
2025-02-25 17:00:28,0.026491641998291016
2025-02-25 17:00:29,0.033298492431640625
2025-02-25 17:00:30,0.03722214698791504
2025-02-25 17:00:30,0.03565168380737305
2025-02-25 17:00:31,0.04053831100463867
2025-02-25 17:00:32,0.040523529052734375
2025-02-25 17:00:32,0.03613996505737305
2025-02-25 17:00:33,0.03668856620788574
2025-02-25 17:00:33,0.028298139572143555
2025-02-25 17:00:34,0.02766871452331543
2025-02-25 17:00:35,0.025745630264282227
2025-02-25 17:00:35,0.02503681182861328
2025-02-25 17:00:36,0.02478480339050293
2025-02-25 17:00:37,0.024248361587524414
2025-02-25 17:00:37,0.02453446388244629
2025-02-25 17:00:38,0.02376413345336914
2025-02-25 17:00:39,0.024624109268188477
2025-02-25 17:00:39,0.024129629135131836
2025-02-25 17:00:40,0.024475812911987305
2025-02-25 17:00:40,0.024513721466064453
2025-02-25 17:00:41,0.02482461929321289
2025-02-25 17:00:41,0.024405956268310547
2025-02-25 17:00:42,0.024471521377563477
2025-02-25 17:00:43,0.024326324462890625
2025-02-25 17:00:43,0.024375200271606445
2025-02-25 17:00:44,0.024796485900878906
2025-02-25 17:00:44,0.02435588836669922
2025-02-25 17:00:45,0.024053573608398438
2025-02-25 17:00:45,0.02385234832763672
2025-02-25 17:00:46,0.02377033233642578
2025-02-25 17:00:47,0.023812532424926758
2025-02-25 17:00:47,0.023871183395385742
2025-02-25 17:00:48,0.0243985652923584
2025-02-25 17:00:48,0.02489471435546875
2025-02-25 17:00:49,0.025146961212158203
2025-02-25 17:00:49,0.025537729263305664
2025-02-25 17:00:50,0.026483535766601562
2025-02-25 17:00:51,0.025850296020507812
2025-02-25 17:00:51,0.02504444122314453
2025-02-25 17:00:52,0.02461528778076172
2025-02-25 17:00:53,0.02618551254272461
2025-02-25 17:00:53,0.026016712188720703
2025-02-25 17:00:54,0.02449798583984375
2025-02-25 17:00:54,0.024806976318359375
2025-02-25 17:00:55,0.029871463775634766
2025-02-25 17:00:56,0.025952577590942383
2025-02-25 17:00:56,0.024514198303222656
2025-02-25 17:00:57,0.024761676788330078
2025-02-25 17:00:58,0.024332523345947266
2025-02-25 17:00:58,0.02390313148498535
2025-02-25 17:00:59,0.024436235427856445
2025-02-25 17:00:59,0.0259249210357666
2025-02-25 17:01:00,0.025857925415039062
2025-02-25 17:01:00,0.025920867919921875
2025-02-25 17:01:01,0.025137662887573242
2025-02-25 17:01:02,0.024532318115234375
2025-02-25 17:01:02,0.024413585662841797
2025-02-25 17:01:03,0.02383732795715332
2025-02-25 17:01:03,0.023701190948486328
2025-02-25 17:01:04,0.023604393005371094
2025-02-25 17:01:04,0.023360729217529297
2025-02-25 17:01:05,0.023465394973754883
2025-02-25 17:01:06,0.023618698120117188
2025-02-25 17:01:06,0.02349090576171875
2025-02-25 17:01:07,0.023818254470825195
2025-02-25 17:01:07,0.023683547973632812
2025-02-25 17:01:08,0.023688793182373047
2025-02-25 17:01:08,0.023836135864257812
2025-02-25 17:01:09,0.023735761642456055
2025-02-25 17:01:10,0.024076223373413086
2025-02-25 17:01:10,0.023865461349487305
2025-02-25 17:01:11,0.02375030517578125
2025-02-25 17:01:11,0.023706674575805664
2025-02-25 17:01:12,0.028622865676879883
2025-02-25 17:01:12,0.024509668350219727
2025-02-25 17:01:13,0.024237871170043945
2025-02-25 17:01:13,0.025008201599121094
2025-02-25 17:01:14,0.024321794509887695
2025-02-25 17:01:14,0.02391672134399414
2025-02-25 17:01:15,0.023879051208496094
2025-02-25 17:01:15,0.02462291717529297
2025-02-25 17:01:16,0.024166584014892578
2025-02-25 17:01:16,0.024115324020385742
2025-02-25 17:01:17,0.024056196212768555
2025-02-25 17:01:17,0.02378392219543457
2025-02-25 17:01:18,0.0235288143157959
2025-02-25 17:01:18,0.02409529685974121
2025-02-25 17:01:19,0.023728370666503906
2025-02-25 17:01:19,0.023588180541992188
2025-02-25 17:01:20,0.02409815788269043
2025-02-25 17:01:20,0.024468421936035156
2025-02-25 17:01:21,0.02541375160217285
2025-02-25 17:01:21,0.024865150451660156
2025-02-25 17:01:22,0.024210691452026367
2025-02-25 17:01:22,0.024135351181030273
2025-02-25 17:01:23,0.023847103118896484
2025-02-25 17:01:23,0.02387547492980957
2025-02-25 17:01:24,0.023744583129882812
2025-02-25 17:01:25,0.023873090744018555
2025-02-25 17:01:25,0.02432417869567871
2025-02-25 17:01:26,0.02411484718322754
2025-02-25 17:01:26,0.024010896682739258
2025-02-25 17:01:27,0.02390599250793457
2025-02-25 17:01:27,0.02374267578125
2025-02-25 17:01:28,0.023771047592163086
2025-02-25 17:01:28,0.02359175682067871
2025-02-25 17:01:29,0.023760557174682617
2025-02-25 17:01:29,0.023685693740844727
2025-02-25 17:01:30,0.023594379425048828
2025-02-25 17:01:30,0.023720741271972656
2025-02-25 17:01:31,0.02472400665283203
2025-02-25 17:01:31,0.025087356567382812
2025-02-25 17:01:32,0.02458667755126953
2025-02-25 17:01:32,0.02496790885925293
2025-02-25 17:01:33,0.026004314422607422
2025-02-25 17:01:34,0.03136038780212402
2025-02-25 17:01:34,0.024831533432006836
2025-02-25 17:01:35,0.025138378143310547
2025-02-25 17:01:35,0.025005817413330078
2025-02-25 17:01:36,0.025562524795532227
2025-02-25 17:01:36,0.02510857582092285
2025-02-25 17:01:37,0.024752140045166016
2025-02-25 17:01:37,0.024365901947021484
2025-02-25 17:01:38,0.0245208740234375
2025-02-25 17:01:39,0.030322790145874023
2025-02-25 17:01:39,0.02538132667541504
2025-02-25 17:01:40,0.0261077880859375
2025-02-25 17:01:40,0.026968717575073242
2025-02-25 17:01:41,0.02685379981994629
2025-02-25 17:01:42,0.027024030685424805
2025-02-25 17:01:42,0.027410030364990234
2025-02-25 17:01:43,0.02545642852783203
2025-02-25 17:01:44,0.024744272232055664
2025-02-25 17:01:44,0.024649381637573242
2025-02-25 17:01:45,0.024783611297607422
2025-02-25 17:01:46,0.025784015655517578
2025-02-25 17:01:46,0.026149749755859375
2025-02-25 17:01:47,0.03253650665283203
2025-02-25 17:01:47,0.03318047523498535
2025-02-25 17:01:48,0.034983158111572266
2025-02-25 17:01:49,0.03403019905090332
2025-02-25 17:01:49,0.03599071502685547
2025-02-25 17:01:50,0.03723931312561035
2025-02-25 17:01:51,0.03759574890136719
2025-02-25 17:01:51,0.03243374824523926
2025-02-25 17:01:52,0.032114267349243164
2025-02-25 17:01:53,0.03251385688781738
2025-02-25 17:01:53,0.028020858764648438
2025-02-25 17:01:54,0.029970407485961914
2025-02-25 17:01:55,0.03273367881774902
2025-02-25 17:01:55,0.03448081016540527
2025-02-25 17:01:56,0.03745722770690918
2025-02-25 17:01:57,0.03556370735168457
2025-02-25 17:01:58,0.03460097312927246
2025-02-25 17:01:58,0.03592276573181152
2025-02-25 17:01:59,0.0313420295715332
2025-02-25 17:02:00,0.026938915252685547
2025-02-25 17:02:00,0.03160524368286133
2025-02-25 17:02:01,0.02655649185180664
2025-02-25 17:02:02,0.02644634246826172
2025-02-25 17:02:02,0.02735424041748047
2025-02-25 17:02:03,0.02706599235534668
2025-02-25 17:02:04,0.026935100555419922
2025-02-25 17:02:04,0.026986360549926758
2025-02-25 17:02:05,0.026399850845336914
2025-02-25 17:02:06,0.025417566299438477
2025-02-25 17:02:06,0.02492213249206543
2025-02-25 17:02:07,0.0258944034576416
2025-02-25 17:02:07,0.027055978775024414
2025-02-25 17:02:08,0.026041269302368164
2025-02-25 17:02:08,0.025258302688598633
2025-02-25 17:02:09,0.02541661262512207
2025-02-25 17:02:10,0.030585765838623047
2025-02-25 17:02:10,0.024322032928466797
2025-02-25 17:02:11,0.02402639389038086
2025-02-25 17:02:11,0.02401423454284668
2025-02-25 17:02:12,0.02624225616455078
2025-02-25 17:02:13,0.027680635452270508
2025-02-25 17:02:13,0.025793790817260742
2025-02-25 17:02:14,0.025019407272338867
2025-02-25 17:02:14,0.0250244140625
2025-02-25 17:02:15,0.02501082420349121
2025-02-25 17:02:16,0.026507854461669922
2025-02-25 17:02:16,0.02582240104675293
2025-02-25 17:02:17,0.030135631561279297
2025-02-25 17:02:17,0.026228666305541992
2025-02-25 17:02:18,0.027240753173828125
2025-02-25 17:02:19,0.026410818099975586
2025-02-25 17:02:19,0.035874128341674805
2025-02-25 17:02:20,0.04110407829284668
2025-02-25 17:02:21,0.03068709373474121
2025-02-25 17:02:21,0.02476811408996582
2025-02-25 17:02:22,0.025042057037353516
2025-02-25 17:02:22,0.024846553802490234
2025-02-25 17:02:23,0.02539992332458496
2025-02-25 17:02:23,0.0259859561920166
2025-02-25 17:02:24,0.0257875919342041
2025-02-25 17:02:25,0.026824474334716797
2025-02-25 17:02:25,0.025913476943969727
2025-02-25 17:02:26,0.025197744369506836
2025-02-25 17:02:26,0.026350736618041992
2025-02-25 17:02:27,0.026911020278930664
2025-02-25 17:02:27,0.025804758071899414
2025-02-25 17:02:28,0.024973154067993164
2025-02-25 17:02:28,0.025467872619628906
2025-02-25 17:02:29,0.025008440017700195
2025-02-25 17:02:29,0.025447368621826172
2025-02-25 17:02:30,0.026080608367919922
2025-02-25 17:02:30,0.025531768798828125
2025-02-25 17:02:31,0.02452397346496582
2025-02-25 17:02:31,0.02448105812072754
2025-02-25 17:02:32,0.025526762008666992
2025-02-25 17:02:32,0.025150775909423828
2025-02-25 17:02:33,0.02924799919128418
2025-02-25 17:02:33,0.02442026138305664
2025-02-25 17:02:34,0.024993181228637695
2025-02-25 17:02:34,0.024971723556518555
2025-02-25 17:02:35,0.025626659393310547
2025-02-25 17:02:36,0.02509307861328125
2025-02-25 17:02:36,0.025384187698364258
2025-02-25 17:02:37,0.02422928810119629
2025-02-25 17:02:37,0.023963212966918945
2025-02-25 17:02:37,0.02379441261291504
2025-02-25 17:02:38,0.023928165435791016
2025-02-25 17:02:38,0.02381134033203125
2025-02-25 17:02:39,0.023740768432617188
2025-02-25 17:02:39,0.023899316787719727
2025-02-25 17:02:40,0.02457404136657715
2025-02-25 17:02:40,0.024112462997436523
2025-02-25 17:02:41,0.024271726608276367
2025-02-25 17:02:41,0.02386331558227539
2025-02-25 17:02:41,0.02377772331237793
2025-02-25 17:02:42,0.02394866943359375
2025-02-25 17:02:42,0.024182558059692383
2025-02-25 17:02:43,0.023613452911376953
2025-02-25 17:02:43,0.023788928985595703
2025-02-25 17:02:44,0.023717641830444336
2025-02-25 17:02:44,0.023547649383544922
2025-02-25 17:02:45,0.023470401763916016
2025-02-25 17:02:45,0.028290748596191406
2025-02-25 17:02:45,0.02821636199951172
2025-02-25 17:02:46,0.023708343505859375
2025-02-25 17:02:46,0.028217315673828125
2025-02-25 17:02:47,0.028153657913208008
2025-02-25 17:02:47,0.023583173751831055
2025-02-25 17:02:48,0.027800321578979492
2025-02-25 17:02:48,0.028066396713256836
2025-02-25 17:02:49,0.02791881561279297
2025-02-25 17:02:49,0.023636817932128906
2025-02-25 17:02:50,0.028265714645385742
2025-02-25 17:02:50,0.028203487396240234
2025-02-25 17:02:51,0.028194904327392578
2025-02-25 17:02:52,0.023572206497192383
2025-02-25 17:02:52,0.02837991714477539
2025-02-25 17:02:53,0.028569698333740234
2025-02-25 17:02:53,0.02384638786315918
2025-02-25 17:02:54,0.02845287322998047
2025-02-25 17:02:55,0.028370141983032227
2025-02-25 17:02:55,0.028457164764404297
2025-02-25 17:02:56,0.023824214935302734
2025-02-25 17:02:56,0.023830652236938477
2025-02-25 17:02:57,0.028348684310913086
2025-02-25 17:02:58,0.024355411529541016
2025-02-25 17:02:58,0.023883342742919922
2025-02-25 17:02:59,0.023766279220581055
2025-02-25 17:03:00,0.023653030395507812
2025-02-25 17:03:00,0.023655414581298828
2025-02-25 17:03:01,0.02389979362487793
