2025-02-25 16:49:47,0.9029929637908936
2025-02-25 16:49:48,0.12752962112426758
2025-02-25 16:49:49,0.13082313537597656
2025-02-25 16:49:49,0.11712980270385742
2025-02-25 16:49:50,0.10433578491210938
2025-02-25 16:49:51,0.10439896583557129
2025-02-25 16:49:51,0.10490727424621582
2025-02-25 16:49:52,0.10360050201416016
2025-02-25 16:49:53,0.09997034072875977
2025-02-25 16:49:53,0.11147499084472656
2025-02-25 16:49:54,0.11221194267272949
2025-02-25 16:49:54,0.1022176742553711
2025-02-25 16:49:55,0.1031038761138916
2025-02-25 16:49:56,0.10260295867919922
2025-02-25 16:49:56,0.10030055046081543
2025-02-25 16:49:57,0.10208845138549805
2025-02-25 16:49:58,0.10295629501342773
2025-02-25 16:49:58,0.10305047035217285
2025-02-25 16:49:59,0.10055947303771973
2025-02-25 16:50:00,0.09812188148498535
2025-02-25 16:50:00,0.09991717338562012
2025-02-25 16:50:01,0.10445213317871094
2025-02-25 16:50:01,0.10304427146911621
2025-02-25 16:50:02,0.1064612865447998
2025-02-25 16:50:03,0.10651993751525879
2025-02-25 16:50:03,0.10233664512634277
2025-02-25 16:50:04,0.09949350357055664
2025-02-25 16:50:05,0.10078072547912598
2025-02-25 16:50:05,0.10715436935424805
2025-02-25 16:50:06,0.11307311058044434
2025-02-25 16:50:06,0.10443806648254395
2025-02-25 16:50:07,0.10057282447814941
2025-02-25 16:50:08,0.10014843940734863
2025-02-25 16:50:08,0.1036984920501709
2025-02-25 16:50:09,0.10873866081237793
2025-02-25 16:50:09,0.10477471351623535
2025-02-25 16:50:10,0.11252665519714355
2025-02-25 16:50:11,0.11314797401428223
2025-02-25 16:50:11,0.1114509105682373
2025-02-25 16:50:12,0.10599899291992188
2025-02-25 16:50:13,0.11098170280456543
2025-02-25 16:50:13,0.1114511489868164
2025-02-25 16:50:14,0.10923194885253906
2025-02-25 16:50:15,0.1048882007598877
2025-02-25 16:50:15,0.10311388969421387
2025-02-25 16:50:16,0.10264444351196289
2025-02-25 16:50:17,0.1103506088256836
2025-02-25 16:50:17,0.10901975631713867
2025-02-25 16:50:18,0.1004800796508789
2025-02-25 16:50:19,0.10003471374511719
2025-02-25 16:50:19,0.10269737243652344
2025-02-25 16:50:20,0.10600733757019043
2025-02-25 16:50:21,0.1179196834564209
2025-02-25 16:50:21,0.1135401725769043
2025-02-25 16:50:22,0.11296916007995605
2025-02-25 16:50:23,0.10792970657348633
2025-02-25 16:50:23,0.11150789260864258
2025-02-25 16:50:24,0.1146707534790039
2025-02-25 16:50:25,0.11914277076721191
2025-02-25 16:50:26,0.11829185485839844
2025-02-25 16:50:26,0.10853934288024902
2025-02-25 16:50:27,0.10342764854431152
2025-02-25 16:50:27,0.10407781600952148
2025-02-25 16:50:28,0.10559916496276855
2025-02-25 16:50:29,0.11320137977600098
2025-02-25 16:50:29,0.10617423057556152
2025-02-25 16:50:30,0.09933257102966309
2025-02-25 16:50:31,0.10132408142089844
2025-02-25 16:50:31,0.10204124450683594
2025-02-25 16:50:32,0.10330700874328613
2025-02-25 16:50:32,0.1008296012878418
2025-02-25 16:50:33,0.09606671333312988
2025-02-25 16:50:33,0.09683680534362793
2025-02-25 16:50:34,0.09764647483825684
2025-02-25 16:50:34,0.09841370582580566
2025-02-25 16:50:35,0.10022878646850586
2025-02-25 16:50:36,0.09977865219116211
2025-02-25 16:50:36,0.09740018844604492
2025-02-25 16:50:37,0.09832262992858887
2025-02-25 16:50:37,0.09816622734069824
2025-02-25 16:50:38,0.09891057014465332
2025-02-25 16:50:38,0.09994983673095703
2025-02-25 16:50:39,0.09782671928405762
2025-02-25 16:50:39,0.09893345832824707
2025-02-25 16:50:40,0.09817910194396973
2025-02-25 16:50:41,0.0998845100402832
2025-02-25 16:50:41,0.10162472724914551
2025-02-25 16:50:42,0.10075211524963379
2025-02-25 16:50:42,0.10155773162841797
2025-02-25 16:50:43,0.1017448902130127
2025-02-25 16:50:44,0.10145449638366699
2025-02-25 16:50:44,0.1025698184967041
2025-02-25 16:50:45,0.1037745475769043
2025-02-25 16:50:45,0.10141515731811523
2025-02-25 16:50:46,0.10240626335144043
2025-02-25 16:50:47,0.1069343090057373
2025-02-25 16:50:47,0.11403131484985352
2025-02-25 16:50:48,0.10334300994873047
2025-02-25 16:50:49,0.09994721412658691
2025-02-25 16:50:49,0.0979764461517334
2025-02-25 16:50:50,0.10085344314575195
2025-02-25 16:50:50,0.10250449180603027
2025-02-25 16:50:51,0.10119795799255371
2025-02-25 16:50:52,0.10391354560852051
2025-02-25 16:50:52,0.10041594505310059
2025-02-25 16:50:53,0.10247039794921875
2025-02-25 16:50:53,0.10479474067687988
2025-02-25 16:50:54,0.10300183296203613
2025-02-25 16:50:55,0.10242295265197754
2025-02-25 16:50:55,0.10436463356018066
2025-02-25 16:50:56,0.10379242897033691
2025-02-25 16:50:56,0.10034489631652832
2025-02-25 16:50:57,0.10263180732727051
2025-02-25 16:50:57,0.1081390380859375
2025-02-25 16:50:58,0.10455870628356934
2025-02-25 16:50:59,0.10121917724609375
2025-02-25 16:50:59,0.10278534889221191
2025-02-25 16:51:00,0.09723448753356934
2025-02-25 16:51:00,0.09566211700439453
2025-02-25 16:51:01,0.0980525016784668
2025-02-25 16:51:01,0.09969425201416016
2025-02-25 16:51:02,0.09858131408691406
2025-02-25 16:51:03,0.09703350067138672
2025-02-25 16:51:03,0.09497499465942383
2025-02-25 16:51:04,0.09218358993530273
2025-02-25 16:51:04,0.09351229667663574
2025-02-25 16:51:05,0.09630990028381348
2025-02-25 16:51:05,0.0972297191619873
2025-02-25 16:51:06,0.09689617156982422
2025-02-25 16:51:06,0.0968010425567627
2025-02-25 16:51:07,0.09697175025939941
2025-02-25 16:51:07,0.0973060131072998
2025-02-25 16:51:08,0.09668779373168945
2025-02-25 16:51:08,0.09631013870239258
2025-02-25 16:51:09,0.09819817543029785
2025-02-25 16:51:10,0.1003870964050293
2025-02-25 16:51:10,0.10009002685546875
2025-02-25 16:51:11,0.09933280944824219
2025-02-25 16:51:11,0.10047268867492676
2025-02-25 16:51:12,0.10197901725769043
2025-02-25 16:51:13,0.10374283790588379
2025-02-25 16:51:13,0.1023564338684082
2025-02-25 16:51:14,0.10136604309082031
2025-02-25 16:51:15,0.09995889663696289
2025-02-25 16:51:15,0.1013786792755127
2025-02-25 16:51:16,0.10137271881103516
2025-02-25 16:51:16,0.10367679595947266
2025-02-25 16:51:17,0.10473299026489258
2025-02-25 16:51:18,0.10028910636901855
2025-02-25 16:51:18,0.10051560401916504
2025-02-25 16:51:19,0.10118603706359863
2025-02-25 16:51:20,0.10135126113891602
2025-02-25 16:51:20,0.10072183609008789
2025-02-25 16:51:21,0.10068917274475098
2025-02-25 16:51:22,0.10133242607116699
2025-02-25 16:51:22,0.0997018814086914
2025-02-25 16:51:23,0.09908342361450195
2025-02-25 16:51:24,0.10147809982299805
2025-02-25 16:51:24,0.10132813453674316
2025-02-25 16:51:25,0.0989999771118164
2025-02-25 16:51:26,0.09901714324951172
2025-02-25 16:51:26,0.10335016250610352
2025-02-25 16:51:27,0.10974359512329102
2025-02-25 16:51:28,0.1033174991607666
2025-02-25 16:51:29,0.10283422470092773
2025-02-25 16:51:29,0.10356020927429199
2025-02-25 16:51:30,0.10503149032592773
2025-02-25 16:51:31,0.10261106491088867
2025-02-25 16:51:31,0.10044384002685547
2025-02-25 16:51:32,0.10000276565551758
2025-02-25 16:51:33,0.1005558967590332
2025-02-25 16:51:33,0.09958744049072266
2025-02-25 16:51:34,0.09634542465209961
2025-02-25 16:51:35,0.09621787071228027
2025-02-25 16:51:35,0.09850525856018066
2025-02-25 16:51:36,0.09954071044921875
2025-02-25 16:51:36,0.10086321830749512
2025-02-25 16:51:37,0.10117220878601074
2025-02-25 16:51:37,0.09966325759887695
2025-02-25 16:51:38,0.09999871253967285
2025-02-25 16:51:39,0.09956955909729004
2025-02-25 16:51:39,0.0969700813293457
2025-02-25 16:51:40,0.09543251991271973
2025-02-25 16:51:40,0.09787631034851074
2025-02-25 16:51:41,0.09961771965026855
2025-02-25 16:51:41,0.0986928939819336
2025-02-25 16:51:42,0.10078191757202148
2025-02-25 16:51:43,0.10001301765441895
2025-02-25 16:51:43,0.09630393981933594
2025-02-25 16:51:44,0.09543800354003906
2025-02-25 16:51:45,0.09689736366271973
2025-02-25 16:51:45,0.0943148136138916
2025-02-25 16:51:46,0.09460926055908203
2025-02-25 16:51:46,0.09460306167602539
2025-02-25 16:51:47,0.09325575828552246
2025-02-25 16:51:47,0.09320449829101562
2025-02-25 16:51:48,0.09185791015625
2025-02-25 16:51:48,0.09043407440185547
2025-02-25 16:51:49,0.09231281280517578
2025-02-25 16:51:49,0.09112977981567383
2025-02-25 16:51:50,0.09277629852294922
2025-02-25 16:51:50,0.09334063529968262
2025-02-25 16:51:51,0.09496855735778809
2025-02-25 16:51:52,0.09459662437438965
2025-02-25 16:51:52,0.09101176261901855
2025-02-25 16:51:53,0.09024667739868164
2025-02-25 16:51:53,0.09203863143920898
2025-02-25 16:51:54,0.09203934669494629
2025-02-25 16:51:54,0.09251856803894043
2025-02-25 16:51:55,0.09329771995544434
2025-02-25 16:51:56,0.09109354019165039
2025-02-25 16:51:56,0.08921647071838379
2025-02-25 16:51:57,0.08919405937194824
2025-02-25 16:51:57,0.08989810943603516
2025-02-25 16:51:58,0.09009838104248047
2025-02-25 16:51:58,0.0923464298248291
2025-02-25 16:51:59,0.0908815860748291
2025-02-25 16:51:59,0.08813905715942383
2025-02-25 16:52:00,0.08789229393005371
2025-02-25 16:52:00,0.08688879013061523
2025-02-25 16:52:01,0.08622455596923828
2025-02-25 16:52:01,0.08323884010314941
2025-02-25 16:52:01,0.0842287540435791
2025-02-25 16:52:02,0.08554434776306152
2025-02-25 16:52:02,0.08337593078613281
2025-02-25 16:52:03,0.08436751365661621
2025-02-25 16:52:03,0.08983778953552246
2025-02-25 16:52:04,0.09038639068603516
2025-02-25 16:52:04,0.09022665023803711
2025-02-25 16:52:05,0.0918569564819336
2025-02-25 16:52:05,0.09349632263183594
2025-02-25 16:52:06,0.09288144111633301
2025-02-25 16:52:06,0.09533238410949707
2025-02-25 16:52:06,0.0974116325378418
2025-02-25 16:52:07,0.09625077247619629
2025-02-25 16:52:07,0.09731626510620117
2025-02-25 16:52:08,0.09740185737609863
2025-02-25 16:52:08,0.09747576713562012
2025-02-25 16:52:09,0.1002810001373291
2025-02-25 16:52:09,0.09991645812988281
2025-02-25 16:52:10,0.09792613983154297
2025-02-25 16:52:10,0.10245347023010254
2025-02-25 16:52:11,0.10493278503417969
2025-02-25 16:52:11,0.1099703311920166
2025-02-25 16:52:12,0.11431431770324707
2025-02-25 16:52:13,0.11371946334838867
2025-02-25 16:52:13,0.11308526992797852
2025-02-25 16:52:14,0.11311507225036621
2025-02-25 16:52:14,0.11272525787353516
2025-02-25 16:52:15,0.11294293403625488
2025-02-25 16:52:15,0.1173408031463623
2025-02-25 16:52:16,0.12029147148132324
2025-02-25 16:52:17,0.11121201515197754
2025-02-25 16:52:17,0.10146117210388184
2025-02-25 16:52:18,0.10444855690002441
2025-02-25 16:52:19,0.10770940780639648
2025-02-25 16:52:19,0.11360859870910645
2025-02-25 16:52:20,0.11702227592468262
2025-02-25 16:52:21,0.10810303688049316
2025-02-25 16:52:21,0.10531401634216309
2025-02-25 16:52:22,0.10652756690979004
2025-02-25 16:52:23,0.10660719871520996
2025-02-25 16:52:23,0.1058340072631836
2025-02-25 16:52:24,0.10579442977905273
2025-02-25 16:52:25,0.1125328540802002
2025-02-25 16:52:25,0.1111297607421875
2025-02-25 16:52:26,0.10405826568603516
2025-02-25 16:52:27,0.10413002967834473
2025-02-25 16:52:27,0.10702967643737793
2025-02-25 16:52:28,0.10766124725341797
2025-02-25 16:52:28,0.10835528373718262
2025-02-25 16:52:29,0.10869717597961426
2025-02-25 16:52:30,0.104949951171875
2025-02-25 16:52:30,0.1026766300201416
2025-02-25 16:52:31,0.10311269760131836
2025-02-25 16:52:32,0.10366463661193848
2025-02-25 16:52:32,0.1042945384979248
2025-02-25 16:52:33,0.1039419174194336
2025-02-25 16:52:33,0.10367631912231445
2025-02-25 16:52:34,0.10679006576538086
2025-02-25 16:52:35,0.11578965187072754
2025-02-25 16:52:35,0.10591840744018555
2025-02-25 16:52:36,0.10529112815856934
2025-02-25 16:52:37,0.10175395011901855
2025-02-25 16:52:37,0.10454487800598145
2025-02-25 16:52:38,0.10684990882873535
2025-02-25 16:52:39,0.10396242141723633
2025-02-25 16:52:39,0.10401129722595215
2025-02-25 16:52:40,0.11246824264526367
2025-02-25 16:52:41,0.10925579071044922
2025-02-25 16:52:41,0.10218548774719238
2025-02-25 16:52:42,0.10416531562805176
2025-02-25 16:52:42,0.10632634162902832
2025-02-25 16:52:43,0.1022334098815918
2025-02-25 16:52:44,0.10217165946960449
2025-02-25 16:52:44,0.10593867301940918
2025-02-25 16:52:45,0.10430479049682617
2025-02-25 16:52:46,0.10423040390014648
2025-02-25 16:52:46,0.10192656517028809
2025-02-25 16:52:47,0.10126852989196777
2025-02-25 16:52:47,0.10391402244567871
2025-02-25 16:52:48,0.10020995140075684
2025-02-25 16:52:48,0.09955000877380371
2025-02-25 16:52:49,0.10154533386230469
2025-02-25 16:52:50,0.0978693962097168
2025-02-25 16:52:50,0.09558677673339844
2025-02-25 16:52:51,0.0973050594329834
2025-02-25 16:52:51,0.09871721267700195
2025-02-25 16:52:52,0.10041236877441406
2025-02-25 16:52:52,0.10183882713317871
2025-02-25 16:52:53,0.09828901290893555
2025-02-25 16:52:53,0.0983743667602539
2025-02-25 16:52:54,0.10274815559387207
2025-02-25 16:52:55,0.10275149345397949
2025-02-25 16:52:55,0.10206317901611328
2025-02-25 16:52:56,0.10701537132263184
2025-02-25 16:52:56,0.10032820701599121
2025-02-25 16:52:57,0.09657049179077148
2025-02-25 16:52:57,0.09542965888977051
2025-02-25 16:52:58,0.09538412094116211
2025-02-25 16:52:58,0.0947258472442627
2025-02-25 16:52:59,0.09601163864135742
2025-02-25 16:52:59,0.0978703498840332
2025-02-25 16:53:00,0.09602546691894531
2025-02-25 16:53:01,0.09445428848266602
2025-02-25 16:53:01,0.09588885307312012
2025-02-25 16:53:02,0.09561920166015625
2025-02-25 16:53:02,0.09663510322570801
2025-02-25 16:53:03,0.09730148315429688
2025-02-25 16:53:03,0.09744930267333984
2025-02-25 16:53:04,0.09826326370239258
2025-02-25 16:53:04,0.0957632064819336
2025-02-25 16:53:05,0.09390807151794434
2025-02-25 16:53:05,0.09217405319213867
2025-02-25 16:53:06,0.0944221019744873
2025-02-25 16:53:06,0.09667778015136719
2025-02-25 16:53:07,0.09723901748657227
2025-02-25 16:53:07,0.09646153450012207
2025-02-25 16:53:08,0.09742975234985352
2025-02-25 16:53:08,0.0959932804107666
2025-02-25 16:53:09,0.09460783004760742
2025-02-25 16:53:09,0.09680700302124023
2025-02-25 16:53:10,0.09700751304626465
2025-02-25 16:53:10,0.09565544128417969
2025-02-25 16:53:11,0.09630513191223145
2025-02-25 16:53:11,0.09763693809509277
2025-02-25 16:53:12,0.09522771835327148
2025-02-25 16:53:12,0.09538626670837402
2025-02-25 16:53:13,0.09593653678894043
2025-02-25 16:53:13,0.09134888648986816
2025-02-25 16:53:14,0.09131622314453125
2025-02-25 16:53:14,0.09375309944152832
2025-02-25 16:53:15,0.09198212623596191
2025-02-25 16:53:15,0.09145331382751465
2025-02-25 16:53:16,0.08789610862731934
2025-02-25 16:53:16,0.08654665946960449
2025-02-25 16:53:17,0.0868067741394043
2025-02-25 16:53:17,0.08391427993774414
2025-02-25 16:53:17,0.08288097381591797
2025-02-25 16:53:18,0.08448314666748047
2025-02-25 16:53:18,0.08382797241210938
2025-02-25 16:53:19,0.08327960968017578
2025-02-25 16:53:19,0.08395862579345703
2025-02-25 16:53:19,0.0854024887084961
2025-02-25 16:53:20,0.08419156074523926
2025-02-25 16:53:20,0.08481812477111816
2025-02-25 16:53:21,0.08677506446838379
2025-02-25 16:53:21,0.08758378028869629
2025-02-25 16:53:21,0.08850669860839844
2025-02-25 16:53:22,0.08773422241210938
2025-02-25 16:53:22,0.08763742446899414
2025-02-25 16:53:23,0.08775043487548828
2025-02-25 16:53:23,0.08663654327392578
2025-02-25 16:53:24,0.08611059188842773
2025-02-25 16:53:24,0.08580875396728516
2025-02-25 16:53:24,0.0839376449584961
2025-02-25 16:53:25,0.08301377296447754
2025-02-25 16:53:25,0.08253908157348633
2025-02-25 16:53:26,0.08117341995239258
2025-02-25 16:53:26,0.07982516288757324
2025-02-25 16:53:26,0.07965517044067383
2025-02-25 16:53:27,0.07999706268310547
2025-02-25 16:53:27,0.08008146286010742
2025-02-25 16:53:27,0.08067631721496582
2025-02-25 16:53:28,0.08082318305969238
2025-02-25 16:53:28,0.08007168769836426
2025-02-25 16:53:29,0.080291748046875
2025-02-25 16:53:29,0.07867717742919922
2025-02-25 16:53:29,0.07900857925415039
2025-02-25 16:53:30,0.08114743232727051
2025-02-25 16:53:30,0.08182191848754883
2025-02-25 16:53:30,0.08194351196289062
2025-02-25 16:53:31,0.08214783668518066
2025-02-25 16:53:31,0.08317303657531738
2025-02-25 16:53:32,0.08359003067016602
2025-02-25 16:53:32,0.08343887329101562
2025-02-25 16:53:32,0.08386659622192383
2025-02-25 16:53:33,0.08354592323303223
2025-02-25 16:53:33,0.08251333236694336
2025-02-25 16:53:34,0.08279180526733398
2025-02-25 16:53:34,0.08500266075134277
2025-02-25 16:53:34,0.08641695976257324
2025-02-25 16:53:35,0.08744668960571289
2025-02-25 16:53:35,0.08686184883117676
2025-02-25 16:53:36,0.08658885955810547
2025-02-25 16:53:36,0.08745718002319336
2025-02-25 16:53:37,0.08817696571350098
2025-02-25 16:53:37,0.08819270133972168
2025-02-25 16:53:38,0.08876919746398926
2025-02-25 16:53:38,0.08973550796508789
2025-02-25 16:53:39,0.08904743194580078
2025-02-25 16:53:39,0.0884559154510498
2025-02-25 16:53:40,0.089996337890625
2025-02-25 16:53:40,0.08968591690063477
2025-02-25 16:53:40,0.09098386764526367
2025-02-25 16:53:41,0.09087014198303223
2025-02-25 16:53:41,0.09130191802978516
2025-02-25 16:53:42,0.0932159423828125
2025-02-25 16:53:42,0.09542298316955566
2025-02-25 16:53:43,0.0957338809967041
2025-02-25 16:53:43,0.0941469669342041
2025-02-25 16:53:44,0.09621548652648926
2025-02-25 16:53:45,0.09569096565246582
2025-02-25 16:53:45,0.09201335906982422
2025-02-25 16:53:46,0.09090352058410645
2025-02-25 16:53:46,0.0922544002532959
2025-02-25 16:53:47,0.09404969215393066
2025-02-25 16:53:47,0.09272265434265137
2025-02-25 16:53:48,0.0927114486694336
2025-02-25 16:53:48,0.09272050857543945
2025-02-25 16:53:49,0.09144973754882812
2025-02-25 16:53:49,0.09051871299743652
2025-02-25 16:53:50,0.09064865112304688
2025-02-25 16:53:50,0.08967041969299316
2025-02-25 16:53:51,0.08998799324035645
2025-02-25 16:53:51,0.09048056602478027
2025-02-25 16:53:52,0.09059762954711914
2025-02-25 16:53:52,0.09028267860412598
2025-02-25 16:53:53,0.08838081359863281
2025-02-25 16:53:53,0.08733868598937988
2025-02-25 16:53:54,0.08873796463012695
2025-02-25 16:53:54,0.09013915061950684
2025-02-25 16:53:55,0.09459638595581055
2025-02-25 16:53:55,0.09613990783691406
2025-02-25 16:53:56,0.09240484237670898
2025-02-25 16:53:56,0.09232735633850098
2025-02-25 16:53:57,0.09281730651855469
2025-02-25 16:53:57,0.09127926826477051
2025-02-25 16:53:58,0.09125518798828125
2025-02-25 16:53:58,0.09168505668640137
2025-02-25 16:53:59,0.09203195571899414
2025-02-25 16:53:59,0.09185123443603516
2025-02-25 16:54:00,0.0921478271484375
2025-02-25 16:54:00,0.09126877784729004
2025-02-25 16:54:01,0.09174561500549316
2025-02-25 16:54:01,0.09163737297058105
2025-02-25 16:54:02,0.09175729751586914
2025-02-25 16:54:02,0.0913381576538086
2025-02-25 16:54:03,0.09403419494628906
2025-02-25 16:54:03,0.09520077705383301
2025-02-25 16:54:04,0.09330439567565918
2025-02-25 16:54:04,0.0917661190032959
2025-02-25 16:54:05,0.09333062171936035
2025-02-25 16:54:06,0.09435510635375977
2025-02-25 16:54:06,0.09450840950012207
2025-02-25 16:54:07,0.09435534477233887
2025-02-25 16:54:07,0.09389543533325195
2025-02-25 16:54:08,0.09374451637268066
2025-02-25 16:54:08,0.09344148635864258
2025-02-25 16:54:09,0.09334254264831543
2025-02-25 16:54:09,0.09327578544616699
2025-02-25 16:54:10,0.09136629104614258
2025-02-25 16:54:10,0.08974838256835938
2025-02-25 16:54:11,0.09165835380554199
2025-02-25 16:54:11,0.09321331977844238
2025-02-25 16:54:12,0.09330487251281738
2025-02-25 16:54:12,0.0940697193145752
2025-02-25 16:54:13,0.09225344657897949
2025-02-25 16:54:13,0.0948479175567627
2025-02-25 16:54:14,0.09785771369934082
2025-02-25 16:54:15,0.09487485885620117
2025-02-25 16:54:15,0.09335756301879883
2025-02-25 16:54:16,0.0958855152130127
2025-02-25 16:54:16,0.09801506996154785
2025-02-25 16:54:17,0.09669876098632812
2025-02-25 16:54:17,0.09220337867736816
2025-02-25 16:54:18,0.09157609939575195
2025-02-25 16:54:18,0.0966024398803711
2025-02-25 16:54:19,0.09668636322021484
2025-02-25 16:54:20,0.09235787391662598
2025-02-25 16:54:20,0.09217453002929688
2025-02-25 16:54:21,0.09384274482727051
2025-02-25 16:54:21,0.09425973892211914
2025-02-25 16:54:22,0.09456491470336914
2025-02-25 16:54:22,0.09187650680541992
2025-02-25 16:54:23,0.09173321723937988
2025-02-25 16:54:23,0.09444499015808105
2025-02-25 16:54:24,0.09210586547851562
2025-02-25 16:54:24,0.09212708473205566
2025-02-25 16:54:25,0.09164762496948242
2025-02-25 16:54:26,0.09052324295043945
2025-02-25 16:54:26,0.09353470802307129
2025-02-25 16:54:27,0.0947122573852539
2025-02-25 16:54:27,0.09556269645690918
2025-02-25 16:54:28,0.09501314163208008
2025-02-25 16:54:28,0.09338665008544922
2025-02-25 16:54:29,0.09266018867492676
2025-02-25 16:54:29,0.09427475929260254
2025-02-25 16:54:30,0.09818887710571289
2025-02-25 16:54:30,0.09924936294555664
2025-02-25 16:54:31,0.10047793388366699
2025-02-25 16:54:32,0.10384678840637207
2025-02-25 16:54:32,0.10544657707214355
2025-02-25 16:54:33,0.10448765754699707
2025-02-25 16:54:33,0.10389995574951172
2025-02-25 16:54:34,0.10205721855163574
2025-02-25 16:54:35,0.0990900993347168
2025-02-25 16:54:35,0.09850764274597168
2025-02-25 16:54:36,0.09962821006774902
2025-02-25 16:54:36,0.10069942474365234
2025-02-25 16:54:37,0.10053277015686035
2025-02-25 16:54:38,0.10070347785949707
2025-02-25 16:54:38,0.10492253303527832
2025-02-25 16:54:39,0.10580658912658691
2025-02-25 16:54:39,0.10276055335998535
2025-02-25 16:54:40,0.10103130340576172
2025-02-25 16:54:41,0.1002047061920166
2025-02-25 16:54:41,0.10099148750305176
2025-02-25 16:54:42,0.10200166702270508
2025-02-25 16:54:43,0.10467386245727539
2025-02-25 16:54:43,0.10425496101379395
2025-02-25 16:54:44,0.1039881706237793
2025-02-25 16:54:44,0.10661983489990234
2025-02-25 16:54:45,0.10874819755554199
2025-02-25 16:54:46,0.10864377021789551
2025-02-25 16:54:46,0.10483121871948242
2025-02-25 16:54:47,0.10486650466918945
2025-02-25 16:54:48,0.10956120491027832
2025-02-25 16:54:48,0.10784506797790527
2025-02-25 16:54:49,0.10511350631713867
2025-02-25 16:54:50,0.10412788391113281
2025-02-25 16:54:50,0.10331392288208008
2025-02-25 16:54:51,0.10460519790649414
2025-02-25 16:54:52,0.10732030868530273
2025-02-25 16:54:53,0.10552310943603516
2025-02-25 16:54:53,0.1008760929107666
2025-02-25 16:54:54,0.10300755500793457
2025-02-25 16:54:55,0.10667538642883301
2025-02-25 16:54:56,0.10496854782104492
2025-02-25 16:54:56,0.10418891906738281
2025-02-25 16:54:57,0.10247397422790527
2025-02-25 16:54:58,0.09969258308410645
2025-02-25 16:54:58,0.10152840614318848
2025-02-25 16:54:59,0.10489010810852051
2025-02-25 16:55:00,0.10610771179199219
2025-02-25 16:55:00,0.10249543190002441
2025-02-25 16:55:01,0.10209393501281738
2025-02-25 16:55:02,0.10802578926086426
2025-02-25 16:55:03,0.11013221740722656
2025-02-25 16:55:03,0.10649800300598145
2025-02-25 16:55:04,0.10509181022644043
2025-02-25 16:55:05,0.10497212409973145
2025-02-25 16:55:06,0.10348916053771973
2025-02-25 16:55:06,0.10382556915283203
2025-02-25 16:55:07,0.10587859153747559
2025-02-25 16:55:08,0.1033329963684082
2025-02-25 16:55:09,0.10165810585021973
2025-02-25 16:55:09,0.10507488250732422
2025-02-25 16:55:10,0.10446619987487793
2025-02-25 16:55:11,0.10173630714416504
2025-02-25 16:55:11,0.10201215744018555
2025-02-25 16:55:12,0.10643482208251953
2025-02-25 16:55:13,0.11073088645935059
2025-02-25 16:55:13,0.1175692081451416
2025-02-25 16:55:14,0.10656619071960449
2025-02-25 16:55:15,0.10275936126708984
2025-02-25 16:55:15,0.10269570350646973
2025-02-25 16:55:16,0.1037287712097168
2025-02-25 16:55:17,0.10199809074401855
2025-02-25 16:55:17,0.10115337371826172
2025-02-25 16:55:18,0.10145735740661621
2025-02-25 16:55:19,0.10171723365783691
2025-02-25 16:55:19,0.10253596305847168
2025-02-25 16:55:20,0.10608983039855957
2025-02-25 16:55:20,0.10613250732421875
2025-02-25 16:55:21,0.10329794883728027
2025-02-25 16:55:22,0.10468935966491699
2025-02-25 16:55:22,0.10378837585449219
2025-02-25 16:55:23,0.10282659530639648
2025-02-25 16:55:24,0.1029806137084961
2025-02-25 16:55:24,0.10277295112609863
2025-02-25 16:55:25,0.10382699966430664
2025-02-25 16:55:26,0.10725617408752441
2025-02-25 16:55:27,0.10769057273864746
2025-02-25 16:55:27,0.10609245300292969
2025-02-25 16:55:28,0.10660815238952637
2025-02-25 16:55:29,0.1051943302154541
2025-02-25 16:55:30,0.10432577133178711
2025-02-25 16:55:31,0.10173320770263672
2025-02-25 16:55:31,0.09809041023254395
2025-02-25 16:55:32,0.1004781723022461
2025-02-25 16:55:32,0.10422897338867188
2025-02-25 16:55:33,0.10407209396362305
2025-02-25 16:55:34,0.1037590503692627
2025-02-25 16:55:35,0.10386776924133301
2025-02-25 16:55:35,0.10166573524475098
2025-02-25 16:55:36,0.10109877586364746
2025-02-25 16:55:37,0.10327863693237305
2025-02-25 16:55:37,0.10335731506347656
2025-02-25 16:55:38,0.10120034217834473
2025-02-25 16:55:38,0.10253620147705078
2025-02-25 16:55:39,0.1035008430480957
2025-02-25 16:55:40,0.10117053985595703
2025-02-25 16:55:41,0.10450530052185059
2025-02-25 16:55:41,0.10458874702453613
2025-02-25 16:55:42,0.10254478454589844
2025-02-25 16:55:43,0.1052255630493164
2025-02-25 16:55:43,0.10720634460449219
2025-02-25 16:55:44,0.11031961441040039
2025-02-25 16:55:45,0.10786604881286621
2025-02-25 16:55:46,0.10810256004333496
2025-02-25 16:55:46,0.10893034934997559
2025-02-25 16:55:47,0.10608720779418945
2025-02-25 16:55:48,0.10465741157531738
2025-02-25 16:55:49,0.10399293899536133
2025-02-25 16:55:49,0.1021723747253418
2025-02-25 16:55:50,0.1027226448059082
2025-02-25 16:55:51,0.10596513748168945
2025-02-25 16:55:51,0.10446453094482422
2025-02-25 16:55:52,0.10063886642456055
2025-02-25 16:55:53,0.10329461097717285
2025-02-25 16:55:54,0.10800838470458984
2025-02-25 16:55:54,0.10429668426513672
2025-02-25 16:55:55,0.1021718978881836
2025-02-25 16:55:56,0.10843777656555176
2025-02-25 16:55:56,0.11024045944213867
2025-02-25 16:55:57,0.1035313606262207
2025-02-25 16:55:58,0.10356402397155762
2025-02-25 16:55:59,0.10661482810974121
2025-02-25 16:55:59,0.10588836669921875
2025-02-25 16:56:00,0.10570931434631348
2025-02-25 16:56:01,0.10649538040161133
2025-02-25 16:56:02,0.10435128211975098
2025-02-25 16:56:02,0.09981513023376465
2025-02-25 16:56:03,0.10065913200378418
2025-02-25 16:56:04,0.10204243659973145
2025-02-25 16:56:05,0.10360860824584961
2025-02-25 16:56:05,0.10366296768188477
2025-02-25 16:56:06,0.0993354320526123
2025-02-25 16:56:07,0.10174894332885742
2025-02-25 16:56:07,0.10457539558410645
2025-02-25 16:56:08,0.11098313331604004
2025-02-25 16:56:09,0.11219477653503418
2025-02-25 16:56:10,0.10618305206298828
2025-02-25 16:56:11,0.11066484451293945
2025-02-25 16:56:11,0.10773944854736328
2025-02-25 16:56:12,0.1041100025177002
2025-02-25 16:56:13,0.1041266918182373
2025-02-25 16:56:14,0.10504388809204102
2025-02-25 16:56:14,0.1058497428894043
2025-02-25 16:56:15,0.10481739044189453
2025-02-25 16:56:16,0.10119843482971191
2025-02-25 16:56:17,0.10126972198486328
2025-02-25 16:56:17,0.10623359680175781
2025-02-25 16:56:18,0.1086435317993164
2025-02-25 16:56:19,0.10711526870727539
2025-02-25 16:56:20,0.10714578628540039
2025-02-25 16:56:21,0.10444498062133789
2025-02-25 16:56:22,0.10542559623718262
2025-02-25 16:56:23,0.10951519012451172
2025-02-25 16:56:24,0.11043095588684082
2025-02-25 16:56:24,0.1120305061340332
2025-02-25 16:56:25,0.10291433334350586
2025-02-25 16:56:26,0.10440921783447266
2025-02-25 16:56:27,0.10853123664855957
2025-02-25 16:56:28,0.11092114448547363
2025-02-25 16:56:29,0.11266303062438965
2025-02-25 16:56:29,0.11119914054870605
2025-02-25 16:56:30,0.10912489891052246
2025-02-25 16:56:31,0.10686254501342773
2025-02-25 16:56:32,0.10456299781799316
2025-02-25 16:56:33,0.11080789566040039
2025-02-25 16:56:34,0.11071467399597168
2025-02-25 16:56:35,0.1068563461303711
2025-02-25 16:56:36,0.10753703117370605
2025-02-25 16:56:37,0.107696533203125
2025-02-25 16:56:38,0.10999751091003418
2025-02-25 16:56:39,0.1070244312286377
2025-02-25 16:56:40,0.10376334190368652
2025-02-25 16:56:40,0.10686802864074707
2025-02-25 16:56:41,0.10940885543823242
2025-02-25 16:56:42,0.1068568229675293
2025-02-25 16:56:43,0.10565757751464844
2025-02-25 16:56:44,0.1047518253326416
2025-02-25 16:56:45,0.10395407676696777
2025-02-25 16:56:46,0.10545921325683594
2025-02-25 16:56:47,0.10566329956054688
2025-02-25 16:56:48,0.10467886924743652
2025-02-25 16:56:49,0.10769867897033691
2025-02-25 16:56:50,0.10741448402404785
2025-02-25 16:56:51,0.10524797439575195
2025-02-25 16:56:52,0.1078801155090332
2025-02-25 16:56:53,0.1063833236694336
2025-02-25 16:56:53,0.10094094276428223
2025-02-25 16:56:54,0.10345578193664551
2025-02-25 16:56:55,0.10725045204162598
2025-02-25 16:56:56,0.10886216163635254
2025-02-25 16:56:57,0.11202192306518555
2025-02-25 16:56:58,0.11974358558654785
2025-02-25 16:56:59,0.11249303817749023
2025-02-25 16:57:00,0.10608744621276855
2025-02-25 16:57:01,0.10574126243591309
2025-02-25 16:57:02,0.10757184028625488
2025-02-25 16:57:03,0.10738062858581543
2025-02-25 16:57:04,0.11021852493286133
2025-02-25 16:57:05,0.1109623908996582
2025-02-25 16:57:06,0.1071922779083252
2025-02-25 16:57:07,0.11610794067382812
2025-02-25 16:57:08,0.11449599266052246
2025-02-25 16:57:09,0.10653495788574219
2025-02-25 16:57:10,0.1060953140258789
2025-02-25 16:57:11,0.10648107528686523
2025-02-25 16:57:12,0.10638284683227539
2025-02-25 16:57:13,0.10891938209533691
2025-02-25 16:57:14,0.1075282096862793
2025-02-25 16:57:15,0.10670042037963867
2025-02-25 16:57:16,0.10691428184509277
2025-02-25 16:57:17,0.10663557052612305
2025-02-25 16:57:18,0.10615277290344238
2025-02-25 16:57:19,0.10430216789245605
2025-02-25 16:57:20,0.10446429252624512
2025-02-25 16:57:20,0.10437750816345215
2025-02-25 16:57:21,0.10593748092651367
2025-02-25 16:57:22,0.10453987121582031
2025-02-25 16:57:23,0.10323476791381836
2025-02-25 16:57:24,0.102874755859375
2025-02-25 16:57:25,0.10399651527404785
2025-02-25 16:57:26,0.10447978973388672
2025-02-25 16:57:27,0.1016230583190918
2025-02-25 16:57:27,0.09995508193969727
2025-02-25 16:57:28,0.09988951683044434
2025-02-25 16:57:29,0.10073304176330566
2025-02-25 16:57:30,0.10239481925964355
2025-02-25 16:57:31,0.1013786792755127
2025-02-25 16:57:32,0.09885835647583008
2025-02-25 16:57:33,0.09762334823608398
2025-02-25 16:57:33,0.09836435317993164
2025-02-25 16:57:34,0.09691357612609863
2025-02-25 16:57:35,0.09436726570129395
2025-02-25 16:57:35,0.09280085563659668
2025-02-25 16:57:36,0.09361815452575684
2025-02-25 16:57:37,0.09379172325134277
2025-02-25 16:57:37,0.09306621551513672
2025-02-25 16:57:38,0.09357929229736328
2025-02-25 16:57:38,0.09208559989929199
2025-02-25 16:57:39,0.09059906005859375
2025-02-25 16:57:40,0.08911895751953125
2025-02-25 16:57:40,0.08823013305664062
2025-02-25 16:57:41,0.08957719802856445
2025-02-25 16:57:41,0.09142279624938965
2025-02-25 16:57:42,0.08897924423217773
2025-02-25 16:57:42,0.08700037002563477
2025-02-25 16:57:43,0.0869910717010498
2025-02-25 16:57:43,0.08763957023620605
2025-02-25 16:57:44,0.08647823333740234
2025-02-25 16:57:44,0.08546853065490723
2025-02-25 16:57:45,0.08734536170959473
2025-02-25 16:57:45,0.08610391616821289
2025-02-25 16:57:46,0.08359718322753906
2025-02-25 16:57:46,0.08501935005187988
2025-02-25 16:57:47,0.08746194839477539
2025-02-25 16:57:47,0.08425569534301758
2025-02-25 16:57:48,0.08295130729675293
2025-02-25 16:57:48,0.08254218101501465
2025-02-25 16:57:49,0.08164548873901367
2025-02-25 16:57:49,0.08279085159301758
2025-02-25 16:57:50,0.08238363265991211
2025-02-25 16:57:50,0.08137226104736328
2025-02-25 16:57:51,0.08057188987731934
2025-02-25 16:57:51,0.07998228073120117
2025-02-25 16:57:51,0.08134841918945312
2025-02-25 16:57:52,0.0830533504486084
2025-02-25 16:57:52,0.08256340026855469
2025-02-25 16:57:53,0.08268523216247559
2025-02-25 16:57:53,0.08451437950134277
2025-02-25 16:57:54,0.0856623649597168
2025-02-25 16:57:54,0.08485102653503418
2025-02-25 16:57:55,0.08423209190368652
2025-02-25 16:57:55,0.08356142044067383
2025-02-25 16:57:56,0.0827798843383789
2025-02-25 16:57:56,0.08208894729614258
2025-02-25 16:57:57,0.08289551734924316
2025-02-25 16:57:57,0.08383321762084961
2025-02-25 16:57:58,0.08325815200805664
2025-02-25 16:57:58,0.08342695236206055
2025-02-25 16:57:58,0.08519387245178223
2025-02-25 16:57:59,0.08521056175231934
2025-02-25 16:57:59,0.08462715148925781
2025-02-25 16:58:00,0.0847935676574707
2025-02-25 16:58:00,0.08633017539978027
2025-02-25 16:58:01,0.08566427230834961
2025-02-25 16:58:01,0.0851447582244873
2025-02-25 16:58:02,0.08576464653015137
2025-02-25 16:58:02,0.08586645126342773
2025-02-25 16:58:03,0.08607172966003418
2025-02-25 16:58:03,0.0858917236328125
2025-02-25 16:58:04,0.0849313735961914
2025-02-25 16:58:04,0.08348560333251953
2025-02-25 16:58:05,0.08336687088012695
2025-02-25 16:58:05,0.084014892578125
2025-02-25 16:58:06,0.08318424224853516
2025-02-25 16:58:06,0.08228635787963867
2025-02-25 16:58:07,0.08322429656982422
2025-02-25 16:58:07,0.08389663696289062
2025-02-25 16:58:08,0.08311915397644043
2025-02-25 16:58:08,0.08327913284301758
2025-02-25 16:58:09,0.08318829536437988
2025-02-25 16:58:09,0.08317780494689941
2025-02-25 16:58:10,0.08406400680541992
2025-02-25 16:58:10,0.0837559700012207
2025-02-25 16:58:11,0.08300447463989258
2025-02-25 16:58:11,0.08244752883911133
2025-02-25 16:58:12,0.08216404914855957
2025-02-25 16:58:12,0.08289051055908203
2025-02-25 16:58:13,0.08371305465698242
2025-02-25 16:58:13,0.08293938636779785
2025-02-25 16:58:14,0.0822298526763916
2025-02-25 16:58:14,0.08209013938903809
2025-02-25 16:58:15,0.08216643333435059
2025-02-25 16:58:15,0.08201479911804199
2025-02-25 16:58:16,0.08192086219787598
2025-02-25 16:58:16,0.08191037178039551
2025-02-25 16:58:16,0.08192038536071777
2025-02-25 16:58:17,0.0821526050567627
2025-02-25 16:58:17,0.08201789855957031
2025-02-25 16:58:18,0.08212518692016602
2025-02-25 16:58:18,0.08195781707763672
2025-02-25 16:58:19,0.08191227912902832
2025-02-25 16:58:19,0.08217597007751465
2025-02-25 16:58:20,0.08212423324584961
2025-02-25 16:58:20,0.0827033519744873
2025-02-25 16:58:20,0.08281660079956055
2025-02-25 16:58:21,0.08195257186889648
2025-02-25 16:58:21,0.08257699012756348
2025-02-25 16:58:22,0.0825350284576416
2025-02-25 16:58:22,0.08175873756408691
2025-02-25 16:58:23,0.08177876472473145
2025-02-25 16:58:23,0.08193421363830566
2025-02-25 16:58:24,0.08196377754211426
2025-02-25 16:58:24,0.08219361305236816
2025-02-25 16:58:25,0.08216261863708496
2025-02-25 16:58:25,0.08247685432434082
2025-02-25 16:58:25,0.08189034461975098
2025-02-25 16:58:26,0.08203315734863281
2025-02-25 16:58:26,0.08215928077697754
2025-02-25 16:58:27,0.08209037780761719
2025-02-25 16:58:27,0.0818326473236084
2025-02-25 16:58:28,0.0822136402130127
2025-02-25 16:58:28,0.08182215690612793
2025-02-25 16:58:29,0.08219456672668457
2025-02-25 16:58:29,0.08285212516784668
2025-02-25 16:58:30,0.08332419395446777
2025-02-25 16:58:30,0.08227300643920898
2025-02-25 16:58:30,0.08236241340637207
2025-02-25 16:58:31,0.08180737495422363
2025-02-25 16:58:31,0.08200693130493164
2025-02-25 16:58:32,0.08188247680664062
2025-02-25 16:58:32,0.08205533027648926
2025-02-25 16:58:33,0.08194470405578613
2025-02-25 16:58:33,0.08263063430786133
2025-02-25 16:58:34,0.08531856536865234
2025-02-25 16:58:34,0.08648896217346191
2025-02-25 16:58:35,0.08453178405761719
2025-02-25 16:58:35,0.08297348022460938
2025-02-25 16:58:36,0.0838615894317627
2025-02-25 16:58:36,0.08316850662231445
2025-02-25 16:58:36,0.08316302299499512
2025-02-25 16:58:37,0.08395719528198242
2025-02-25 16:58:37,0.08370280265808105
2025-02-25 16:58:38,0.08513236045837402
2025-02-25 16:58:38,0.08602285385131836
2025-02-25 16:58:39,0.08676743507385254
2025-02-25 16:58:39,0.08526015281677246
2025-02-25 16:58:40,0.08696985244750977
2025-02-25 16:58:40,0.08739781379699707
2025-02-25 16:58:41,0.08741569519042969
2025-02-25 16:58:41,0.08895540237426758
2025-02-25 16:58:42,0.08754801750183105
2025-02-25 16:58:42,0.08512496948242188
2025-02-25 16:58:43,0.08454227447509766
2025-02-25 16:58:43,0.0838620662689209
2025-02-25 16:58:44,0.08331584930419922
2025-02-25 16:58:44,0.0841207504272461
2025-02-25 16:58:45,0.08451366424560547
2025-02-25 16:58:45,0.08369207382202148
2025-02-25 16:58:45,0.08293843269348145
2025-02-25 16:58:46,0.08450460433959961
2025-02-25 16:58:46,0.08464312553405762
2025-02-25 16:58:47,0.08371567726135254
2025-02-25 16:58:47,0.08480358123779297
2025-02-25 16:58:48,0.08532261848449707
2025-02-25 16:58:48,0.08364725112915039
2025-02-25 16:58:48,0.08181977272033691
2025-02-25 16:58:49,0.08186864852905273
2025-02-25 16:58:49,0.08223724365234375
2025-02-25 16:58:50,0.0809319019317627
2025-02-25 16:58:50,0.08085346221923828
2025-02-25 16:58:50,0.08057785034179688
2025-02-25 16:58:51,0.08063983917236328
2025-02-25 16:58:51,0.08048605918884277
2025-02-25 16:58:52,0.0804297924041748
2025-02-25 16:58:52,0.08170413970947266
2025-02-25 16:58:52,0.08254170417785645
2025-02-25 16:58:53,0.08159828186035156
2025-02-25 16:58:53,0.08063626289367676
2025-02-25 16:58:53,0.07973504066467285
2025-02-25 16:58:54,0.07746696472167969
2025-02-25 16:58:54,0.07603621482849121
2025-02-25 16:58:54,0.0760350227355957
2025-02-25 16:58:55,0.07604193687438965
2025-02-25 16:58:55,0.07558178901672363
2025-02-25 16:58:55,0.07682299613952637
2025-02-25 16:58:56,0.07688784599304199
2025-02-25 16:58:56,0.0751645565032959
2025-02-25 16:58:56,0.07506728172302246
2025-02-25 16:58:57,0.07507824897766113
2025-02-25 16:58:57,0.07505345344543457
2025-02-25 16:58:57,0.07498502731323242
2025-02-25 16:58:58,0.07532215118408203
2025-02-25 16:58:58,0.07510113716125488
2025-02-25 16:58:58,0.0749509334564209
2025-02-25 16:58:59,0.07683014869689941
2025-02-25 16:58:59,0.07826566696166992
2025-02-25 16:58:59,0.07821869850158691
2025-02-25 16:59:00,0.0773460865020752
2025-02-25 16:59:00,0.0762166976928711
2025-02-25 16:59:00,0.07609748840332031
2025-02-25 16:59:01,0.07473397254943848
2025-02-25 16:59:01,0.07611250877380371
2025-02-25 16:59:01,0.07755923271179199
2025-02-25 16:59:02,0.07800984382629395
2025-02-25 16:59:02,0.07858395576477051
2025-02-25 16:59:02,0.07928013801574707
2025-02-25 16:59:03,0.08018183708190918
2025-02-25 16:59:03,0.08011817932128906
2025-02-25 16:59:03,0.08077263832092285
2025-02-25 16:59:04,0.08173704147338867
2025-02-25 16:59:04,0.0816957950592041
2025-02-25 16:59:04,0.08203697204589844
2025-02-25 16:59:05,0.08295202255249023
2025-02-25 16:59:05,0.08290815353393555
2025-02-25 16:59:06,0.08244204521179199
2025-02-25 16:59:06,0.0831151008605957
2025-02-25 16:59:06,0.08514571189880371
2025-02-25 16:59:07,0.08860063552856445
2025-02-25 16:59:07,0.0935816764831543
2025-02-25 16:59:08,0.09255051612854004
2025-02-25 16:59:08,0.08953642845153809
2025-02-25 16:59:09,0.09091925621032715
2025-02-25 16:59:09,0.09165763854980469
2025-02-25 16:59:10,0.09763646125793457
2025-02-25 16:59:10,0.1014101505279541
2025-02-25 16:59:11,0.10149931907653809
2025-02-25 16:59:11,0.10225248336791992
2025-02-25 16:59:12,0.10299015045166016
2025-02-25 16:59:12,0.10527443885803223
2025-02-25 16:59:13,0.10498785972595215
2025-02-25 16:59:13,0.10413694381713867
2025-02-25 16:59:14,0.10476255416870117
2025-02-25 16:59:15,0.10541939735412598
2025-02-25 16:59:15,0.10435128211975098
2025-02-25 16:59:16,0.10382437705993652
2025-02-25 16:59:16,0.10312819480895996
2025-02-25 16:59:17,0.10315680503845215
2025-02-25 16:59:18,0.10266327857971191
2025-02-25 16:59:18,0.10201239585876465
2025-02-25 16:59:19,0.1004476547241211
2025-02-25 16:59:19,0.10201621055603027
2025-02-25 16:59:20,0.10200858116149902
2025-02-25 16:59:20,0.10109901428222656
2025-02-25 16:59:21,0.10181951522827148
2025-02-25 16:59:22,0.10123372077941895
2025-02-25 16:59:22,0.10055732727050781
2025-02-25 16:59:23,0.09947633743286133
2025-02-25 16:59:23,0.1009526252746582
2025-02-25 16:59:24,0.10257411003112793
2025-02-25 16:59:24,0.10198163986206055
2025-02-25 16:59:25,0.10214662551879883
2025-02-25 16:59:26,0.10308098793029785
2025-02-25 16:59:26,0.10246944427490234
2025-02-25 16:59:27,0.10314249992370605
2025-02-25 16:59:27,0.1039886474609375
2025-02-25 16:59:28,0.10556316375732422
2025-02-25 16:59:29,0.10654878616333008
2025-02-25 16:59:29,0.10547304153442383
2025-02-25 16:59:30,0.10425710678100586
2025-02-25 16:59:31,0.10357880592346191
2025-02-25 16:59:31,0.1058504581451416
2025-02-25 16:59:32,0.10529232025146484
2025-02-25 16:59:33,0.1044764518737793
2025-02-25 16:59:33,0.10363221168518066
2025-02-25 16:59:34,0.10506987571716309
2025-02-25 16:59:35,0.10467004776000977
2025-02-25 16:59:35,0.10296034812927246
2025-02-25 16:59:36,0.10442829132080078
2025-02-25 16:59:37,0.10955595970153809
2025-02-25 16:59:37,0.10951805114746094
2025-02-25 16:59:38,0.10682296752929688
2025-02-25 16:59:39,0.10784292221069336
2025-02-25 16:59:39,0.1030874252319336
2025-02-25 16:59:40,0.10213351249694824
2025-02-25 16:59:41,0.10307121276855469
2025-02-25 16:59:41,0.10408139228820801
2025-02-25 16:59:42,0.10352563858032227
2025-02-25 16:59:43,0.10407257080078125
2025-02-25 16:59:43,0.10389304161071777
2025-02-25 16:59:44,0.10550308227539062
2025-02-25 16:59:45,0.10355997085571289
2025-02-25 16:59:45,0.09871530532836914
2025-02-25 16:59:46,0.10106515884399414
2025-02-25 16:59:47,0.10395359992980957
2025-02-25 16:59:47,0.10369181632995605
2025-02-25 16:59:48,0.10336041450500488
2025-02-25 16:59:49,0.10123753547668457
2025-02-25 16:59:49,0.10050201416015625
2025-02-25 16:59:50,0.1009969711303711
2025-02-25 16:59:50,0.10015153884887695
2025-02-25 16:59:51,0.10051465034484863
2025-02-25 16:59:52,0.10163044929504395
2025-02-25 16:59:52,0.10685014724731445
2025-02-25 16:59:53,0.11993741989135742
2025-02-25 16:59:54,0.11098265647888184
2025-02-25 16:59:54,0.10510969161987305
2025-02-25 16:59:55,0.10716462135314941
2025-02-25 16:59:56,0.10659980773925781
2025-02-25 16:59:56,0.10495424270629883
2025-02-25 16:59:57,0.11248111724853516
2025-02-25 16:59:57,0.11178088188171387
2025-02-25 16:59:58,0.11023545265197754
2025-02-25 16:59:59,0.1070399284362793
2025-02-25 16:59:59,0.10842490196228027
2025-02-25 17:00:00,0.10757184028625488
2025-02-25 17:00:01,0.11177849769592285
2025-02-25 17:00:01,0.10675311088562012
2025-02-25 17:00:02,0.10593986511230469
2025-02-25 17:00:03,0.10950827598571777
2025-02-25 17:00:03,0.11819052696228027
2025-02-25 17:00:04,0.10917496681213379
2025-02-25 17:00:05,0.10317730903625488
2025-02-25 17:00:05,0.10258150100708008
2025-02-25 17:00:06,0.10385346412658691
2025-02-25 17:00:06,0.10239100456237793
2025-02-25 17:00:07,0.10128164291381836
2025-02-25 17:00:08,0.1048586368560791
2025-02-25 17:00:08,0.10697650909423828
2025-02-25 17:00:09,0.10603928565979004
2025-02-25 17:00:10,0.10549283027648926
2025-02-25 17:00:10,0.1056821346282959
2025-02-25 17:00:11,0.1036539077758789
2025-02-25 17:00:12,0.10172033309936523
2025-02-25 17:00:12,0.1014256477355957
2025-02-25 17:00:13,0.10212850570678711
2025-02-25 17:00:13,0.103118896484375
2025-02-25 17:00:14,0.10018658638000488
2025-02-25 17:00:15,0.09983253479003906
2025-02-25 17:00:15,0.10199832916259766
2025-02-25 17:00:16,0.10315227508544922
2025-02-25 17:00:17,0.10342955589294434
2025-02-25 17:00:17,0.11104011535644531
2025-02-25 17:00:18,0.10699820518493652
2025-02-25 17:00:19,0.10418701171875
2025-02-25 17:00:19,0.10633015632629395
2025-02-25 17:00:20,0.10761713981628418
2025-02-25 17:00:21,0.10457062721252441
2025-02-25 17:00:21,0.10449600219726562
2025-02-25 17:00:22,0.09961748123168945
2025-02-25 17:00:22,0.1009969711303711
2025-02-25 17:00:23,0.10321474075317383
2025-02-25 17:00:24,0.10261726379394531
2025-02-25 17:00:24,0.1068880558013916
2025-02-25 17:00:25,0.11103105545043945
2025-02-25 17:00:25,0.10247635841369629
2025-02-25 17:00:26,0.10449790954589844
2025-02-25 17:00:27,0.1040339469909668
2025-02-25 17:00:27,0.1022951602935791
2025-02-25 17:00:28,0.1019904613494873
2025-02-25 17:00:29,0.10193443298339844
2025-02-25 17:00:29,0.10022950172424316
2025-02-25 17:00:30,0.10127782821655273
2025-02-25 17:00:31,0.10154342651367188
2025-02-25 17:00:31,0.10024046897888184
2025-02-25 17:00:32,0.10309267044067383
2025-02-25 17:00:32,0.10421967506408691
2025-02-25 17:00:33,0.10243749618530273
2025-02-25 17:00:34,0.10153388977050781
2025-02-25 17:00:34,0.1107032299041748
2025-02-25 17:00:35,0.11036181449890137
2025-02-25 17:00:36,0.10401582717895508
2025-02-25 17:00:36,0.10467982292175293
2025-02-25 17:00:37,0.1035304069519043
2025-02-25 17:00:38,0.10373091697692871
2025-02-25 17:00:38,0.10661625862121582
2025-02-25 17:00:39,0.10796594619750977
2025-02-25 17:00:39,0.10385417938232422
2025-02-25 17:00:40,0.10127472877502441
2025-02-25 17:00:41,0.09816932678222656
2025-02-25 17:00:41,0.09737110137939453
2025-02-25 17:00:42,0.0988154411315918
2025-02-25 17:00:42,0.09647297859191895
2025-02-25 17:00:43,0.09934234619140625
2025-02-25 17:00:43,0.10027742385864258
2025-02-25 17:00:44,0.1012887954711914
2025-02-25 17:00:45,0.10007357597351074
2025-02-25 17:00:45,0.09938907623291016
2025-02-25 17:00:46,0.10104560852050781
2025-02-25 17:00:46,0.09979462623596191
2025-02-25 17:00:47,0.0973973274230957
2025-02-25 17:00:47,0.10027933120727539
2025-02-25 17:00:48,0.10033559799194336
2025-02-25 17:00:49,0.1015617847442627
2025-02-25 17:00:49,0.10428690910339355
2025-02-25 17:00:50,0.10359716415405273
2025-02-25 17:00:50,0.10328841209411621
2025-02-25 17:00:51,0.10320472717285156
2025-02-25 17:00:52,0.10214686393737793
2025-02-25 17:00:52,0.10064697265625
2025-02-25 17:00:53,0.10167169570922852
2025-02-25 17:00:53,0.10122084617614746
2025-02-25 17:00:54,0.09948992729187012
2025-02-25 17:00:55,0.09928035736083984
2025-02-25 17:00:55,0.10134077072143555
2025-02-25 17:00:56,0.1029500961303711
2025-02-25 17:00:57,0.1034090518951416
2025-02-25 17:00:57,0.10316181182861328
2025-02-25 17:00:58,0.1025092601776123
2025-02-25 17:00:58,0.09929442405700684
2025-02-25 17:00:59,0.0969851016998291
2025-02-25 17:01:00,0.10070085525512695
2025-02-25 17:01:00,0.10042786598205566
2025-02-25 17:01:01,0.09950447082519531
2025-02-25 17:01:01,0.10064029693603516
2025-02-25 17:01:02,0.10033178329467773
2025-02-25 17:01:02,0.09938979148864746
2025-02-25 17:01:03,0.1020650863647461
2025-02-25 17:01:04,0.10513710975646973
2025-02-25 17:01:04,0.10515332221984863
2025-02-25 17:01:05,0.1071615219116211
2025-02-25 17:01:05,0.10361242294311523
2025-02-25 17:01:06,0.1009676456451416
2025-02-25 17:01:07,0.09998345375061035
2025-02-25 17:01:07,0.0972757339477539
2025-02-25 17:01:08,0.09730100631713867
2025-02-25 17:01:08,0.09856271743774414
2025-02-25 17:01:09,0.09951162338256836
2025-02-25 17:01:09,0.09964251518249512
2025-02-25 17:01:10,0.0975034236907959
2025-02-25 17:01:10,0.09518146514892578
2025-02-25 17:01:11,0.0975029468536377
2025-02-25 17:01:11,0.09750819206237793
2025-02-25 17:01:12,0.09407734870910645
2025-02-25 17:01:13,0.09264612197875977
2025-02-25 17:01:13,0.0926513671875
2025-02-25 17:01:14,0.09443283081054688
2025-02-25 17:01:14,0.09549808502197266
2025-02-25 17:01:15,0.09467744827270508
2025-02-25 17:01:15,0.0923616886138916
2025-02-25 17:01:16,0.09193682670593262
2025-02-25 17:01:16,0.09332823753356934
2025-02-25 17:01:17,0.09254932403564453
2025-02-25 17:01:17,0.09414196014404297
2025-02-25 17:01:18,0.09264945983886719
2025-02-25 17:01:18,0.08902788162231445
2025-02-25 17:01:19,0.08983683586120605
2025-02-25 17:01:19,0.09066271781921387
2025-02-25 17:01:20,0.09085798263549805
2025-02-25 17:01:20,0.09439992904663086
2025-02-25 17:01:21,0.09733843803405762
2025-02-25 17:01:21,0.09351086616516113
2025-02-25 17:01:22,0.09285354614257812
2025-02-25 17:01:22,0.09359598159790039
2025-02-25 17:01:23,0.09136819839477539
2025-02-25 17:01:23,0.09324812889099121
2025-02-25 17:01:24,0.09619545936584473
2025-02-25 17:01:24,0.0948183536529541
2025-02-25 17:01:25,0.09420347213745117
2025-02-25 17:01:25,0.09855008125305176
2025-02-25 17:01:26,0.09823322296142578
2025-02-25 17:01:26,0.09474945068359375
2025-02-25 17:01:27,0.09475326538085938
2025-02-25 17:01:27,0.09527158737182617
2025-02-25 17:01:28,0.09360766410827637
2025-02-25 17:01:29,0.09239006042480469
2025-02-25 17:01:29,0.09264302253723145
2025-02-25 17:01:30,0.09243273735046387
2025-02-25 17:01:30,0.09175324440002441
2025-02-25 17:01:30,0.09312701225280762
2025-02-25 17:01:31,0.09458470344543457
2025-02-25 17:01:32,0.09641814231872559
2025-02-25 17:01:32,0.09849667549133301
2025-02-25 17:01:33,0.09355282783508301
2025-02-25 17:01:33,0.09366035461425781
2025-02-25 17:01:34,0.09662055969238281
2025-02-25 17:01:34,0.09364891052246094
2025-02-25 17:01:35,0.09490799903869629
2025-02-25 17:01:35,0.09769344329833984
2025-02-25 17:01:36,0.0992431640625
2025-02-25 17:01:37,0.09850740432739258
2025-02-25 17:01:37,0.09801506996154785
2025-02-25 17:01:38,0.09914588928222656
2025-02-25 17:01:38,0.10079169273376465
2025-02-25 17:01:39,0.10172033309936523
2025-02-25 17:01:39,0.10340166091918945
2025-02-25 17:01:40,0.10492515563964844
2025-02-25 17:01:41,0.10523295402526855
2025-02-25 17:01:41,0.1059579849243164
2025-02-25 17:01:42,0.10512518882751465
2025-02-25 17:01:43,0.10342812538146973
2025-02-25 17:01:43,0.10132598876953125
2025-02-25 17:01:44,0.09872937202453613
2025-02-25 17:01:45,0.09883403778076172
2025-02-25 17:01:45,0.10165214538574219
2025-02-25 17:01:46,0.1009366512298584
2025-02-25 17:01:46,0.09961748123168945
2025-02-25 17:01:47,0.09925341606140137
2025-02-25 17:01:48,0.09943294525146484
2025-02-25 17:01:48,0.10044455528259277
2025-02-25 17:01:49,0.0994729995727539
2025-02-25 17:01:50,0.10031962394714355
2025-02-25 17:01:50,0.10170960426330566
2025-02-25 17:01:51,0.10549330711364746
2025-02-25 17:01:52,0.10117864608764648
2025-02-25 17:01:52,0.10120701789855957
2025-02-25 17:01:53,0.10250020027160645
2025-02-25 17:01:54,0.10114622116088867
2025-02-25 17:01:54,0.09962654113769531
2025-02-25 17:01:55,0.09990310668945312
2025-02-25 17:01:56,0.0982663631439209
2025-02-25 17:01:56,0.09970521926879883
2025-02-25 17:01:57,0.1042337417602539
2025-02-25 17:01:58,0.10334300994873047
2025-02-25 17:01:59,0.10227704048156738
2025-02-25 17:01:59,0.10494565963745117
2025-02-25 17:02:00,0.10592317581176758
2025-02-25 17:02:01,0.10474872589111328
2025-02-25 17:02:01,0.10317802429199219
2025-02-25 17:02:02,0.10374784469604492
2025-02-25 17:02:03,0.10520243644714355
2025-02-25 17:02:03,0.10518670082092285
2025-02-25 17:02:04,0.10304045677185059
2025-02-25 17:02:05,0.1008152961730957
2025-02-25 17:02:05,0.09835124015808105
2025-02-25 17:02:06,0.09853935241699219
2025-02-25 17:02:06,0.09789085388183594
2025-02-25 17:02:07,0.09631991386413574
2025-02-25 17:02:08,0.0986475944519043
2025-02-25 17:02:08,0.09664416313171387
2025-02-25 17:02:09,0.0953214168548584
2025-02-25 17:02:09,0.09809494018554688
2025-02-25 17:02:10,0.09939289093017578
2025-02-25 17:02:10,0.09979629516601562
2025-02-25 17:02:11,0.10113859176635742
2025-02-25 17:02:12,0.10023617744445801
2025-02-25 17:02:12,0.10184216499328613
2025-02-25 17:02:13,0.10155892372131348
2025-02-25 17:02:14,0.09981703758239746
2025-02-25 17:02:14,0.10114884376525879
2025-02-25 17:02:15,0.09647870063781738
2025-02-25 17:02:15,0.09591341018676758
2025-02-25 17:02:16,0.10218071937561035
2025-02-25 17:02:16,0.10122799873352051
2025-02-25 17:02:17,0.09835314750671387
2025-02-25 17:02:18,0.0992729663848877
2025-02-25 17:02:18,0.0992124080657959
2025-02-25 17:02:19,0.10048508644104004
2025-02-25 17:02:20,0.09997057914733887
2025-02-25 17:02:20,0.09967541694641113
2025-02-25 17:02:21,0.0984034538269043
2025-02-25 17:02:22,0.09545421600341797
2025-02-25 17:02:22,0.09688949584960938
2025-02-25 17:02:23,0.0956108570098877
2025-02-25 17:02:23,0.09149551391601562
2025-02-25 17:02:24,0.09137821197509766
2025-02-25 17:02:24,0.09490776062011719
2025-02-25 17:02:25,0.09585094451904297
2025-02-25 17:02:25,0.09083747863769531
2025-02-25 17:02:26,0.08941435813903809
2025-02-25 17:02:26,0.0910029411315918
2025-02-25 17:02:27,0.09262490272521973
2025-02-25 17:02:27,0.09385824203491211
2025-02-25 17:02:28,0.09224915504455566
2025-02-25 17:02:29,0.09134292602539062
2025-02-25 17:02:29,0.09273815155029297
2025-02-25 17:02:30,0.09391331672668457
2025-02-25 17:02:30,0.09273362159729004
2025-02-25 17:02:31,0.09251880645751953
2025-02-25 17:02:31,0.09143543243408203
2025-02-25 17:02:32,0.08877849578857422
2025-02-25 17:02:32,0.0883946418762207
2025-02-25 17:02:33,0.08982634544372559
2025-02-25 17:02:33,0.09036612510681152
2025-02-25 17:02:34,0.08879661560058594
2025-02-25 17:02:34,0.08972597122192383
2025-02-25 17:02:35,0.09105134010314941
2025-02-25 17:02:35,0.09029436111450195
2025-02-25 17:02:36,0.08942890167236328
2025-02-25 17:02:36,0.08886957168579102
2025-02-25 17:02:37,0.08818650245666504
2025-02-25 17:02:37,0.08837747573852539
2025-02-25 17:02:38,0.08831429481506348
2025-02-25 17:02:38,0.08680224418640137
2025-02-25 17:02:39,0.08614540100097656
2025-02-25 17:02:39,0.0869286060333252
2025-02-25 17:02:40,0.08553552627563477
2025-02-25 17:02:40,0.0845651626586914
2025-02-25 17:02:40,0.0839846134185791
2025-02-25 17:02:41,0.0840597152709961
2025-02-25 17:02:41,0.08333039283752441
2025-02-25 17:02:42,0.08310914039611816
2025-02-25 17:02:42,0.08409309387207031
2025-02-25 17:02:43,0.08571791648864746
2025-02-25 17:02:43,0.08618927001953125
2025-02-25 17:02:43,0.08690810203552246
2025-02-25 17:02:44,0.09138202667236328
2025-02-25 17:02:44,0.09571552276611328
2025-02-25 17:02:45,0.09591031074523926
2025-02-25 17:02:45,0.09375357627868652
2025-02-25 17:02:46,0.09612679481506348
2025-02-25 17:02:46,0.09624862670898438
2025-02-25 17:02:47,0.0958867073059082
2025-02-25 17:02:47,0.09702610969543457
2025-02-25 17:02:48,0.09950566291809082
2025-02-25 17:02:48,0.1026163101196289
2025-02-25 17:02:49,0.10420727729797363
2025-02-25 17:02:49,0.10377788543701172
2025-02-25 17:02:50,0.10221505165100098
2025-02-25 17:02:50,0.1025087833404541
2025-02-25 17:02:51,0.10232210159301758
2025-02-25 17:02:51,0.11121916770935059
2025-02-25 17:02:52,0.11181330680847168
2025-02-25 17:02:53,0.10421156883239746
2025-02-25 17:02:53,0.10761594772338867
2025-02-25 17:02:54,0.11053800582885742
2025-02-25 17:02:54,0.10427212715148926
2025-02-25 17:02:55,0.11261153221130371
2025-02-25 17:02:56,0.11117982864379883
2025-02-25 17:02:56,0.10446882247924805
2025-02-25 17:02:57,0.10329055786132812
2025-02-25 17:02:57,0.10316228866577148
2025-02-25 17:02:58,0.10599136352539062
2025-02-25 17:02:59,0.11451029777526855
2025-02-25 17:02:59,0.11403179168701172
2025-02-25 17:03:00,0.10722136497497559
2025-02-25 17:03:01,0.11236023902893066
