2025-02-19 14:08:13,0.1998758316040039
2025-02-19 14:08:15,0.11367154121398926
2025-02-19 14:08:23,0.19005990028381348
2025-02-19 14:08:27,0.1560049057006836
2025-02-19 14:08:29,0.10678267478942871
2025-02-19 14:08:35,0.16507363319396973
2025-02-19 14:08:43,0.2007124423980713
2025-02-19 14:08:44,0.1320192813873291
2025-02-19 14:08:46,0.10715126991271973
2025-02-19 14:08:50,0.19365715980529785
2025-02-19 14:08:57,0.17128276824951172
2025-02-19 14:08:59,0.11034083366394043
2025-02-19 14:09:00,0.10796165466308594
2025-02-19 14:09:04,0.29100561141967773
2025-02-19 14:09:06,0.14550161361694336
2025-02-19 14:09:08,0.10977602005004883
2025-02-19 14:09:12,0.2778193950653076
2025-02-19 14:09:14,0.13959097862243652
2025-02-19 14:09:15,0.11822104454040527
2025-02-19 14:09:19,0.22992706298828125
2025-02-19 14:09:21,0.11936759948730469
2025-02-19 14:09:26,0.2246263027191162
2025-02-19 14:09:34,0.1816728115081787
2025-02-19 14:09:35,0.11012721061706543
2025-02-19 14:09:37,0.10910439491271973
2025-02-19 14:09:41,0.14937758445739746
2025-02-19 14:09:55,0.20102167129516602
2025-02-19 14:09:56,0.11470699310302734
2025-02-19 14:09:58,0.10827064514160156
2025-02-19 14:09:59,0.10854244232177734
2025-02-19 14:10:04,0.15376782417297363
2025-02-19 14:10:17,0.16284942626953125
2025-02-19 14:10:18,0.11090993881225586
2025-02-19 14:10:20,0.11115074157714844
2025-02-19 14:10:24,0.23095393180847168
2025-02-19 14:10:26,0.14258217811584473
2025-02-19 14:10:28,0.10824990272521973
2025-02-19 14:10:32,0.20385169982910156
2025-02-19 14:10:39,0.17534804344177246
2025-02-19 14:10:48,0.13799691200256348
2025-02-19 14:10:50,0.1076664924621582
2025-02-19 14:10:58,0.20006179809570312
2025-02-19 14:11:00,0.12590956687927246
2025-02-19 14:11:02,0.1187286376953125
2025-02-19 14:11:04,0.11173796653747559
2025-02-19 14:11:05,0.08096647262573242
2025-02-19 14:11:10,0.14286160469055176
2025-02-19 14:11:18,0.20217323303222656
2025-02-19 14:11:23,0.2759592533111572
2025-02-19 14:11:24,0.12435150146484375
2025-02-19 14:11:26,0.11716556549072266
2025-02-19 14:11:30,0.20590972900390625
2025-02-19 14:11:37,0.1551191806793213
2025-02-19 14:11:46,0.1595778465270996
2025-02-19 14:11:48,0.12548565864562988
2025-02-19 14:11:52,0.20499801635742188
2025-02-19 14:11:54,0.11323094367980957
2025-02-19 14:11:56,0.11325597763061523
2025-02-19 14:11:59,0.11396050453186035
2025-02-19 14:12:01,0.11464166641235352
2025-02-19 14:12:07,0.10379528999328613
2025-02-19 14:12:09,0.12813067436218262
2025-02-19 14:12:10,0.12099790573120117
2025-02-19 14:12:12,0.08173799514770508
2025-02-19 14:12:14,0.11315059661865234
2025-02-19 14:12:15,0.11353731155395508
2025-02-19 14:12:17,0.11220669746398926
2025-02-19 14:12:21,0.2274332046508789
2025-02-19 14:12:23,0.12605595588684082
2025-02-19 14:12:25,0.11060905456542969
2025-02-19 14:12:28,0.14855408668518066
2025-02-19 14:12:30,0.08317041397094727
2025-02-19 14:12:36,0.13769197463989258
2025-02-19 14:12:37,0.10967159271240234
2025-02-19 14:12:39,0.11446952819824219
2025-02-19 14:12:43,0.1313471794128418
2025-02-19 14:12:45,0.12098336219787598
2025-02-19 14:12:51,0.13136720657348633
2025-02-19 14:12:59,0.18868446350097656
2025-02-19 14:13:00,0.120697021484375
2025-02-19 14:13:02,0.11406445503234863
2025-02-19 14:13:06,0.17106342315673828
2025-02-19 14:13:08,0.1153099536895752
2025-02-19 14:13:09,0.09945082664489746
2025-02-19 14:13:11,0.11304378509521484
2025-02-19 14:13:15,0.11215639114379883
2025-02-19 14:13:16,0.11023664474487305
2025-02-19 14:13:18,0.11038017272949219
2025-02-19 14:13:20,0.11018037796020508
2025-02-19 14:13:22,0.1109476089477539
2025-02-19 14:13:23,0.11088371276855469
2025-02-19 14:13:27,0.0806882381439209
2025-02-19 14:13:29,0.11085271835327148
2025-02-19 14:13:34,0.2505636215209961
2025-02-19 14:13:49,0.16979408264160156
2025-02-19 14:13:51,0.12827515602111816
2025-02-19 14:13:52,0.08074522018432617
2025-02-19 14:13:56,0.10969781875610352
2025-02-19 14:13:58,0.10867571830749512
2025-02-19 14:14:03,0.19184064865112305
2025-02-19 14:14:05,0.08126592636108398
2025-02-19 14:14:07,0.08243870735168457
2025-02-19 14:14:18,0.20380067825317383
2025-02-19 14:14:19,0.08220934867858887
2025-02-19 14:14:21,0.08233118057250977
2025-02-19 14:14:22,0.1150200366973877
2025-02-19 14:14:24,0.11526608467102051
2025-02-19 14:14:26,0.11588478088378906
2025-02-19 14:14:27,0.11778759956359863
2025-02-19 14:14:29,0.11572408676147461
2025-02-19 14:14:30,0.1150813102722168
2025-02-19 14:14:32,0.11670088768005371
2025-02-19 14:14:33,0.11534523963928223
2025-02-19 14:14:35,0.11508345603942871
2025-02-19 14:14:36,0.11620759963989258
2025-02-19 14:14:38,0.11632990837097168
2025-02-19 14:14:39,0.11540555953979492
2025-02-19 14:14:41,0.11532354354858398
2025-02-19 14:14:42,0.08186125755310059
2025-02-19 14:14:44,0.08155179023742676
2025-02-19 14:14:45,0.1165308952331543
2025-02-19 14:14:47,0.08172821998596191
2025-02-19 14:14:48,0.11297321319580078
2025-02-19 14:14:49,0.08148837089538574
2025-02-19 14:14:51,0.11414241790771484
2025-02-19 14:14:52,0.08151674270629883
2025-02-19 14:14:54,0.11277008056640625
2025-02-19 14:14:55,0.1179800033569336
2025-02-19 14:14:56,0.08101367950439453
2025-02-19 14:14:58,0.11681628227233887
2025-02-19 14:14:59,0.11073875427246094
2025-02-19 14:15:01,0.11105036735534668
2025-02-19 14:15:02,0.11036276817321777
2025-02-19 14:15:04,0.11388802528381348
2025-02-19 14:15:05,0.11233782768249512
2025-02-19 14:15:07,0.11294436454772949
2025-02-19 14:15:08,0.08122134208679199
2025-02-19 14:15:10,0.12141847610473633
2025-02-19 14:15:11,0.11658024787902832
2025-02-19 14:15:13,0.11525416374206543
2025-02-19 14:15:15,0.08183073997497559
2025-02-19 14:15:17,0.08469676971435547
2025-02-19 14:15:18,0.11820530891418457
2025-02-19 14:15:20,0.0817105770111084
2025-02-19 14:15:21,0.11714434623718262
2025-02-19 14:15:23,0.11877632141113281
2025-02-19 14:15:25,0.11791038513183594
2025-02-19 14:15:27,0.11751627922058105
2025-02-19 14:15:28,0.11638545989990234
2025-02-19 14:15:30,0.08785653114318848
2025-02-19 14:15:32,0.1256561279296875
2025-02-19 14:15:33,0.12824273109436035
2025-02-19 14:15:35,0.12912535667419434
2025-02-19 14:15:37,0.1286771297454834
2025-02-19 14:15:39,0.12381839752197266
2025-02-19 14:15:40,0.11835885047912598
2025-02-19 14:15:42,0.11864733695983887
2025-02-19 14:15:44,0.1288166046142578
2025-02-19 14:15:46,0.09801054000854492
2025-02-19 14:15:48,0.12646269798278809
2025-02-19 14:15:50,0.13231611251831055
2025-02-19 14:15:52,0.12044119834899902
2025-02-19 14:15:53,0.11719059944152832
2025-02-19 14:15:55,0.08201122283935547
2025-02-19 14:15:57,0.11695432662963867
2025-02-19 14:15:59,0.12144255638122559
2025-02-19 14:16:01,0.08162999153137207
2025-02-19 14:16:03,0.08179879188537598
2025-02-19 14:16:04,0.11597037315368652
2025-02-19 14:16:06,0.12309813499450684
2025-02-19 14:16:08,0.11605644226074219
2025-02-19 14:16:09,0.11619186401367188
2025-02-19 14:16:11,0.11683964729309082
2025-02-19 14:16:12,0.11641311645507812
2025-02-19 14:16:14,0.0821845531463623
2025-02-19 14:16:15,0.11610031127929688
2025-02-19 14:16:17,0.08188676834106445
2025-02-19 14:16:18,0.08136487007141113
2025-02-19 14:16:20,0.08098196983337402
2025-02-19 14:16:21,0.11672091484069824
2025-02-19 14:16:23,0.0823676586151123
2025-02-19 14:16:24,0.08123588562011719
2025-02-19 14:16:26,0.08155417442321777
2025-02-19 14:16:27,0.11444234848022461
2025-02-19 14:16:29,0.11961984634399414
2025-02-19 14:16:31,0.1186981201171875
2025-02-19 14:16:33,0.11876749992370605
2025-02-19 14:16:34,0.08164644241333008
2025-02-19 14:16:36,0.0822303295135498
2025-02-19 14:16:37,0.1185455322265625
2025-02-19 14:16:39,0.12106204032897949
2025-02-19 14:16:40,0.0821688175201416
2025-02-19 14:16:42,0.08197736740112305
2025-02-19 14:16:43,0.1180717945098877
2025-02-19 14:16:45,0.11989068984985352
2025-02-19 14:16:46,0.08155512809753418
2025-02-19 14:16:48,0.08228516578674316
2025-02-19 14:16:49,0.08168745040893555
2025-02-19 14:16:50,0.08234214782714844
2025-02-19 14:16:51,0.08166122436523438
2025-02-19 14:16:53,0.0830538272857666
2025-02-19 14:16:54,0.08200907707214355
2025-02-19 14:16:56,0.11858153343200684
2025-02-19 14:16:57,0.08162641525268555
2025-02-19 14:16:59,0.11912226676940918
2025-02-19 14:17:00,0.11739206314086914
2025-02-19 14:17:02,0.1181340217590332
2025-02-19 14:17:03,0.12102198600769043
2025-02-19 14:17:05,0.11752033233642578
2025-02-19 14:17:06,0.08329629898071289
2025-02-19 14:17:07,0.11521267890930176
2025-02-19 14:17:09,0.08177876472473145
2025-02-19 14:17:10,0.11440086364746094
2025-02-19 14:17:11,0.11350512504577637
2025-02-19 14:17:13,0.0814824104309082
2025-02-19 14:17:14,0.0809938907623291
2025-02-19 14:17:16,0.11250615119934082
2025-02-19 14:17:17,0.08052682876586914
2025-02-19 14:17:18,0.0824117660522461
2025-02-19 14:17:20,0.12006378173828125
2025-02-19 14:17:21,0.1191551685333252
2025-02-19 14:17:22,0.08267664909362793
2025-02-19 14:17:23,0.08206510543823242
2025-02-19 14:17:24,0.11957287788391113
2025-02-19 14:17:25,0.1182851791381836
2025-02-19 14:17:27,0.12146782875061035
2025-02-19 14:17:28,0.11937570571899414
2025-02-19 14:17:29,0.11978340148925781
2025-02-19 14:17:31,0.12028741836547852
2025-02-19 14:17:32,0.11716175079345703
2025-02-19 14:17:33,0.11577868461608887
2025-02-19 14:17:34,0.11529135704040527
2025-02-19 14:17:36,0.11536955833435059
2025-02-19 14:17:37,0.11583256721496582
2025-02-19 14:17:38,0.11363840103149414
2025-02-19 14:17:39,0.11580753326416016
2025-02-19 14:17:40,0.1125800609588623
2025-02-19 14:17:41,0.08130216598510742
2025-02-19 14:17:43,0.08114171028137207
2025-02-19 14:17:44,0.11302804946899414
2025-02-19 14:17:45,0.11040329933166504
2025-02-19 14:17:47,0.11269521713256836
2025-02-19 14:17:48,0.11136889457702637
2025-02-19 14:17:50,0.12393069267272949
2025-02-19 14:17:51,0.08142232894897461
2025-02-19 14:17:53,0.1184685230255127
2025-02-19 14:17:54,0.1182563304901123
2025-02-19 14:17:56,0.12063097953796387
2025-02-19 14:17:57,0.12148356437683105
2025-02-19 14:17:59,0.1187746524810791
2025-02-19 14:18:01,0.11703348159790039
2025-02-19 14:18:02,0.11591672897338867
2025-02-19 14:18:04,0.11565876007080078
2025-02-19 14:18:05,0.11588716506958008
2025-02-19 14:18:07,0.11366510391235352
2025-02-19 14:18:09,0.11349201202392578
2025-02-19 14:18:11,0.08156871795654297
2025-02-19 14:18:13,0.11406898498535156
2025-02-19 14:18:14,0.08136701583862305
2025-02-19 14:18:16,0.08099007606506348
2025-02-19 14:18:18,0.11227583885192871
2025-02-19 14:18:19,0.11116385459899902
2025-02-19 14:18:21,0.11190605163574219
2025-02-19 14:18:23,0.11114311218261719
2025-02-19 14:18:25,0.08469891548156738
2025-02-19 14:18:27,0.08214449882507324
2025-02-19 14:18:28,0.08197784423828125
2025-02-19 14:18:30,0.12752175331115723
2025-02-19 14:18:32,0.08484172821044922
2025-02-19 14:18:33,0.08205413818359375
2025-02-19 14:18:35,0.11892843246459961
2025-02-19 14:18:37,0.12122678756713867
2025-02-19 14:18:39,0.12164425849914551
2025-02-19 14:18:40,0.11591458320617676
2025-02-19 14:18:42,0.08378958702087402
2025-02-19 14:18:43,0.08181571960449219
2025-02-19 14:18:45,0.1150057315826416
2025-02-19 14:18:47,0.11392807960510254
2025-02-19 14:18:48,0.08134317398071289
2025-02-19 14:18:50,0.11443710327148438
2025-02-19 14:18:51,0.08061695098876953
2025-02-19 14:18:53,0.08119821548461914
2025-02-19 14:18:55,0.1244058609008789
2025-02-19 14:18:56,0.0819406509399414
2025-02-19 14:18:58,0.12396407127380371
2025-02-19 14:19:00,0.12172698974609375
2025-02-19 14:19:02,0.11844658851623535
2025-02-19 14:19:03,0.12200450897216797
2025-02-19 14:19:05,0.1212465763092041
2025-02-19 14:19:07,0.11573433876037598
2025-02-19 14:19:08,0.08202195167541504
2025-02-19 14:19:10,0.11684560775756836
2025-02-19 14:19:11,0.08203768730163574
2025-02-19 14:19:13,0.0812373161315918
2025-02-19 14:19:14,0.0817103385925293
2025-02-19 14:19:16,0.08143877983093262
2025-02-19 14:19:18,0.0824127197265625
2025-02-19 14:19:19,0.11507987976074219
2025-02-19 14:19:21,0.11481308937072754
2025-02-19 14:19:23,0.1146395206451416
2025-02-19 14:19:24,0.11520266532897949
2025-02-19 14:19:26,0.11398959159851074
2025-02-19 14:19:27,0.11232829093933105
2025-02-19 14:19:29,0.1298518180847168
2025-02-19 14:19:30,0.12584638595581055
2025-02-19 14:19:32,0.12233757972717285
2025-02-19 14:19:33,0.12169909477233887
2025-02-19 14:19:34,0.12096667289733887
2025-02-19 14:19:36,0.1192624568939209
2025-02-19 14:19:37,0.08243989944458008
2025-02-19 14:19:39,0.11843585968017578
2025-02-19 14:19:40,0.1186835765838623
2025-02-19 14:19:42,0.11921906471252441
2025-02-19 14:19:43,0.08095121383666992
2025-02-19 14:19:45,0.11566686630249023
2025-02-19 14:19:46,0.08075642585754395
2025-02-19 14:19:48,0.08077001571655273
2025-02-19 14:19:49,0.11374568939208984
2025-02-19 14:19:50,0.11248493194580078
2025-02-19 14:19:52,0.11266541481018066
2025-02-19 14:19:53,0.1118476390838623
2025-02-19 14:19:55,0.08571338653564453
2025-02-19 14:19:56,0.1250171661376953
2025-02-19 14:19:58,0.12262630462646484
2025-02-19 14:19:59,0.12280130386352539
2025-02-19 14:20:00,0.11948060989379883
2025-02-19 14:20:02,0.08136892318725586
2025-02-19 14:20:03,0.12091994285583496
2025-02-19 14:20:04,0.12168669700622559
2025-02-19 14:20:06,0.1190645694732666
2025-02-19 14:20:07,0.08186864852905273
2025-02-19 14:20:08,0.11755704879760742
2025-02-19 14:20:10,0.08129739761352539
2025-02-19 14:20:11,0.11684441566467285
2025-02-19 14:20:12,0.11675190925598145
2025-02-19 14:20:14,0.11619114875793457
2025-02-19 14:20:15,0.11533021926879883
2025-02-19 14:20:17,0.08111381530761719
2025-02-19 14:20:18,0.11440014839172363
2025-02-19 14:20:19,0.08089733123779297
2025-02-19 14:20:21,0.08052492141723633
2025-02-19 14:20:22,0.0822293758392334
2025-02-19 14:20:24,0.12481427192687988
2025-02-19 14:20:25,0.08156275749206543
2025-02-19 14:20:26,0.12189006805419922
2025-02-19 14:20:28,0.08158588409423828
2025-02-19 14:20:29,0.08159923553466797
2025-02-19 14:20:30,0.08150458335876465
2025-02-19 14:20:32,0.12015986442565918
2025-02-19 14:20:33,0.11913704872131348
2025-02-19 14:20:34,0.11811113357543945
2025-02-19 14:20:35,0.1171729564666748
2025-02-19 14:20:36,0.1167302131652832
2025-02-19 14:20:38,0.08120846748352051
2025-02-19 14:20:39,0.1155245304107666
2025-02-19 14:20:40,0.11636853218078613
2025-02-19 14:20:41,0.08197736740112305
2025-02-19 14:20:42,0.11755824089050293
2025-02-19 14:20:43,0.11774730682373047
2025-02-19 14:20:44,0.11519789695739746
2025-02-19 14:20:45,0.08080172538757324
2025-02-19 14:20:46,0.1267995834350586
2025-02-19 14:20:47,0.12586545944213867
2025-02-19 14:20:48,0.08198165893554688
2025-02-19 14:20:50,0.12427544593811035
2025-02-19 14:20:51,0.12476253509521484
2025-02-19 14:20:52,0.08164453506469727
2025-02-19 14:20:53,0.12276172637939453
2025-02-19 14:20:54,0.0817253589630127
2025-02-19 14:20:55,0.12352275848388672
2025-02-19 14:20:56,0.11947417259216309
2025-02-19 14:20:57,0.1184234619140625
2025-02-19 14:20:59,0.08165645599365234
2025-02-19 14:21:00,0.11948919296264648
2025-02-19 14:21:01,0.08188009262084961
2025-02-19 14:21:02,0.11664342880249023
2025-02-19 14:21:03,0.08147716522216797
2025-02-19 14:21:04,0.11638903617858887
2025-02-19 14:21:05,0.11685585975646973
2025-02-19 14:21:06,0.08101344108581543
2025-02-19 14:21:07,0.11356544494628906
2025-02-19 14:21:08,0.11325502395629883
2025-02-19 14:21:08,0.11202406883239746
2025-02-19 14:21:10,0.12538743019104004
2025-02-19 14:21:11,0.12587308883666992
2025-02-19 14:21:12,0.08173322677612305
2025-02-19 14:21:13,0.12494373321533203
2025-02-19 14:21:13,0.07996106147766113
2025-02-19 14:21:14,0.12062931060791016
2025-02-19 14:21:15,0.12014341354370117
2025-02-19 14:21:16,0.08133077621459961
2025-02-19 14:21:17,0.12061667442321777
2025-02-19 14:21:18,0.08175349235534668
2025-02-19 14:21:19,0.11872482299804688
2025-02-19 14:21:20,0.08103108406066895
2025-02-19 14:21:21,0.11539340019226074
2025-02-19 14:21:23,0.08167695999145508
2025-02-19 14:21:24,0.08187294006347656
2025-02-19 14:21:25,0.08152651786804199
2025-02-19 14:21:26,0.0811619758605957
2025-02-19 14:21:27,0.08299851417541504
2025-02-19 14:21:28,0.08249402046203613
2025-02-19 14:21:30,0.08199787139892578
2025-02-19 14:21:31,0.08231353759765625
2025-02-19 14:21:32,0.08263564109802246
2025-02-19 14:21:33,0.12363195419311523
2025-02-19 14:21:34,0.0823674201965332
2025-02-19 14:21:36,0.12151169776916504
2025-02-19 14:21:37,0.08240342140197754
2025-02-19 14:21:38,0.08358144760131836
2025-02-19 14:21:39,0.12082934379577637
2025-02-19 14:21:41,0.11973214149475098
2025-02-19 14:21:42,0.08234477043151855
2025-02-19 14:21:43,0.08157563209533691
2025-02-19 14:21:44,0.0814812183380127
2025-02-19 14:21:46,0.11616396903991699
2025-02-19 14:21:47,0.08112359046936035
2025-02-19 14:21:48,0.11657929420471191
2025-02-19 14:21:50,0.08092260360717773
2025-02-19 14:21:51,0.08176398277282715
2025-02-19 14:21:52,0.08164167404174805
2025-02-19 14:21:54,0.1293320655822754
2025-02-19 14:21:55,0.12788796424865723
2025-02-19 14:21:57,0.08180737495422363
2025-02-19 14:21:58,0.08240890502929688
2025-02-19 14:21:59,0.08248162269592285
2025-02-19 14:22:01,0.08288264274597168
2025-02-19 14:22:02,0.12361669540405273
2025-02-19 14:22:04,0.1262524127960205
2025-02-19 14:22:05,0.12384605407714844
2025-02-19 14:22:06,0.12432146072387695
2025-02-19 14:22:08,0.08202004432678223
2025-02-19 14:22:09,0.08465695381164551
2025-02-19 14:22:10,0.12493681907653809
2025-02-19 14:22:12,0.08233261108398438
2025-02-19 14:22:13,0.08373689651489258
2025-02-19 14:22:14,0.08328461647033691
2025-02-19 14:22:16,0.12092947959899902
2025-02-19 14:22:17,0.08161759376525879
2025-02-19 14:22:18,0.08225345611572266
2025-02-19 14:22:19,0.0824730396270752
2025-02-19 14:22:21,0.08158612251281738
2025-02-19 14:22:22,0.12075209617614746
2025-02-19 14:22:24,0.11820101737976074
2025-02-19 14:22:25,0.08132195472717285
2025-02-19 14:22:26,0.08277082443237305
2025-02-19 14:22:28,0.11538481712341309
2025-02-19 14:22:29,0.08237552642822266
2025-02-19 14:22:30,0.12590360641479492
2025-02-19 14:22:32,0.08167433738708496
2025-02-19 14:22:33,0.0829460620880127
2025-02-19 14:22:34,0.08211016654968262
2025-02-19 14:22:36,0.08197236061096191
2025-02-19 14:22:37,0.08198904991149902
2025-02-19 14:22:38,0.0821847915649414
2025-02-19 14:22:40,0.0822451114654541
2025-02-19 14:22:41,0.08216214179992676
2025-02-19 14:22:42,0.08225321769714355
2025-02-19 14:22:44,0.12696003913879395
2025-02-19 14:22:45,0.08237290382385254
2025-02-19 14:22:47,0.08216190338134766
2025-02-19 14:22:48,0.0821528434753418
2025-02-19 14:22:49,0.08216524124145508
2025-02-19 14:22:51,0.08569884300231934
2025-02-19 14:22:52,0.08296370506286621
2025-02-19 14:22:54,0.0812063217163086
2025-02-19 14:22:55,0.08168506622314453
2025-02-19 14:22:56,0.08142805099487305
2025-02-19 14:22:58,0.0816640853881836
2025-02-19 14:22:59,0.08380866050720215
2025-02-19 14:23:01,0.08106732368469238
2025-02-19 14:23:02,0.08126187324523926
2025-02-19 14:23:04,0.08191752433776855
2025-02-19 14:23:05,0.08560013771057129
2025-02-19 14:23:06,0.12834739685058594
2025-02-19 14:23:08,0.08145499229431152
2025-02-19 14:23:09,0.08204436302185059
2025-02-19 14:23:11,0.08136177062988281
2025-02-19 14:23:12,0.08193135261535645
2025-02-19 14:23:14,0.08190321922302246
2025-02-19 14:23:15,0.08234143257141113
2025-02-19 14:23:16,0.08137631416320801
2025-02-19 14:23:18,0.08243393898010254
2025-02-19 14:23:19,0.08262872695922852
2025-02-19 14:23:21,0.08433938026428223
2025-02-19 14:23:22,0.08117794990539551
2025-02-19 14:23:24,0.11583280563354492
2025-02-19 14:23:25,0.08314347267150879
2025-02-19 14:23:27,0.08145451545715332
2025-02-19 14:23:28,0.11501479148864746
2025-02-19 14:23:29,0.08159899711608887
2025-02-19 14:23:31,0.1328423023223877
2025-02-19 14:23:33,0.08256292343139648
2025-02-19 14:23:34,0.08277583122253418
2025-02-19 14:23:35,0.08237814903259277
2025-02-19 14:23:37,0.08221244812011719
2025-02-19 14:23:38,0.13104033470153809
2025-02-19 14:23:40,0.08216452598571777
2025-02-19 14:23:41,0.1291351318359375
2025-02-19 14:23:43,0.08301305770874023
2025-02-19 14:23:44,0.08406567573547363
2025-02-19 14:23:45,0.12311482429504395
2025-02-19 14:23:47,0.12477421760559082
2025-02-19 14:23:48,0.12256503105163574
2025-02-19 14:23:50,0.1207437515258789
2025-02-19 14:23:51,0.12043476104736328
2025-02-19 14:23:52,0.08141398429870605
2025-02-19 14:23:54,0.0818016529083252
2025-02-19 14:23:55,0.08214807510375977
2025-02-19 14:23:57,0.11573100090026855
2025-02-19 14:23:58,0.0812828540802002
2025-02-19 14:24:00,0.08184337615966797
2025-02-19 14:24:02,0.11446666717529297
2025-02-19 14:24:04,0.08186745643615723
2025-02-19 14:24:05,0.0822896957397461
2025-02-19 14:24:07,0.08426523208618164
2025-02-19 14:24:09,0.08228063583374023
2025-02-19 14:24:10,0.13053655624389648
2025-02-19 14:24:12,0.08211636543273926
2025-02-19 14:24:13,0.12900209426879883
2025-02-19 14:24:15,0.08285975456237793
2025-02-19 14:24:17,0.1260991096496582
2025-02-19 14:24:18,0.1338365077972412
2025-02-19 14:24:20,0.08326435089111328
2025-02-19 14:24:22,0.08301544189453125
2025-02-19 14:24:23,0.08236384391784668
2025-02-19 14:24:25,0.08256745338439941
2025-02-19 14:24:26,0.1264631748199463
2025-02-19 14:24:28,0.08216285705566406
2025-02-19 14:24:30,0.08172965049743652
2025-02-19 14:24:31,0.08173322677612305
2025-02-19 14:24:33,0.12086606025695801
2025-02-19 14:24:35,0.08228516578674316
2025-02-19 14:24:36,0.08242940902709961
2025-02-19 14:24:38,0.08250761032104492
2025-02-19 14:24:40,0.08279228210449219
2025-02-19 14:24:41,0.08173990249633789
2025-02-19 14:24:43,0.08210372924804688
2025-02-19 14:24:45,0.08161020278930664
2025-02-19 14:24:47,0.08169102668762207
2025-02-19 14:24:49,0.08237671852111816
2025-02-19 14:24:51,0.1292130947113037
2025-02-19 14:24:53,0.08233046531677246
2025-02-19 14:24:55,0.13190793991088867
2025-02-19 14:24:57,0.0820620059967041
2025-02-19 14:24:59,0.0821225643157959
2025-02-19 14:25:00,0.08260560035705566
2025-02-19 14:25:03,0.08240842819213867
2025-02-19 14:25:04,0.13184404373168945
2025-02-19 14:25:06,0.08218097686767578
2025-02-19 14:25:08,0.08220767974853516
2025-02-19 14:25:10,0.08228039741516113
2025-02-19 14:25:12,0.08275413513183594
2025-02-19 14:25:14,0.08239912986755371
2025-02-19 14:25:15,0.08260536193847656
2025-02-19 14:25:17,0.08214998245239258
2025-02-19 14:25:19,0.13118815422058105
2025-02-19 14:25:21,0.08496308326721191
2025-02-19 14:25:23,0.1284806728363037
2025-02-19 14:25:25,0.12749123573303223
2025-02-19 14:25:27,0.12549877166748047
2025-02-19 14:25:29,0.13396286964416504
2025-02-19 14:25:31,0.13730239868164062
2025-02-19 14:25:33,0.08951997756958008
2025-02-19 14:25:35,0.09061574935913086
2025-02-19 14:25:37,0.08217906951904297
2025-02-19 14:25:39,0.08276247978210449
2025-02-19 14:25:41,0.1240074634552002
2025-02-19 14:25:43,0.0822591781616211
2025-02-19 14:25:44,0.08171415328979492
2025-02-19 14:25:46,0.12586426734924316
2025-02-19 14:25:48,0.08152127265930176
2025-02-19 14:25:50,0.08251786231994629
2025-02-19 14:25:52,0.08267450332641602
2025-02-19 14:25:54,0.12793421745300293
2025-02-19 14:25:55,0.12577557563781738
2025-02-19 14:25:57,0.08196663856506348
2025-02-19 14:25:59,0.08189749717712402
2025-02-19 14:26:00,0.08173918724060059
2025-02-19 14:26:02,0.08186483383178711
2025-02-19 14:26:03,0.0832524299621582
2025-02-19 14:26:05,0.0824575424194336
2025-02-19 14:26:07,0.08233380317687988
2025-02-19 14:26:09,0.08203935623168945
2025-02-19 14:26:11,0.08234024047851562
2025-02-19 14:26:12,0.08187460899353027
2025-02-19 14:26:14,0.08232975006103516
2025-02-19 14:26:16,0.0819544792175293
2025-02-19 14:26:18,0.12580084800720215
2025-02-19 14:26:19,0.08244585990905762
2025-02-19 14:26:21,0.08457756042480469
2025-02-19 14:26:23,0.08301687240600586
2025-02-19 14:26:25,0.12811923027038574
2025-02-19 14:26:27,0.12649011611938477
2025-02-19 14:26:29,0.08202075958251953
2025-02-19 14:26:31,0.12761783599853516
2025-02-19 14:26:33,0.12423872947692871
2025-02-19 14:26:35,0.12845540046691895
2025-02-19 14:26:37,0.08459043502807617
2025-02-19 14:26:39,0.08292770385742188
2025-02-19 14:26:41,0.08273053169250488
2025-02-19 14:26:42,0.13115477561950684
2025-02-19 14:26:44,0.08301591873168945
2025-02-19 14:26:46,0.08176469802856445
2025-02-19 14:26:48,0.12435436248779297
2025-02-19 14:26:50,0.08233308792114258
2025-02-19 14:26:51,0.0821835994720459
2025-02-19 14:26:53,0.08183860778808594
2025-02-19 14:26:55,0.08184695243835449
2025-02-19 14:26:56,0.08191156387329102
2025-02-19 14:26:58,0.0816655158996582
2025-02-19 14:27:00,0.08200764656066895
2025-02-19 14:27:01,0.08306264877319336
2025-02-19 14:27:03,0.08189129829406738
2025-02-19 14:27:05,0.08198881149291992
2025-02-19 14:27:07,0.0821225643157959
2025-02-19 14:27:09,0.08198213577270508
2025-02-19 14:27:11,0.12333416938781738
2025-02-19 14:27:13,0.08195114135742188
2025-02-19 14:27:15,0.12260746955871582
2025-02-19 14:27:17,0.08173894882202148
2025-02-19 14:27:19,0.08199286460876465
2025-02-19 14:27:21,0.0820624828338623
2025-02-19 14:27:23,0.08147811889648438
2025-02-19 14:27:24,0.0828549861907959
2025-02-19 14:27:26,0.12513422966003418
2025-02-19 14:27:28,0.08189249038696289
2025-02-19 14:27:30,0.0822136402130127
2025-02-19 14:27:32,0.08218169212341309
2025-02-19 14:27:34,0.08157682418823242
2025-02-19 14:27:36,0.12340164184570312
2025-02-19 14:27:38,0.08170843124389648
2025-02-19 14:27:40,0.12439680099487305
2025-02-19 14:27:42,0.12397623062133789
2025-02-19 14:27:44,0.08164215087890625
2025-02-19 14:27:46,0.08189702033996582
2025-02-19 14:27:48,0.08250093460083008
2025-02-19 14:27:50,0.12548565864562988
2025-02-19 14:27:52,0.08214426040649414
2025-02-19 14:27:54,0.08217787742614746
2025-02-19 14:27:56,0.1309506893157959
2025-02-19 14:27:58,0.08218789100646973
2025-02-19 14:28:00,0.08454251289367676
2025-02-19 14:28:01,0.08281064033508301
2025-02-19 14:28:03,0.08208608627319336
2025-02-19 14:28:05,0.08170557022094727
2025-02-19 14:28:07,0.08149194717407227
2025-02-19 14:28:09,0.08135867118835449
2025-02-19 14:28:10,0.12281322479248047
2025-02-19 14:28:12,0.08185744285583496
2025-02-19 14:28:14,0.0821068286895752
2025-02-19 14:28:16,0.08114337921142578
2025-02-19 14:28:19,0.0811455249786377
2025-02-19 14:28:21,0.08097672462463379
2025-02-19 14:28:23,0.08121919631958008
2025-02-19 14:28:25,0.08113980293273926
2025-02-19 14:28:27,0.08152580261230469
2025-02-19 14:28:29,0.08101582527160645
2025-02-19 14:28:31,0.08082365989685059
2025-02-19 14:28:33,0.1172339916229248
2025-02-19 14:28:35,0.11580777168273926
2025-02-19 14:28:37,0.08070588111877441
2025-02-19 14:28:39,0.11543774604797363
2025-02-19 14:28:41,0.13085103034973145
2025-02-19 14:28:44,0.12802815437316895
2025-02-19 14:28:46,0.0812985897064209
2025-02-19 14:28:49,0.12778282165527344
2025-02-19 14:28:51,0.08778095245361328
2025-02-19 14:28:53,0.08314943313598633
2025-02-19 14:28:56,0.12926626205444336
2025-02-19 14:28:58,0.1393444538116455
2025-02-19 14:29:00,0.09406208992004395
2025-02-19 14:29:02,0.0890955924987793
2025-02-19 14:29:04,0.08687639236450195
2025-02-19 14:29:07,0.14685344696044922
2025-02-19 14:29:09,0.09264469146728516
2025-02-19 14:29:11,0.1431117057800293
2025-02-19 14:29:14,0.1447129249572754
2025-02-19 14:29:16,0.14069604873657227
2025-02-19 14:29:19,0.14911460876464844
2025-02-19 14:29:21,0.14489316940307617
2025-02-19 14:29:24,0.1466352939605713
2025-02-19 14:29:27,0.14383411407470703
2025-02-19 14:29:29,0.09247040748596191
2025-02-19 14:29:31,0.1388099193572998
2025-02-19 14:29:34,0.09736776351928711
2025-02-19 14:29:36,0.14317631721496582
2025-02-19 14:29:39,0.1437382698059082
2025-02-19 14:29:41,0.145369291305542
2025-02-19 14:29:43,0.1439354419708252
2025-02-19 14:29:46,0.1397244930267334
2025-02-19 14:29:49,0.13873815536499023
2025-02-19 14:29:51,0.09205937385559082
2025-02-19 14:29:54,0.14137911796569824
2025-02-19 14:29:57,0.14688968658447266
2025-02-19 14:29:59,0.09200167655944824
2025-02-19 14:30:01,0.09298992156982422
2025-02-19 14:30:03,0.1411881446838379
2025-02-19 14:30:06,0.14112424850463867
2025-02-19 14:30:09,0.09334015846252441
2025-02-19 14:30:12,0.14196109771728516
2025-02-19 14:30:14,0.13373684883117676
2025-02-19 14:30:16,0.13840818405151367
2025-02-19 14:30:19,0.140974760055542
2025-02-19 14:30:21,0.1366567611694336
2025-02-19 14:30:23,0.1410377025604248
2025-02-19 14:30:26,0.14765238761901855
2025-02-19 14:30:28,0.09667634963989258
2025-02-19 14:30:31,0.14107275009155273
2025-02-19 14:30:34,0.14290785789489746
2025-02-19 14:30:37,0.09394526481628418
2025-02-19 14:30:40,0.14633917808532715
2025-02-19 14:30:43,0.14214491844177246
2025-02-19 14:30:46,0.09180879592895508
2025-02-19 14:30:49,0.09047341346740723
2025-02-19 14:30:52,0.0893702507019043
2025-02-19 14:30:54,0.13393163681030273
2025-02-19 14:30:57,0.13760781288146973
2025-02-19 14:31:00,0.1346604824066162
2025-02-19 14:31:02,0.1313645839691162
2025-02-19 14:31:05,0.09058332443237305
2025-02-19 14:31:07,0.09065961837768555
2025-02-19 14:31:10,0.09291291236877441
2025-02-19 14:31:12,0.1345052719116211
2025-02-19 14:31:15,0.13498210906982422
2025-02-19 14:31:18,0.13713502883911133
2025-02-19 14:31:21,0.09761285781860352
2025-02-19 14:31:23,0.13531112670898438
2025-02-19 14:31:25,0.09546208381652832
2025-02-19 14:31:28,0.13742947578430176
2025-02-19 14:31:30,0.13258147239685059
2025-02-19 14:31:32,0.13006329536437988
2025-02-19 14:31:35,0.09046125411987305
2025-02-19 14:31:37,0.13740301132202148
2025-02-19 14:31:40,0.1509406566619873
2025-02-19 14:31:42,0.14577198028564453
2025-02-19 14:31:45,0.1461479663848877
2025-02-19 14:31:47,0.1476287841796875
2025-02-19 14:31:49,0.1466352939605713
2025-02-19 14:31:52,0.15837955474853516
2025-02-19 14:31:54,0.15348243713378906
2025-02-19 14:31:56,0.15108561515808105
2025-02-19 14:31:59,0.15114140510559082
2025-02-19 14:32:01,0.1481020450592041
2025-02-19 14:32:03,0.09769916534423828
2025-02-19 14:32:05,0.1480884552001953
2025-02-19 14:32:07,0.10118603706359863
2025-02-19 14:32:09,0.14306902885437012
2025-02-19 14:32:11,0.13898348808288574
2025-02-19 14:32:12,0.09179019927978516
2025-02-19 14:32:14,0.13352394104003906
2025-02-19 14:32:16,0.09310364723205566
2025-02-19 14:32:17,0.1328277587890625
2025-02-19 14:32:19,0.0995490550994873
2025-02-19 14:32:20,0.08750414848327637
2025-02-19 14:32:21,0.08368802070617676
2025-02-19 14:32:23,0.08080625534057617
2025-02-19 14:32:24,0.1179661750793457
2025-02-19 14:32:26,0.12010002136230469
2025-02-19 14:32:27,0.09243226051330566
2025-02-19 14:32:28,0.09481692314147949
2025-02-19 14:32:30,0.138932466506958
2025-02-19 14:32:31,0.09128165245056152
2025-02-19 14:32:32,0.09507608413696289
2025-02-19 14:32:34,0.1381382942199707
2025-02-19 14:32:35,0.12915778160095215
2025-02-19 14:32:37,0.09158563613891602
2025-02-19 14:32:38,0.08292484283447266
2025-02-19 14:32:39,0.08173322677612305
2025-02-19 14:32:41,0.08151578903198242
2025-02-19 14:32:42,0.1290605068206787
2025-02-19 14:32:43,0.08396100997924805
2025-02-19 14:32:45,0.08248662948608398
2025-02-19 14:32:46,0.08131766319274902
2025-02-19 14:32:47,0.08190464973449707
2025-02-19 14:32:48,0.12349104881286621
2025-02-19 14:32:49,0.12419867515563965
2025-02-19 14:32:51,0.08112454414367676
2025-02-19 14:32:52,0.08125090599060059
2025-02-19 14:32:53,0.1203770637512207
2025-02-19 14:32:54,0.0811164379119873
2025-02-19 14:32:55,0.11644315719604492
2025-02-19 14:32:56,0.1163475513458252
2025-02-19 14:32:58,0.11695671081542969
2025-02-19 14:32:59,0.0821371078491211
2025-02-19 14:33:01,0.12853407859802246
2025-02-19 14:33:02,0.12912321090698242
2025-02-19 14:33:03,0.08183169364929199
2025-02-19 14:33:05,0.1249845027923584
2025-02-19 14:33:06,0.1274721622467041
2025-02-19 14:33:07,0.08133721351623535
2025-02-19 14:33:08,0.1224222183227539
2025-02-19 14:33:09,0.12166213989257812
2025-02-19 14:33:10,0.08129692077636719
2025-02-19 14:33:12,0.08131742477416992
2025-02-19 14:33:13,0.1183164119720459
2025-02-19 14:33:14,0.11849713325500488
2025-02-19 14:33:15,0.08161234855651855
2025-02-19 14:33:16,0.08147263526916504
2025-02-19 14:33:18,0.11800980567932129
2025-02-19 14:33:19,0.0816948413848877
2025-02-19 14:33:21,0.08103227615356445
2025-02-19 14:33:22,0.11871194839477539
2025-02-19 14:33:23,0.08285284042358398
2025-02-19 14:33:25,0.08026742935180664
2025-02-19 14:33:26,0.11475706100463867
2025-02-19 14:33:28,0.08159542083740234
2025-02-19 14:33:29,0.08151865005493164
2025-02-19 14:33:30,0.0817561149597168
2025-02-19 14:33:32,0.08215665817260742
2025-02-19 14:33:33,0.08190560340881348
2025-02-19 14:33:34,0.08090925216674805
2025-02-19 14:33:36,0.08113861083984375
2025-02-19 14:33:37,0.0817406177520752
2025-02-19 14:33:38,0.08190608024597168
2025-02-19 14:33:40,0.08167815208435059
2025-02-19 14:33:41,0.08128237724304199
2025-02-19 14:33:42,0.0809030532836914
2025-02-19 14:33:44,0.08160972595214844
2025-02-19 14:33:45,0.1260073184967041
2025-02-19 14:33:46,0.08154892921447754
2025-02-19 14:33:47,0.08162069320678711
2025-02-19 14:33:49,0.08146166801452637
2025-02-19 14:33:50,0.08230280876159668
2025-02-19 14:33:51,0.08070755004882812
2025-02-19 14:33:52,0.11827683448791504
2025-02-19 14:33:53,0.0811605453491211
2025-02-19 14:33:55,0.0815577507019043
2025-02-19 14:33:56,0.08181619644165039
2025-02-19 14:33:57,0.08182597160339355
2025-02-19 14:33:58,0.08338689804077148
2025-02-19 14:34:00,0.08191728591918945
2025-02-19 14:34:01,0.08136272430419922
2025-02-19 14:34:02,0.08191061019897461
2025-02-19 14:34:03,0.0817558765411377
2025-02-19 14:34:04,0.08106613159179688
2025-02-19 14:34:06,0.08184337615966797
2025-02-19 14:34:07,0.0824284553527832
2025-02-19 14:34:08,0.12052679061889648
2025-02-19 14:34:09,0.08124399185180664
2025-02-19 14:34:10,0.08075690269470215
2025-02-19 14:34:11,0.0811164379119873
2025-02-19 14:34:13,0.08051538467407227
2025-02-19 14:34:14,0.08050417900085449
2025-02-19 14:34:15,0.08073878288269043
2025-02-19 14:34:17,0.08217048645019531
2025-02-19 14:34:18,0.08147907257080078
2025-02-19 14:34:19,0.08125877380371094
2025-02-19 14:34:20,0.12700676918029785
2025-02-19 14:34:21,0.08193373680114746
2025-02-19 14:34:22,0.0816342830657959
2025-02-19 14:34:24,0.08139514923095703
2025-02-19 14:34:25,0.08317279815673828
2025-02-19 14:34:26,0.08107924461364746
2025-02-19 14:34:27,0.08120536804199219
2025-02-19 14:34:28,0.08420109748840332
2025-02-19 14:34:29,0.08051466941833496
2025-02-19 14:34:30,0.08072948455810547
2025-02-19 14:34:32,0.08107566833496094
2025-02-19 14:34:33,0.08093500137329102
2025-02-19 14:34:34,0.08118462562561035
2025-02-19 14:34:35,0.08076834678649902
2025-02-19 14:34:36,0.08027791976928711
2025-02-19 14:34:38,0.08068084716796875
2025-02-19 14:34:39,0.08084249496459961
2025-02-19 14:34:40,0.13135361671447754
2025-02-19 14:34:42,0.08189272880554199
2025-02-19 14:34:43,0.08186650276184082
2025-02-19 14:34:44,0.08171963691711426
2025-02-19 14:34:45,0.08214402198791504
2025-02-19 14:34:46,0.0812840461730957
2025-02-19 14:34:48,0.08148717880249023
2025-02-19 14:34:49,0.08213663101196289
2025-02-19 14:34:50,0.08151507377624512
2025-02-19 14:34:51,0.08152914047241211
2025-02-19 14:34:53,0.08261585235595703
2025-02-19 14:34:54,0.08162927627563477
2025-02-19 14:34:55,0.08198785781860352
2025-02-19 14:34:56,0.08108854293823242
2025-02-19 14:34:57,0.08181047439575195
2025-02-19 14:34:59,0.08159971237182617
2025-02-19 14:35:00,0.08186912536621094
2025-02-19 14:35:01,0.08172082901000977
2025-02-19 14:35:02,0.08395767211914062
2025-02-19 14:35:04,0.08175039291381836
2025-02-19 14:35:05,0.08072924613952637
2025-02-19 14:35:06,0.08144664764404297
2025-02-19 14:35:08,0.08153057098388672
2025-02-19 14:35:09,0.08200764656066895
2025-02-19 14:35:10,0.0813143253326416
2025-02-19 14:35:11,0.08106493949890137
2025-02-19 14:35:12,0.08135676383972168
2025-02-19 14:35:13,0.08111858367919922
2025-02-19 14:35:15,0.08169937133789062
2025-02-19 14:35:16,0.08156228065490723
2025-02-19 14:35:17,0.08070850372314453
2025-02-19 14:35:18,0.08102083206176758
2025-02-19 14:35:20,0.08158540725708008
2025-02-19 14:35:21,0.08162546157836914
2025-02-19 14:35:22,0.08066773414611816
2025-02-19 14:35:23,0.08142375946044922
2025-02-19 14:35:24,0.08100175857543945
2025-02-19 14:35:25,0.0813910961151123
2025-02-19 14:35:26,0.08156132698059082
2025-02-19 14:35:27,0.08129429817199707
2025-02-19 14:35:28,0.08126258850097656
2025-02-19 14:35:29,0.08096575736999512
2025-02-19 14:35:30,0.11768484115600586
2025-02-19 14:35:31,0.08073043823242188
2025-02-19 14:35:32,0.08086872100830078
2025-02-19 14:35:33,0.08071255683898926
2025-02-19 14:35:34,0.08148431777954102
2025-02-19 14:35:35,0.08132147789001465
2025-02-19 14:35:36,0.12906694412231445
2025-02-19 14:35:37,0.13170313835144043
2025-02-19 14:35:38,0.08138871192932129
2025-02-19 14:35:39,0.07941985130310059
2025-02-19 14:35:40,0.07767677307128906
2025-02-19 14:35:40,0.12326788902282715
2025-02-19 14:35:41,0.07727766036987305
2025-02-19 14:35:42,0.1252155303955078
2025-02-19 14:35:43,0.12437796592712402
2025-02-19 14:35:44,0.07932806015014648
2025-02-19 14:35:44,0.07753300666809082
2025-02-19 14:35:45,0.07713460922241211
2025-02-19 14:35:46,0.0770716667175293
2025-02-19 14:35:46,0.11653256416320801
2025-02-19 14:35:47,0.07735967636108398
2025-02-19 14:35:48,0.07666826248168945
2025-02-19 14:35:49,0.0770730972290039
2025-02-19 14:35:49,0.11285185813903809
2025-02-19 14:35:50,0.07954740524291992
2025-02-19 14:35:51,0.11474442481994629
2025-02-19 14:35:52,0.08115339279174805
2025-02-19 14:35:53,0.08066225051879883
2025-02-19 14:35:54,0.12856411933898926
2025-02-19 14:35:55,0.07926511764526367
2025-02-19 14:35:56,0.07691454887390137
2025-02-19 14:35:56,0.12598180770874023
2025-02-19 14:35:57,0.08181881904602051
2025-02-19 14:35:58,0.08092117309570312
2025-02-19 14:35:59,0.1241152286529541
2025-02-19 14:36:00,0.1233205795288086
2025-02-19 14:36:01,0.12258243560791016
2025-02-19 14:36:02,0.12421822547912598
2025-02-19 14:36:03,0.08069705963134766
2025-02-19 14:36:04,0.0810542106628418
2025-02-19 14:36:05,0.11861801147460938
2025-02-19 14:36:06,0.11874961853027344
2025-02-19 14:36:07,0.08147382736206055
2025-02-19 14:36:08,0.08074116706848145
2025-02-19 14:36:09,0.08021712303161621
2025-02-19 14:36:10,0.08029913902282715
2025-02-19 14:36:12,0.1357436180114746
2025-02-19 14:36:13,0.13286209106445312
2025-02-19 14:36:14,0.08155441284179688
2025-02-19 14:36:15,0.12855887413024902
2025-02-19 14:36:17,0.08158731460571289
2025-02-19 14:36:18,0.08158755302429199
2025-02-19 14:36:19,0.12457656860351562
2025-02-19 14:36:20,0.12247896194458008
2025-02-19 14:36:22,0.08095479011535645
2025-02-19 14:36:23,0.12251114845275879
2025-02-19 14:36:24,0.08115506172180176
2025-02-19 14:36:26,0.08051156997680664
2025-02-19 14:36:27,0.08122611045837402
2025-02-19 14:36:29,0.11742186546325684
2025-02-19 14:36:30,0.1172785758972168
2025-02-19 14:36:32,0.08081722259521484
2025-02-19 14:36:34,0.13353276252746582
2025-02-19 14:36:35,0.13328981399536133
2025-02-19 14:36:37,0.08146905899047852
2025-02-19 14:36:38,0.08114337921142578
2025-02-19 14:36:40,0.08111715316772461
2025-02-19 14:36:41,0.08110165596008301
2025-02-19 14:36:43,0.08102202415466309
2025-02-19 14:36:44,0.08168697357177734
2025-02-19 14:36:46,0.08111166954040527
2025-02-19 14:36:47,0.08066821098327637
2025-02-19 14:36:49,0.08047175407409668
2025-02-19 14:36:50,0.08036184310913086
2025-02-19 14:36:52,0.08048057556152344
2025-02-19 14:36:53,0.0806112289428711
2025-02-19 14:36:55,0.08193278312683105
2025-02-19 14:36:56,0.08050036430358887
2025-02-19 14:36:58,0.0819849967956543
2025-02-19 14:36:59,0.08088135719299316
2025-02-19 14:37:01,0.08150625228881836
2025-02-19 14:37:02,0.0809481143951416
2025-02-19 14:37:04,0.08077025413513184
2025-02-19 14:37:05,0.08101439476013184
2025-02-19 14:37:07,0.08130979537963867
2025-02-19 14:37:09,0.08122897148132324
2025-02-19 14:37:11,0.08503341674804688
2025-02-19 14:37:12,0.08117103576660156
2025-02-19 14:37:14,0.08162403106689453
2025-02-19 14:37:16,0.0821373462677002
2025-02-19 14:37:17,0.0815279483795166
2025-02-19 14:37:19,0.081817626953125
2025-02-19 14:37:21,0.08394956588745117
2025-02-19 14:37:23,0.08193635940551758
2025-02-19 14:37:24,0.1325833797454834
2025-02-19 14:37:26,0.08241128921508789
2025-02-19 14:37:28,0.08220410346984863
2025-02-19 14:37:29,0.13271331787109375
2025-02-19 14:37:31,0.08187675476074219
2025-02-19 14:37:33,0.0816037654876709
2025-02-19 14:37:35,0.1345667839050293
2025-02-19 14:37:37,0.13450050354003906
2025-02-19 14:37:38,0.09200549125671387
2025-02-19 14:37:40,0.09169578552246094
2025-02-19 14:37:42,0.08955955505371094
2025-02-19 14:37:44,0.09241461753845215
2025-02-19 14:37:45,0.09194707870483398
2025-02-19 14:37:47,0.08972001075744629
2025-02-19 14:37:49,0.09132075309753418
2025-02-19 14:37:51,0.1437079906463623
2025-02-19 14:37:53,0.08222818374633789
2025-02-19 14:37:54,0.08207154273986816
2025-02-19 14:37:56,0.08288025856018066
2025-02-19 14:37:57,0.1357593536376953
2025-02-19 14:37:59,0.08217740058898926
2025-02-19 14:38:01,0.08198380470275879
2025-02-19 14:38:02,0.08260035514831543
2025-02-19 14:38:04,0.08275747299194336
2025-02-19 14:38:06,0.13556528091430664
2025-02-19 14:38:07,0.08170104026794434
2025-02-19 14:38:09,0.08127188682556152
2025-02-19 14:38:10,0.08165836334228516
2025-02-19 14:38:12,0.08131575584411621
2025-02-19 14:38:14,0.08156204223632812
2025-02-19 14:38:16,0.08158707618713379
2025-02-19 14:38:17,0.13221192359924316
2025-02-19 14:38:19,0.13387227058410645
2025-02-19 14:38:21,0.08225131034851074
2025-02-19 14:38:22,0.0824577808380127
2025-02-19 14:38:24,0.08191275596618652
2025-02-19 14:38:26,0.0823068618774414
2025-02-19 14:38:27,0.0823674201965332
2025-02-19 14:38:29,0.08130669593811035
2025-02-19 14:38:31,0.0810997486114502
2025-02-19 14:38:32,0.08156776428222656
2025-02-19 14:38:34,0.08219647407531738
2025-02-19 14:38:36,0.08212614059448242
2025-02-19 14:38:38,0.08136844635009766
2025-02-19 14:38:39,0.08117842674255371
2025-02-19 14:38:41,0.08103346824645996
2025-02-19 14:38:43,0.08120203018188477
2025-02-19 14:38:44,0.12886381149291992
2025-02-19 14:38:46,0.08183693885803223
2025-02-19 14:38:48,0.0848076343536377
2025-02-19 14:38:49,0.1269683837890625
2025-02-19 14:38:51,0.08205819129943848
2025-02-19 14:38:53,0.08189630508422852
2025-02-19 14:38:54,0.08079123497009277
2025-02-19 14:38:56,0.08679533004760742
2025-02-19 14:38:58,0.13375377655029297
2025-02-19 14:39:00,0.08200383186340332
2025-02-19 14:39:01,0.08156466484069824
2025-02-19 14:39:03,0.08187317848205566
2025-02-19 14:39:04,0.08147740364074707
2025-02-19 14:39:06,0.13109993934631348
2025-02-19 14:39:08,0.08919024467468262
2025-02-19 14:39:09,0.0891416072845459
2025-02-19 14:39:11,0.09009170532226562
2025-02-19 14:39:13,0.13277959823608398
2025-02-19 14:39:14,0.12525439262390137
2025-02-19 14:39:16,0.08545827865600586
2025-02-19 14:39:18,0.12731266021728516
2025-02-19 14:39:20,0.08127808570861816
2025-02-19 14:39:21,0.12668251991271973
2025-02-19 14:39:23,0.08167386054992676
2025-02-19 14:39:25,0.08202910423278809
2025-02-19 14:39:26,0.08152008056640625
2025-02-19 14:39:28,0.08166384696960449
2025-02-19 14:39:29,0.08250784873962402
2025-02-19 14:39:31,0.08086657524108887
2025-02-19 14:39:32,0.12612557411193848
2025-02-19 14:39:34,0.08180117607116699
2025-02-19 14:39:35,0.08136606216430664
2025-02-19 14:39:37,0.08181524276733398
2025-02-19 14:39:39,0.08118367195129395
2025-02-19 14:39:41,0.1253204345703125
2025-02-19 14:39:42,0.08106470108032227
2025-02-19 14:39:44,0.08092617988586426
2025-02-19 14:39:46,0.08262252807617188
2025-02-19 14:39:47,0.13345694541931152
2025-02-19 14:39:49,0.1312851905822754
2025-02-19 14:39:51,0.0890645980834961
2025-02-19 14:39:52,0.08819746971130371
2025-02-19 14:39:54,0.14179515838623047
2025-02-19 14:39:56,0.0906667709350586
2025-02-19 14:39:58,0.08287286758422852
2025-02-19 14:39:59,0.08148860931396484
2025-02-19 14:40:01,0.0815882682800293
2025-02-19 14:40:02,0.08155083656311035
2025-02-19 14:40:04,0.08196759223937988
2025-02-19 14:40:06,0.08162069320678711
2025-02-19 14:40:07,0.13009858131408691
2025-02-19 14:40:09,0.08188676834106445
2025-02-19 14:40:10,0.12687444686889648
2025-02-19 14:40:12,0.08230066299438477
2025-02-19 14:40:14,0.08122706413269043
2025-02-19 14:40:15,0.08114099502563477
2025-02-19 14:40:17,0.0809183120727539
2025-02-19 14:40:18,0.0807042121887207
2025-02-19 14:40:20,0.12140154838562012
2025-02-19 14:40:21,0.08124995231628418
2025-02-19 14:40:22,0.0807037353515625
2025-02-19 14:40:24,0.08035755157470703
2025-02-19 14:40:25,0.08094644546508789
2025-02-19 14:40:27,0.08048415184020996
2025-02-19 14:40:28,0.08031654357910156
2025-02-19 14:40:30,0.08137345314025879
2025-02-19 14:40:31,0.08075785636901855
2025-02-19 14:40:33,0.08126664161682129
2025-02-19 14:40:34,0.08097672462463379
2025-02-19 14:40:36,0.08121371269226074
2025-02-19 14:40:37,0.08168506622314453
2025-02-19 14:40:39,0.0821065902709961
2025-02-19 14:40:41,0.08137178421020508
2025-02-19 14:40:42,0.08183121681213379
2025-02-19 14:40:44,0.0817263126373291
2025-02-19 14:40:46,0.08165335655212402
2025-02-19 14:40:47,0.08180117607116699
2025-02-19 14:40:49,0.08203577995300293
2025-02-19 14:40:50,0.08145427703857422
2025-02-19 14:40:52,0.08326578140258789
2025-02-19 14:40:53,0.08160018920898438
2025-02-19 14:40:55,0.08293437957763672
2025-02-19 14:40:56,0.08254599571228027
2025-02-19 14:40:58,0.08130073547363281
2025-02-19 14:41:00,0.08127880096435547
2025-02-19 14:41:01,0.08024764060974121
2025-02-19 14:41:03,0.08107280731201172
2025-02-19 14:41:04,0.08079266548156738
2025-02-19 14:41:06,0.08145737648010254
2025-02-19 14:41:07,0.08156228065490723
2025-02-19 14:41:09,0.08122587203979492
2025-02-19 14:41:10,0.0818486213684082
2025-02-19 14:41:12,0.08019876480102539
2025-02-19 14:41:13,0.08135414123535156
2025-02-19 14:41:15,0.08449745178222656
2025-02-19 14:41:16,0.08240938186645508
2025-02-19 14:41:18,0.0866701602935791
2025-02-19 14:41:20,0.08254718780517578
2025-02-19 14:41:21,0.08141326904296875
2025-02-19 14:41:23,0.08369016647338867
2025-02-19 14:41:24,0.08209109306335449
2025-02-19 14:41:26,0.134505033493042
2025-02-19 14:41:27,0.0816183090209961
2025-02-19 14:41:29,0.0833902359008789
2025-02-19 14:41:30,0.08072519302368164
2025-02-19 14:41:32,0.08086347579956055
2025-02-19 14:41:33,0.08118748664855957
2025-02-19 14:41:35,0.08163237571716309
2025-02-19 14:41:36,0.08127045631408691
2025-02-19 14:41:37,0.08139395713806152
2025-02-19 14:41:39,0.08297944068908691
2025-02-19 14:41:40,0.08153986930847168
2025-02-19 14:41:42,0.08081841468811035
2025-02-19 14:41:43,0.08148527145385742
2025-02-19 14:41:44,0.08117032051086426
2025-02-19 14:41:46,0.08112740516662598
2025-02-19 14:41:47,0.08091473579406738
2025-02-19 14:41:48,0.11807131767272949
2025-02-19 14:41:50,0.08163857460021973
2025-02-19 14:41:51,0.08188605308532715
2025-02-19 14:41:52,0.08172917366027832
2025-02-19 14:41:54,0.08171510696411133
2025-02-19 14:41:55,0.0817570686340332
2025-02-19 14:41:56,0.08176875114440918
2025-02-19 14:41:58,0.0818626880645752
2025-02-19 14:41:59,0.08136391639709473
2025-02-19 14:42:00,0.08232426643371582
2025-02-19 14:42:01,0.08142757415771484
2025-02-19 14:42:03,0.0816948413848877
2025-02-19 14:42:04,0.08177733421325684
2025-02-19 14:42:05,0.08170723915100098
2025-02-19 14:42:07,0.08177590370178223
2025-02-19 14:42:08,0.08091592788696289
2025-02-19 14:42:09,0.08126044273376465
2025-02-19 14:42:11,0.08161020278930664
2025-02-19 14:42:12,0.08128595352172852
2025-02-19 14:42:13,0.08225202560424805
2025-02-19 14:42:15,0.08169198036193848
2025-02-19 14:42:16,0.0806734561920166
2025-02-19 14:42:18,0.08103060722351074
2025-02-19 14:42:19,0.0811319351196289
2025-02-19 14:42:20,0.08087468147277832
2025-02-19 14:42:22,0.08093595504760742
2025-02-19 14:42:23,0.08094930648803711
2025-02-19 14:42:24,0.08133864402770996
2025-02-19 14:42:26,0.08135867118835449
2025-02-19 14:42:27,0.08088541030883789
2025-02-19 14:42:29,0.08095121383666992
2025-02-19 14:42:30,0.08210277557373047
2025-02-19 14:42:31,0.13138389587402344
2025-02-19 14:42:33,0.08205819129943848
2025-02-19 14:42:34,0.08196234703063965
2025-02-19 14:42:36,0.08172988891601562
2025-02-19 14:42:37,0.08168935775756836
2025-02-19 14:42:38,0.08182430267333984
2025-02-19 14:42:40,0.08191204071044922
2025-02-19 14:42:41,0.08421039581298828
2025-02-19 14:42:43,0.08143949508666992
2025-02-19 14:42:44,0.08339500427246094
2025-02-19 14:42:46,0.08156371116638184
2025-02-19 14:42:47,0.08200573921203613
2025-02-19 14:42:49,0.08164048194885254
2025-02-19 14:42:50,0.08329057693481445
2025-02-19 14:42:52,0.08155083656311035
2025-02-19 14:42:54,0.12055850028991699
2025-02-19 14:42:55,0.08120298385620117
2025-02-19 14:42:57,0.08136129379272461
2025-02-19 14:42:59,0.08033323287963867
2025-02-19 14:43:00,0.0807492733001709
2025-02-19 14:43:02,0.08095979690551758
2025-02-19 14:43:04,0.0809316635131836
2025-02-19 14:43:05,0.08162832260131836
2025-02-19 14:43:07,0.11819887161254883
2025-02-19 14:43:08,0.08122420310974121
2025-02-19 14:43:10,0.0814976692199707
2025-02-19 14:43:12,0.08178400993347168
2025-02-19 14:43:14,0.13096237182617188
2025-02-19 14:43:15,0.09564590454101562
2025-02-19 14:43:17,0.08785772323608398
2025-02-19 14:43:18,0.09196805953979492
2025-02-19 14:43:20,0.09439468383789062
2025-02-19 14:43:22,0.13785243034362793
2025-02-19 14:43:24,0.08317255973815918
2025-02-19 14:43:25,0.08851885795593262
2025-02-19 14:43:27,0.14019012451171875
2025-02-19 14:43:29,0.08199501037597656
2025-02-19 14:43:31,0.0888361930847168
2025-02-19 14:43:33,0.09212875366210938
2025-02-19 14:43:34,0.09373140335083008
2025-02-19 14:43:36,0.09707331657409668
2025-02-19 14:43:38,0.08645963668823242
2025-02-19 14:43:40,0.08256840705871582
2025-02-19 14:43:42,0.0832970142364502
2025-02-19 14:43:44,0.08122825622558594
2025-02-19 14:43:46,0.08087348937988281
2025-02-19 14:43:47,0.08189225196838379
2025-02-19 14:43:49,0.08215785026550293
2025-02-19 14:43:51,0.08891510963439941
2025-02-19 14:43:53,0.08495974540710449
2025-02-19 14:43:54,0.08100676536560059
2025-02-19 14:43:56,0.08139586448669434
2025-02-19 14:43:58,0.08099651336669922
2025-02-19 14:43:59,0.08225893974304199
2025-02-19 14:44:01,0.08140277862548828
2025-02-19 14:44:02,0.08095359802246094
2025-02-19 14:44:04,0.08103346824645996
2025-02-19 14:44:05,0.08237218856811523
2025-02-19 14:44:07,0.08055281639099121
2025-02-19 14:44:08,0.08132266998291016
2025-02-19 14:44:10,0.08157086372375488
2025-02-19 14:44:11,0.08152008056640625
2025-02-19 14:44:13,0.0806436538696289
2025-02-19 14:44:14,0.08121371269226074
2025-02-19 14:44:16,0.08197903633117676
2025-02-19 14:44:18,0.08136844635009766
2025-02-19 14:44:19,0.0834357738494873
2025-02-19 14:44:21,0.08211541175842285
2025-02-19 14:44:22,0.0823967456817627
2025-02-19 14:44:24,0.08158016204833984
2025-02-19 14:44:25,0.0850522518157959
2025-02-19 14:44:27,0.08175539970397949
2025-02-19 14:44:28,0.08165812492370605
2025-02-19 14:44:30,0.08148479461669922
2025-02-19 14:44:32,0.12946510314941406
2025-02-19 14:44:33,0.08206701278686523
2025-02-19 14:44:35,0.08211135864257812
2025-02-19 14:44:37,0.08560585975646973
2025-02-19 14:44:38,0.08203721046447754
2025-02-19 14:44:40,0.08154511451721191
2025-02-19 14:44:41,0.08161592483520508
2025-02-19 14:44:43,0.08159160614013672
2025-02-19 14:44:44,0.08165335655212402
2025-02-19 14:44:46,0.08171629905700684
2025-02-19 14:44:47,0.0812840461730957
2025-02-19 14:44:49,0.1256580352783203
2025-02-19 14:44:50,0.08349847793579102
2025-02-19 14:44:52,0.12625670433044434
2025-02-19 14:44:53,0.0816342830657959
2025-02-19 14:44:54,0.08599495887756348
2025-02-19 14:44:56,0.08063912391662598
2025-02-19 14:44:57,0.08172011375427246
2025-02-19 14:44:58,0.0816648006439209
2025-02-19 14:45:00,0.08076834678649902
2025-02-19 14:45:01,0.082183837890625
2025-02-19 14:45:03,0.08205270767211914
2025-02-19 14:45:04,0.08231329917907715
2025-02-19 14:45:06,0.08235502243041992
2025-02-19 14:45:07,0.08147001266479492
2025-02-19 14:45:08,0.08197355270385742
2025-02-19 14:45:10,0.08175992965698242
2025-02-19 14:45:11,0.08216357231140137
2025-02-19 14:45:12,0.0809779167175293
2025-02-19 14:45:14,0.08075881004333496
2025-02-19 14:45:15,0.08091139793395996
2025-02-19 14:45:16,0.08265233039855957
2025-02-19 14:45:18,0.08055734634399414
2025-02-19 14:45:19,0.08097147941589355
2025-02-19 14:45:20,0.08086538314819336
2025-02-19 14:45:21,0.08092737197875977
2025-02-19 14:45:23,0.08064723014831543
2025-02-19 14:45:24,0.08058786392211914
2025-02-19 14:45:25,0.08018136024475098
2025-02-19 14:45:26,0.08053803443908691
2025-02-19 14:45:28,0.08086967468261719
2025-02-19 14:45:29,0.0814507007598877
2025-02-19 14:45:30,0.0815281867980957
2025-02-19 14:45:31,0.08087563514709473
2025-02-19 14:45:32,0.08080720901489258
2025-02-19 14:45:33,0.08178377151489258
2025-02-19 14:45:35,0.08146238327026367
2025-02-19 14:45:36,0.08119869232177734
2025-02-19 14:45:37,0.1285538673400879
2025-02-19 14:45:38,0.08112168312072754
2025-02-19 14:45:39,0.08101511001586914
2025-02-19 14:45:40,0.12834978103637695
2025-02-19 14:45:42,0.0805521011352539
2025-02-19 14:45:43,0.12449359893798828
2025-02-19 14:45:44,0.08035850524902344
2025-02-19 14:45:45,0.12197232246398926
2025-02-19 14:45:46,0.12300276756286621
2025-02-19 14:45:48,0.12578845024108887
2025-02-19 14:45:49,0.12261605262756348
2025-02-19 14:45:50,0.12455248832702637
2025-02-19 14:45:52,0.11800956726074219
2025-02-19 14:45:53,0.1180117130279541
2025-02-19 14:45:54,0.08121180534362793
2025-02-19 14:45:56,0.08101677894592285
2025-02-19 14:45:57,0.08155465126037598
2025-02-19 14:45:59,0.08171343803405762
2025-02-19 14:46:00,0.13708281517028809
2025-02-19 14:46:02,0.1298847198486328
2025-02-19 14:46:03,0.1322004795074463
2025-02-19 14:46:05,0.08156943321228027
2025-02-19 14:46:06,0.12732386589050293
2025-02-19 14:46:08,0.12794017791748047
2025-02-19 14:46:10,0.12334322929382324
2025-02-19 14:46:11,0.08069300651550293
2025-02-19 14:46:13,0.1239938735961914
2025-02-19 14:46:15,0.08101248741149902
2025-02-19 14:46:16,0.12160944938659668
2025-02-19 14:46:18,0.08000612258911133
2025-02-19 14:46:20,0.08116745948791504
2025-02-19 14:46:21,0.08060932159423828
2025-02-19 14:46:23,0.08101201057434082
2025-02-19 14:46:25,0.08067703247070312
