2025-02-26 11:19:28,0.8525476455688477
2025-02-26 11:19:28,0.10026907920837402
2025-02-26 11:19:29,0.10323143005371094
2025-02-26 11:19:30,0.10286903381347656
2025-02-26 11:19:30,0.10485577583312988
2025-02-26 11:19:31,0.10275411605834961
2025-02-26 11:19:32,0.09550595283508301
2025-02-26 11:19:32,0.09644794464111328
2025-02-26 11:19:33,0.09466266632080078
2025-02-26 11:19:34,0.09280729293823242
2025-02-26 11:19:34,0.09266304969787598
2025-02-26 11:19:35,0.09455513954162598
2025-02-26 11:19:36,0.09805941581726074
2025-02-26 11:19:36,0.09812474250793457
2025-02-26 11:19:37,0.09649848937988281
2025-02-26 11:19:38,0.10379767417907715
2025-02-26 11:19:38,0.10766839981079102
2025-02-26 11:19:39,0.10953354835510254
2025-02-26 11:19:40,0.1051182746887207
2025-02-26 11:19:41,0.09810996055603027
2025-02-26 11:19:41,0.09577083587646484
2025-02-26 11:19:42,0.09607481956481934
2025-02-26 11:19:43,0.09517908096313477
2025-02-26 11:19:43,0.09499311447143555
2025-02-26 11:19:44,0.09913778305053711
2025-02-26 11:19:45,0.10336494445800781
2025-02-26 11:19:45,0.10160636901855469
2025-02-26 11:19:46,0.09753942489624023
2025-02-26 11:19:47,0.0974125862121582
2025-02-26 11:19:47,0.09823107719421387
2025-02-26 11:19:48,0.09734320640563965
2025-02-26 11:19:49,0.09385395050048828
2025-02-26 11:19:49,0.09368181228637695
2025-02-26 11:19:50,0.09676027297973633
2025-02-26 11:19:51,0.09827589988708496
2025-02-26 11:19:51,0.09677720069885254
2025-02-26 11:19:52,0.09688949584960938
2025-02-26 11:19:53,0.09653282165527344
2025-02-26 11:19:53,0.095947265625
2025-02-26 11:19:54,0.10034441947937012
2025-02-26 11:19:55,0.10198473930358887
2025-02-26 11:19:55,0.09872221946716309
2025-02-26 11:19:56,0.09658098220825195
2025-02-26 11:19:57,0.09598231315612793
2025-02-26 11:19:57,0.09538626670837402
2025-02-26 11:19:58,0.09505963325500488
2025-02-26 11:19:59,0.09557461738586426
2025-02-26 11:19:59,0.09599494934082031
2025-02-26 11:20:00,0.09413361549377441
2025-02-26 11:20:01,0.09564852714538574
2025-02-26 11:20:01,0.10054588317871094
2025-02-26 11:20:02,0.10199570655822754
2025-02-26 11:20:03,0.09714579582214355
2025-02-26 11:20:03,0.09640002250671387
2025-02-26 11:20:04,0.0991966724395752
2025-02-26 11:20:05,0.09772419929504395
2025-02-26 11:20:05,0.09471774101257324
2025-02-26 11:20:06,0.09674930572509766
2025-02-26 11:20:07,0.09836721420288086
2025-02-26 11:20:07,0.09733319282531738
2025-02-26 11:20:08,0.09959292411804199
2025-02-26 11:20:09,0.09830689430236816
2025-02-26 11:20:09,0.0963144302368164
2025-02-26 11:20:10,0.09910726547241211
2025-02-26 11:20:10,0.10131096839904785
2025-02-26 11:20:11,0.09867119789123535
2025-02-26 11:20:12,0.09752678871154785
2025-02-26 11:20:12,0.09722781181335449
2025-02-26 11:20:13,0.09671235084533691
2025-02-26 11:20:14,0.09763813018798828
2025-02-26 11:20:14,0.10400986671447754
2025-02-26 11:20:15,0.10155606269836426
2025-02-26 11:20:16,0.09897851943969727
2025-02-26 11:20:16,0.09871411323547363
2025-02-26 11:20:17,0.09796667098999023
2025-02-26 11:20:17,0.10005640983581543
2025-02-26 11:20:18,0.0987095832824707
2025-02-26 11:20:19,0.09359622001647949
2025-02-26 11:20:20,0.09445071220397949
2025-02-26 11:20:20,0.09584307670593262
2025-02-26 11:20:21,0.09690618515014648
2025-02-26 11:20:21,0.09815120697021484
2025-02-26 11:20:22,0.09740877151489258
2025-02-26 11:20:23,0.09704113006591797
2025-02-26 11:20:23,0.09759759902954102
2025-02-26 11:20:24,0.09648251533508301
2025-02-26 11:20:25,0.09463167190551758
2025-02-26 11:20:25,0.09505295753479004
2025-02-26 11:20:26,0.09460306167602539
2025-02-26 11:20:26,0.09850478172302246
2025-02-26 11:20:27,0.10203003883361816
2025-02-26 11:20:28,0.09777164459228516
2025-02-26 11:20:28,0.09868431091308594
2025-02-26 11:20:29,0.10063982009887695
2025-02-26 11:20:30,0.0998528003692627
2025-02-26 11:20:30,0.09756660461425781
2025-02-26 11:20:31,0.09676527976989746
2025-02-26 11:20:32,0.0984029769897461
2025-02-26 11:20:32,0.09810519218444824
2025-02-26 11:20:33,0.09622859954833984
2025-02-26 11:20:33,0.0969398021697998
2025-02-26 11:20:34,0.09857177734375
2025-02-26 11:20:35,0.09825587272644043
2025-02-26 11:20:35,0.09932374954223633
2025-02-26 11:20:36,0.10091567039489746
2025-02-26 11:20:36,0.09849429130554199
2025-02-26 11:20:37,0.0976107120513916
2025-02-26 11:20:38,0.09682607650756836
2025-02-26 11:20:38,0.09872722625732422
2025-02-26 11:20:39,0.10134243965148926
2025-02-26 11:20:40,0.09793615341186523
2025-02-26 11:20:40,0.09463977813720703
2025-02-26 11:20:41,0.09554505348205566
2025-02-26 11:20:42,0.09366440773010254
2025-02-26 11:20:42,0.0920414924621582
2025-02-26 11:20:43,0.09383654594421387
2025-02-26 11:20:43,0.09595417976379395
2025-02-26 11:20:44,0.09558486938476562
2025-02-26 11:20:44,0.09274101257324219
2025-02-26 11:20:45,0.0914463996887207
2025-02-26 11:20:46,0.09439682960510254
2025-02-26 11:20:46,0.09292960166931152
2025-02-26 11:20:47,0.08995890617370605
2025-02-26 11:20:47,0.09090375900268555
2025-02-26 11:20:48,0.09148406982421875
2025-02-26 11:20:48,0.09480619430541992
2025-02-26 11:20:49,0.09692645072937012
2025-02-26 11:20:49,0.0982353687286377
2025-02-26 11:20:50,0.0988461971282959
2025-02-26 11:20:51,0.09721946716308594
2025-02-26 11:20:51,0.0959634780883789
2025-02-26 11:20:52,0.09674382209777832
2025-02-26 11:20:52,0.09848928451538086
2025-02-26 11:20:53,0.09966278076171875
2025-02-26 11:20:54,0.09801316261291504
2025-02-26 11:20:54,0.09701943397521973
2025-02-26 11:20:55,0.10094356536865234
2025-02-26 11:20:56,0.09938883781433105
2025-02-26 11:20:56,0.09703588485717773
2025-02-26 11:20:57,0.09521985054016113
2025-02-26 11:20:58,0.0962839126586914
2025-02-26 11:20:58,0.09645271301269531
2025-02-26 11:20:59,0.09800028800964355
2025-02-26 11:21:00,0.09831738471984863
2025-02-26 11:21:00,0.09504508972167969
2025-02-26 11:21:01,0.09751629829406738
2025-02-26 11:21:01,0.09604191780090332
2025-02-26 11:21:02,0.0997152328491211
2025-02-26 11:21:03,0.10216641426086426
2025-02-26 11:21:03,0.09830665588378906
2025-02-26 11:21:04,0.09463191032409668
2025-02-26 11:21:05,0.09584403038024902
2025-02-26 11:21:05,0.09819483757019043
2025-02-26 11:21:06,0.0989999771118164
2025-02-26 11:21:07,0.10192751884460449
2025-02-26 11:21:07,0.10859107971191406
2025-02-26 11:21:08,0.11187624931335449
2025-02-26 11:21:09,0.10499000549316406
2025-02-26 11:21:10,0.10495662689208984
2025-02-26 11:21:11,0.10275959968566895
2025-02-26 11:21:11,0.1033773422241211
2025-02-26 11:21:12,0.10183405876159668
2025-02-26 11:21:13,0.10023307800292969
2025-02-26 11:21:13,0.10242319107055664
2025-02-26 11:21:14,0.10272383689880371
2025-02-26 11:21:15,0.09897589683532715
2025-02-26 11:21:15,0.09570598602294922
2025-02-26 11:21:16,0.0987548828125
2025-02-26 11:21:17,0.09743523597717285
2025-02-26 11:21:17,0.09604907035827637
2025-02-26 11:21:18,0.09620904922485352
2025-02-26 11:21:19,0.09792304039001465
2025-02-26 11:21:19,0.09862256050109863
2025-02-26 11:21:20,0.09726500511169434
2025-02-26 11:21:21,0.09761500358581543
2025-02-26 11:21:21,0.0985715389251709
2025-02-26 11:21:22,0.09936118125915527
2025-02-26 11:21:23,0.09920525550842285
2025-02-26 11:21:23,0.09747815132141113
2025-02-26 11:21:24,0.09960174560546875
2025-02-26 11:21:25,0.10058259963989258
2025-02-26 11:21:25,0.09727287292480469
2025-02-26 11:21:26,0.09484577178955078
2025-02-26 11:21:27,0.09553122520446777
2025-02-26 11:21:27,0.09722137451171875
2025-02-26 11:21:28,0.09998846054077148
2025-02-26 11:21:29,0.09893155097961426
2025-02-26 11:21:29,0.09863686561584473
2025-02-26 11:21:30,0.09970879554748535
2025-02-26 11:21:31,0.10063862800598145
2025-02-26 11:21:31,0.10194110870361328
2025-02-26 11:21:32,0.10054898262023926
2025-02-26 11:21:33,0.1004328727722168
2025-02-26 11:21:33,0.09945464134216309
2025-02-26 11:21:34,0.10011744499206543
2025-02-26 11:21:35,0.10146117210388184
2025-02-26 11:21:36,0.1013631820678711
2025-02-26 11:21:36,0.10141277313232422
2025-02-26 11:21:37,0.09797978401184082
2025-02-26 11:21:38,0.0981292724609375
2025-02-26 11:21:38,0.09805798530578613
2025-02-26 11:21:39,0.09667682647705078
2025-02-26 11:21:40,0.09881925582885742
2025-02-26 11:21:40,0.0981295108795166
2025-02-26 11:21:41,0.09767580032348633
2025-02-26 11:21:41,0.09588432312011719
2025-02-26 11:21:42,0.09354424476623535
2025-02-26 11:21:43,0.0941305160522461
2025-02-26 11:21:43,0.0939033031463623
2025-02-26 11:21:44,0.09723258018493652
2025-02-26 11:21:44,0.09740233421325684
2025-02-26 11:21:45,0.09602642059326172
2025-02-26 11:21:46,0.09525227546691895
2025-02-26 11:21:46,0.09491777420043945
2025-02-26 11:21:47,0.09588193893432617
2025-02-26 11:21:48,0.09458017349243164
2025-02-26 11:21:48,0.09144043922424316
2025-02-26 11:21:49,0.09257936477661133
2025-02-26 11:21:49,0.09440350532531738
2025-02-26 11:21:50,0.09434366226196289
2025-02-26 11:21:51,0.09385323524475098
2025-02-26 11:21:51,0.09216117858886719
2025-02-26 11:21:52,0.09266781806945801
2025-02-26 11:21:52,0.09252524375915527
2025-02-26 11:21:53,0.09044122695922852
2025-02-26 11:21:54,0.08787798881530762
2025-02-26 11:21:54,0.08701777458190918
2025-02-26 11:21:55,0.08810091018676758
2025-02-26 11:21:55,0.0899205207824707
2025-02-26 11:21:56,0.09153008460998535
2025-02-26 11:21:56,0.08917117118835449
2025-02-26 11:21:57,0.09030914306640625
2025-02-26 11:21:57,0.09192919731140137
2025-02-26 11:21:58,0.09061241149902344
2025-02-26 11:21:58,0.09004688262939453
2025-02-26 11:21:59,0.08721566200256348
2025-02-26 11:21:59,0.0867152214050293
2025-02-26 11:21:59,0.08691740036010742
2025-02-26 11:22:00,0.0885767936706543
2025-02-26 11:22:00,0.09026408195495605
2025-02-26 11:22:01,0.08884334564208984
2025-02-26 11:22:01,0.08997559547424316
2025-02-26 11:22:02,0.09424304962158203
2025-02-26 11:22:02,0.09537482261657715
2025-02-26 11:22:03,0.09317278861999512
2025-02-26 11:22:03,0.09391164779663086
2025-02-26 11:22:04,0.09730124473571777
2025-02-26 11:22:04,0.0966024398803711
2025-02-26 11:22:05,0.09391117095947266
2025-02-26 11:22:05,0.09285902976989746
2025-02-26 11:22:06,0.09320998191833496
2025-02-26 11:22:06,0.09381890296936035
2025-02-26 11:22:07,0.09261798858642578
2025-02-26 11:22:07,0.09190773963928223
2025-02-26 11:22:08,0.0939939022064209
2025-02-26 11:22:08,0.09246826171875
2025-02-26 11:22:09,0.09288287162780762
2025-02-26 11:22:09,0.09395384788513184
2025-02-26 11:22:10,0.09487056732177734
2025-02-26 11:22:11,0.09489917755126953
2025-02-26 11:22:11,0.09481167793273926
2025-02-26 11:22:12,0.09392690658569336
2025-02-26 11:22:13,0.09183931350708008
2025-02-26 11:22:13,0.09237480163574219
2025-02-26 11:22:14,0.0930476188659668
2025-02-26 11:22:14,0.09141755104064941
2025-02-26 11:22:15,0.08985519409179688
2025-02-26 11:22:15,0.08923053741455078
2025-02-26 11:22:16,0.08927679061889648
2025-02-26 11:22:17,0.0905604362487793
2025-02-26 11:22:17,0.0904383659362793
2025-02-26 11:22:18,0.08992862701416016
2025-02-26 11:22:18,0.0908517837524414
2025-02-26 11:22:19,0.0906522274017334
2025-02-26 11:22:19,0.09140872955322266
2025-02-26 11:22:20,0.09135007858276367
2025-02-26 11:22:20,0.09222888946533203
2025-02-26 11:22:21,0.09162235260009766
2025-02-26 11:22:22,0.09242558479309082
2025-02-26 11:22:22,0.09431171417236328
2025-02-26 11:22:23,0.09497332572937012
2025-02-26 11:22:23,0.09652495384216309
2025-02-26 11:22:24,0.0950620174407959
2025-02-26 11:22:25,0.09264850616455078
2025-02-26 11:22:25,0.09010767936706543
2025-02-26 11:22:26,0.0880277156829834
2025-02-26 11:22:26,0.08936262130737305
2025-02-26 11:22:27,0.09203243255615234
2025-02-26 11:22:27,0.09257268905639648
2025-02-26 11:22:28,0.08991026878356934
2025-02-26 11:22:28,0.08863353729248047
2025-02-26 11:22:29,0.09210538864135742
2025-02-26 11:22:29,0.09288167953491211
2025-02-26 11:22:30,0.0898277759552002
2025-02-26 11:22:30,0.08806300163269043
2025-02-26 11:22:31,0.08727645874023438
2025-02-26 11:22:31,0.08791756629943848
2025-02-26 11:22:32,0.08771276473999023
2025-02-26 11:22:32,0.08749508857727051
2025-02-26 11:22:33,0.08844804763793945
2025-02-26 11:22:33,0.09088373184204102
2025-02-26 11:22:34,0.09260058403015137
2025-02-26 11:22:34,0.0927879810333252
2025-02-26 11:22:35,0.09335064888000488
2025-02-26 11:22:35,0.09368419647216797
2025-02-26 11:22:36,0.09277033805847168
2025-02-26 11:22:36,0.09556078910827637
2025-02-26 11:22:37,0.09911680221557617
2025-02-26 11:22:37,0.09850740432739258
2025-02-26 11:22:38,0.09856986999511719
2025-02-26 11:22:39,0.09989213943481445
2025-02-26 11:22:39,0.10171008110046387
2025-02-26 11:22:40,0.09860634803771973
2025-02-26 11:22:40,0.09564971923828125
2025-02-26 11:22:41,0.09629321098327637
2025-02-26 11:22:41,0.09845662117004395
2025-02-26 11:22:42,0.09985160827636719
2025-02-26 11:22:43,0.10239672660827637
2025-02-26 11:22:43,0.10589027404785156
2025-02-26 11:22:44,0.10338282585144043
2025-02-26 11:22:44,0.09772682189941406
2025-02-26 11:22:45,0.09842348098754883
2025-02-26 11:22:46,0.09893679618835449
2025-02-26 11:22:46,0.09642219543457031
2025-02-26 11:22:47,0.0949561595916748
2025-02-26 11:22:47,0.09615778923034668
2025-02-26 11:22:48,0.09502315521240234
2025-02-26 11:22:48,0.09225225448608398
2025-02-26 11:22:49,0.09261083602905273
2025-02-26 11:22:49,0.09155488014221191
2025-02-26 11:22:50,0.09184384346008301
2025-02-26 11:22:50,0.09125256538391113
2025-02-26 11:22:51,0.08931255340576172
2025-02-26 11:22:51,0.08904218673706055
2025-02-26 11:22:52,0.08838963508605957
2025-02-26 11:22:52,0.08853363990783691
2025-02-26 11:22:53,0.09327054023742676
2025-02-26 11:22:53,0.09521651268005371
2025-02-26 11:22:54,0.09109115600585938
2025-02-26 11:22:55,0.09000563621520996
2025-02-26 11:22:55,0.08980751037597656
2025-02-26 11:22:56,0.08756113052368164
2025-02-26 11:22:56,0.08604049682617188
2025-02-26 11:22:56,0.0861063003540039
2025-02-26 11:22:57,0.0825045108795166
2025-02-26 11:22:57,0.08276224136352539
2025-02-26 11:22:58,0.08446669578552246
2025-02-26 11:22:58,0.08397364616394043
2025-02-26 11:22:58,0.0836942195892334
2025-02-26 11:22:59,0.08387303352355957
2025-02-26 11:22:59,0.08413243293762207
2025-02-26 11:23:00,0.08587646484375
2025-02-26 11:23:00,0.08374643325805664
2025-02-26 11:23:00,0.08436417579650879
2025-02-26 11:23:01,0.08606553077697754
2025-02-26 11:23:01,0.08573651313781738
2025-02-26 11:23:02,0.08545112609863281
2025-02-26 11:23:02,0.08620834350585938
2025-02-26 11:23:03,0.08653473854064941
2025-02-26 11:23:03,0.08548617362976074
2025-02-26 11:23:04,0.08507657051086426
2025-02-26 11:23:04,0.08602762222290039
2025-02-26 11:23:04,0.08587002754211426
2025-02-26 11:23:05,0.08581089973449707
2025-02-26 11:23:05,0.08637046813964844
2025-02-26 11:23:06,0.08655953407287598
2025-02-26 11:23:06,0.08663630485534668
2025-02-26 11:23:07,0.0885612964630127
2025-02-26 11:23:07,0.08910799026489258
2025-02-26 11:23:08,0.086822509765625
2025-02-26 11:23:08,0.08952689170837402
2025-02-26 11:23:09,0.09225058555603027
2025-02-26 11:23:09,0.09169149398803711
2025-02-26 11:23:10,0.0914311408996582
2025-02-26 11:23:10,0.09256529808044434
2025-02-26 11:23:11,0.09217619895935059
2025-02-26 11:23:11,0.09198355674743652
2025-02-26 11:23:12,0.09571242332458496
2025-02-26 11:23:12,0.0965118408203125
2025-02-26 11:23:13,0.09308528900146484
2025-02-26 11:23:13,0.09371232986450195
2025-02-26 11:23:14,0.0937507152557373
2025-02-26 11:23:14,0.09458613395690918
2025-02-26 11:23:15,0.09625887870788574
2025-02-26 11:23:16,0.0956268310546875
2025-02-26 11:23:16,0.09428787231445312
2025-02-26 11:23:17,0.10070180892944336
2025-02-26 11:23:17,0.09870624542236328
2025-02-26 11:23:18,0.0967562198638916
2025-02-26 11:23:19,0.09677696228027344
2025-02-26 11:23:19,0.09541583061218262
2025-02-26 11:23:20,0.09447216987609863
2025-02-26 11:23:20,0.09383034706115723
2025-02-26 11:23:21,0.09182476997375488
2025-02-26 11:23:22,0.09167122840881348
2025-02-26 11:23:22,0.09341979026794434
2025-02-26 11:23:23,0.09265303611755371
2025-02-26 11:23:23,0.09237027168273926
2025-02-26 11:23:24,0.09319329261779785
2025-02-26 11:23:24,0.0938563346862793
2025-02-26 11:23:25,0.09381747245788574
2025-02-26 11:23:26,0.09308314323425293
2025-02-26 11:23:26,0.09395241737365723
2025-02-26 11:23:27,0.09307241439819336
2025-02-26 11:23:27,0.09298348426818848
2025-02-26 11:23:28,0.09305334091186523
2025-02-26 11:23:28,0.09322643280029297
2025-02-26 11:23:29,0.09402012825012207
2025-02-26 11:23:30,0.09434199333190918
2025-02-26 11:23:30,0.09447455406188965
2025-02-26 11:23:31,0.09504413604736328
2025-02-26 11:23:31,0.09535431861877441
2025-02-26 11:23:32,0.09575510025024414
2025-02-26 11:23:32,0.09658432006835938
2025-02-26 11:23:33,0.09832978248596191
2025-02-26 11:23:34,0.10004401206970215
2025-02-26 11:23:34,0.09558510780334473
2025-02-26 11:23:35,0.0971522331237793
2025-02-26 11:23:35,0.0984501838684082
2025-02-26 11:23:36,0.09571480751037598
2025-02-26 11:23:37,0.09616971015930176
2025-02-26 11:23:37,0.09545779228210449
2025-02-26 11:23:38,0.09857058525085449
2025-02-26 11:23:38,0.09678840637207031
2025-02-26 11:23:39,0.09454059600830078
2025-02-26 11:23:40,0.09664535522460938
2025-02-26 11:23:40,0.09643268585205078
2025-02-26 11:23:41,0.09562444686889648
2025-02-26 11:23:41,0.09454894065856934
2025-02-26 11:23:42,0.09427952766418457
2025-02-26 11:23:42,0.09287905693054199
2025-02-26 11:23:43,0.08947086334228516
2025-02-26 11:23:43,0.0891728401184082
2025-02-26 11:23:44,0.09327125549316406
2025-02-26 11:23:44,0.09601330757141113
2025-02-26 11:23:45,0.09164094924926758
2025-02-26 11:23:45,0.09258818626403809
2025-02-26 11:23:46,0.09414553642272949
2025-02-26 11:23:46,0.09184503555297852
2025-02-26 11:23:47,0.09106731414794922
2025-02-26 11:23:48,0.09182262420654297
2025-02-26 11:23:48,0.09325027465820312
2025-02-26 11:23:49,0.09499001502990723
2025-02-26 11:23:49,0.0974583625793457
2025-02-26 11:23:50,0.09597659111022949
2025-02-26 11:23:50,0.09434700012207031
2025-02-26 11:23:51,0.09635162353515625
2025-02-26 11:23:51,0.09996318817138672
2025-02-26 11:23:52,0.0999443531036377
2025-02-26 11:23:52,0.1004178524017334
2025-02-26 11:23:53,0.09816861152648926
2025-02-26 11:23:54,0.0982356071472168
2025-02-26 11:23:54,0.09686589241027832
2025-02-26 11:23:55,0.09719133377075195
2025-02-26 11:23:55,0.0974724292755127
2025-02-26 11:23:56,0.10002517700195312
2025-02-26 11:23:57,0.10009431838989258
2025-02-26 11:23:57,0.09728431701660156
2025-02-26 11:23:58,0.09567022323608398
2025-02-26 11:23:58,0.09743309020996094
2025-02-26 11:23:59,0.09627747535705566
2025-02-26 11:23:59,0.09571266174316406
2025-02-26 11:24:00,0.10739302635192871
2025-02-26 11:24:01,0.10819005966186523
2025-02-26 11:24:01,0.10105752944946289
2025-02-26 11:24:02,0.09925413131713867
2025-02-26 11:24:02,0.09845757484436035
2025-02-26 11:24:03,0.0983114242553711
2025-02-26 11:24:04,0.09846782684326172
2025-02-26 11:24:04,0.10045170783996582
2025-02-26 11:24:05,0.10213279724121094
2025-02-26 11:24:06,0.10134458541870117
2025-02-26 11:24:06,0.10222983360290527
2025-02-26 11:24:07,0.10306406021118164
2025-02-26 11:24:07,0.10145282745361328
2025-02-26 11:24:08,0.10436534881591797
2025-02-26 11:24:09,0.10647392272949219
2025-02-26 11:24:10,0.10734033584594727
2025-02-26 11:24:11,0.11014819145202637
2025-02-26 11:24:11,0.10748076438903809
2025-02-26 11:24:12,0.10577178001403809
2025-02-26 11:24:13,0.10407805442810059
2025-02-26 11:24:14,0.10526895523071289
2025-02-26 11:24:14,0.1028587818145752
2025-02-26 11:24:15,0.10365891456604004
2025-02-26 11:24:16,0.10181498527526855
2025-02-26 11:24:17,0.10105228424072266
2025-02-26 11:24:17,0.10539126396179199
2025-02-26 11:24:18,0.10607171058654785
2025-02-26 11:24:19,0.10594892501831055
2025-02-26 11:24:20,0.1071317195892334
2025-02-26 11:24:21,0.10309672355651855
2025-02-26 11:24:21,0.10229325294494629
2025-02-26 11:24:22,0.1026163101196289
2025-02-26 11:24:23,0.10256147384643555
2025-02-26 11:24:23,0.10329604148864746
2025-02-26 11:24:24,0.10579586029052734
2025-02-26 11:24:25,0.10456967353820801
2025-02-26 11:24:26,0.10199475288391113
2025-02-26 11:24:26,0.1022639274597168
2025-02-26 11:24:27,0.10280776023864746
2025-02-26 11:24:28,0.10166144371032715
2025-02-26 11:24:28,0.10679364204406738
2025-02-26 11:24:29,0.10876154899597168
2025-02-26 11:24:30,0.10810017585754395
2025-02-26 11:24:31,0.10758781433105469
2025-02-26 11:24:31,0.10556840896606445
2025-02-26 11:24:32,0.1047964096069336
2025-02-26 11:24:33,0.10481667518615723
2025-02-26 11:24:33,0.10083460807800293
2025-02-26 11:24:34,0.10176205635070801
2025-02-26 11:24:34,0.09765219688415527
2025-02-26 11:24:35,0.09882664680480957
2025-02-26 11:24:36,0.10306262969970703
2025-02-26 11:24:36,0.10400795936584473
2025-02-26 11:24:37,0.10159540176391602
2025-02-26 11:24:38,0.10233902931213379
2025-02-26 11:24:38,0.10530972480773926
2025-02-26 11:24:39,0.10859274864196777
2025-02-26 11:24:40,0.10436725616455078
2025-02-26 11:24:40,0.10382819175720215
2025-02-26 11:24:41,0.10561084747314453
2025-02-26 11:24:42,0.10504484176635742
2025-02-26 11:24:43,0.10648941993713379
2025-02-26 11:24:43,0.10754537582397461
2025-02-26 11:24:44,0.10920000076293945
2025-02-26 11:24:45,0.10451078414916992
2025-02-26 11:24:46,0.10231161117553711
2025-02-26 11:24:46,0.10645294189453125
2025-02-26 11:24:47,0.10964417457580566
2025-02-26 11:24:48,0.1124725341796875
2025-02-26 11:24:49,0.10938239097595215
2025-02-26 11:24:49,0.1086876392364502
2025-02-26 11:24:50,0.10643434524536133
2025-02-26 11:24:51,0.10047721862792969
2025-02-26 11:24:51,0.10205936431884766
2025-02-26 11:24:52,0.1023716926574707
2025-02-26 11:24:53,0.10027956962585449
2025-02-26 11:24:53,0.10406494140625
2025-02-26 11:24:54,0.11154818534851074
2025-02-26 11:24:55,0.11510825157165527
2025-02-26 11:24:56,0.1076505184173584
2025-02-26 11:24:56,0.1073920726776123
2025-02-26 11:24:57,0.10812854766845703
2025-02-26 11:24:58,0.10411810874938965
2025-02-26 11:24:59,0.10510993003845215
2025-02-26 11:24:59,0.10782456398010254
2025-02-26 11:25:00,0.1097867488861084
2025-02-26 11:25:01,0.10623741149902344
2025-02-26 11:25:02,0.10356259346008301
2025-02-26 11:25:02,0.10540127754211426
2025-02-26 11:25:03,0.10877156257629395
2025-02-26 11:25:04,0.10825896263122559
2025-02-26 11:25:05,0.10641026496887207
2025-02-26 11:25:05,0.10304975509643555
2025-02-26 11:25:06,0.1009511947631836
2025-02-26 11:25:07,0.10477328300476074
2025-02-26 11:25:08,0.10568475723266602
2025-02-26 11:25:08,0.10372114181518555
2025-02-26 11:25:09,0.10439467430114746
2025-02-26 11:25:10,0.10603976249694824
2025-02-26 11:25:11,0.11275839805603027
2025-02-26 11:25:12,0.11241793632507324
2025-02-26 11:25:13,0.1024773120880127
2025-02-26 11:25:13,0.10078930854797363
2025-02-26 11:25:14,0.10132932662963867
2025-02-26 11:25:15,0.10120368003845215
2025-02-26 11:25:16,0.0997467041015625
2025-02-26 11:25:16,0.10045194625854492
2025-02-26 11:25:17,0.10223245620727539
2025-02-26 11:25:18,0.10215091705322266
2025-02-26 11:25:19,0.0985250473022461
2025-02-26 11:25:19,0.09871768951416016
2025-02-26 11:25:20,0.0983583927154541
2025-02-26 11:25:21,0.09719443321228027
2025-02-26 11:25:22,0.09683370590209961
2025-02-26 11:25:22,0.09836888313293457
2025-02-26 11:25:23,0.09725475311279297
2025-02-26 11:25:24,0.09516453742980957
2025-02-26 11:25:25,0.09972572326660156
2025-02-26 11:25:26,0.10092830657958984
2025-02-26 11:25:26,0.09851837158203125
2025-02-26 11:25:27,0.09817671775817871
2025-02-26 11:25:28,0.1000978946685791
2025-02-26 11:25:29,0.10537505149841309
2025-02-26 11:25:29,0.10151982307434082
2025-02-26 11:25:30,0.10571789741516113
2025-02-26 11:25:31,0.1072688102722168
2025-02-26 11:25:32,0.1028296947479248
2025-02-26 11:25:33,0.10070562362670898
2025-02-26 11:25:33,0.10122084617614746
2025-02-26 11:25:34,0.10053133964538574
2025-02-26 11:25:35,0.10000419616699219
2025-02-26 11:25:36,0.09991598129272461
2025-02-26 11:25:36,0.100372314453125
2025-02-26 11:25:37,0.10192513465881348
2025-02-26 11:25:38,0.10028266906738281
2025-02-26 11:25:39,0.09991025924682617
2025-02-26 11:25:40,0.10063385963439941
2025-02-26 11:25:40,0.10287976264953613
2025-02-26 11:25:41,0.10741496086120605
2025-02-26 11:25:42,0.10767769813537598
2025-02-26 11:25:43,0.1044471263885498
2025-02-26 11:25:43,0.10555434226989746
2025-02-26 11:25:44,0.10677099227905273
2025-02-26 11:25:45,0.10333681106567383
2025-02-26 11:25:46,0.10358428955078125
2025-02-26 11:25:47,0.10446691513061523
2025-02-26 11:25:48,0.10972785949707031
2025-02-26 11:25:48,0.110321044921875
2025-02-26 11:25:49,0.10620307922363281
2025-02-26 11:25:50,0.10133695602416992
2025-02-26 11:25:51,0.10141491889953613
2025-02-26 11:25:52,0.102569580078125
2025-02-26 11:25:52,0.10599064826965332
2025-02-26 11:25:53,0.10924172401428223
2025-02-26 11:25:54,0.10284233093261719
2025-02-26 11:25:55,0.10355305671691895
2025-02-26 11:25:56,0.09975218772888184
2025-02-26 11:25:57,0.0968472957611084
2025-02-26 11:25:57,0.10186338424682617
2025-02-26 11:25:58,0.10491180419921875
2025-02-26 11:25:59,0.10284852981567383
2025-02-26 11:26:00,0.10457587242126465
2025-02-26 11:26:01,0.10470819473266602
2025-02-26 11:26:02,0.10162043571472168
2025-02-26 11:26:02,0.10210466384887695
2025-02-26 11:26:03,0.10304617881774902
2025-02-26 11:26:04,0.10329055786132812
2025-02-26 11:26:05,0.10594749450683594
2025-02-26 11:26:06,0.10770320892333984
2025-02-26 11:26:07,0.10996675491333008
2025-02-26 11:26:08,0.10430240631103516
2025-02-26 11:26:08,0.1029520034790039
2025-02-26 11:26:09,0.1041867733001709
2025-02-26 11:26:10,0.10818624496459961
2025-02-26 11:26:11,0.10671186447143555
2025-02-26 11:26:12,0.10545730590820312
2025-02-26 11:26:12,0.10799980163574219
2025-02-26 11:26:13,0.1026909351348877
2025-02-26 11:26:14,0.10359668731689453
2025-02-26 11:26:15,0.10276937484741211
2025-02-26 11:26:15,0.10637187957763672
2025-02-26 11:26:16,0.1093754768371582
2025-02-26 11:26:17,0.1045076847076416
2025-02-26 11:26:18,0.09981298446655273
2025-02-26 11:26:19,0.10022592544555664
2025-02-26 11:26:19,0.10434651374816895
2025-02-26 11:26:20,0.10197043418884277
2025-02-26 11:26:21,0.10466599464416504
2025-02-26 11:26:22,0.1031484603881836
2025-02-26 11:26:23,0.09898710250854492
2025-02-26 11:26:23,0.09793663024902344
2025-02-26 11:26:24,0.0972280502319336
2025-02-26 11:26:25,0.0977630615234375
2025-02-26 11:26:25,0.09902095794677734
2025-02-26 11:26:26,0.0976572036743164
2025-02-26 11:26:27,0.09557366371154785
2025-02-26 11:26:27,0.09554338455200195
2025-02-26 11:26:28,0.09413409233093262
2025-02-26 11:26:29,0.09510087966918945
2025-02-26 11:26:29,0.09703707695007324
2025-02-26 11:26:30,0.09592437744140625
2025-02-26 11:26:31,0.09456396102905273
2025-02-26 11:26:32,0.09290623664855957
2025-02-26 11:26:32,0.0927584171295166
2025-02-26 11:26:33,0.09136652946472168
2025-02-26 11:26:34,0.0893411636352539
2025-02-26 11:26:34,0.0901644229888916
2025-02-26 11:26:35,0.09136223793029785
2025-02-26 11:26:35,0.08949875831604004
2025-02-26 11:26:36,0.09129714965820312
2025-02-26 11:26:37,0.09157824516296387
2025-02-26 11:26:37,0.08724117279052734
2025-02-26 11:26:38,0.08485603332519531
2025-02-26 11:26:38,0.08396482467651367
2025-02-26 11:26:39,0.08504366874694824
2025-02-26 11:26:39,0.08731245994567871
2025-02-26 11:26:40,0.08669447898864746
2025-02-26 11:26:41,0.08489465713500977
2025-02-26 11:26:41,0.0830388069152832
2025-02-26 11:26:42,0.08356618881225586
2025-02-26 11:26:42,0.08381485939025879
2025-02-26 11:26:42,0.08190250396728516
2025-02-26 11:26:43,0.08225488662719727
2025-02-26 11:26:43,0.08249187469482422
2025-02-26 11:26:44,0.08214330673217773
2025-02-26 11:26:44,0.08249902725219727
2025-02-26 11:26:45,0.08353233337402344
2025-02-26 11:26:45,0.08514046669006348
2025-02-26 11:26:46,0.08603930473327637
2025-02-26 11:26:46,0.08417868614196777
2025-02-26 11:26:47,0.08300113677978516
2025-02-26 11:26:47,0.08370828628540039
2025-02-26 11:26:48,0.08531928062438965
2025-02-26 11:26:48,0.08700203895568848
2025-02-26 11:26:49,0.08578777313232422
2025-02-26 11:26:49,0.08400821685791016
2025-02-26 11:26:50,0.08514118194580078
2025-02-26 11:26:50,0.08602285385131836
2025-02-26 11:26:51,0.08601641654968262
2025-02-26 11:26:51,0.08513164520263672
2025-02-26 11:26:52,0.08641672134399414
2025-02-26 11:26:52,0.08658719062805176
2025-02-26 11:26:53,0.08441781997680664
2025-02-26 11:26:53,0.08541321754455566
2025-02-26 11:26:54,0.08690118789672852
2025-02-26 11:26:55,0.08807516098022461
2025-02-26 11:26:55,0.08765101432800293
2025-02-26 11:26:56,0.08753442764282227
2025-02-26 11:26:56,0.08861517906188965
2025-02-26 11:26:57,0.08842134475708008
2025-02-26 11:26:58,0.0884389877319336
2025-02-26 11:26:59,0.0876610279083252
2025-02-26 11:26:59,0.08633565902709961
2025-02-26 11:27:00,0.08694314956665039
2025-02-26 11:27:01,0.08741235733032227
2025-02-26 11:27:01,0.08632040023803711
2025-02-26 11:27:02,0.08471202850341797
2025-02-26 11:27:02,0.08405518531799316
2025-02-26 11:27:03,0.08393383026123047
2025-02-26 11:27:03,0.0839533805847168
2025-02-26 11:27:04,0.08396196365356445
2025-02-26 11:27:05,0.08397245407104492
2025-02-26 11:27:05,0.08425545692443848
2025-02-26 11:27:06,0.0840144157409668
2025-02-26 11:27:06,0.08397102355957031
2025-02-26 11:27:07,0.08495020866394043
2025-02-26 11:27:07,0.0848395824432373
2025-02-26 11:27:08,0.08408474922180176
2025-02-26 11:27:08,0.08494186401367188
2025-02-26 11:27:09,0.0848393440246582
2025-02-26 11:27:10,0.08474373817443848
2025-02-26 11:27:10,0.0847163200378418
2025-02-26 11:27:11,0.08468794822692871
2025-02-26 11:27:11,0.08559608459472656
2025-02-26 11:27:12,0.08535218238830566
2025-02-26 11:27:12,0.08538961410522461
2025-02-26 11:27:13,0.08539128303527832
2025-02-26 11:27:13,0.08511662483215332
2025-02-26 11:27:14,0.08530330657958984
2025-02-26 11:27:15,0.08518028259277344
2025-02-26 11:27:15,0.08507442474365234
2025-02-26 11:27:16,0.08516812324523926
2025-02-26 11:27:16,0.08521223068237305
2025-02-26 11:27:17,0.08527612686157227
2025-02-26 11:27:17,0.08588051795959473
2025-02-26 11:27:18,0.08592700958251953
2025-02-26 11:27:19,0.08578300476074219
2025-02-26 11:27:19,0.08522844314575195
2025-02-26 11:27:20,0.08452081680297852
2025-02-26 11:27:20,0.0861198902130127
2025-02-26 11:27:21,0.08560442924499512
2025-02-26 11:27:21,0.08364605903625488
2025-02-26 11:27:22,0.08372974395751953
2025-02-26 11:27:22,0.0838465690612793
2025-02-26 11:27:23,0.08545899391174316
2025-02-26 11:27:24,0.08695197105407715
2025-02-26 11:27:24,0.08719038963317871
2025-02-26 11:27:25,0.08665966987609863
2025-02-26 11:27:25,0.08529329299926758
2025-02-26 11:27:26,0.08420538902282715
2025-02-26 11:27:26,0.08449625968933105
2025-02-26 11:27:27,0.0837247371673584
2025-02-26 11:27:27,0.08410859107971191
2025-02-26 11:27:28,0.08416080474853516
2025-02-26 11:27:28,0.08333587646484375
2025-02-26 11:27:29,0.08421993255615234
2025-02-26 11:27:29,0.08773112297058105
2025-02-26 11:27:30,0.08502602577209473
2025-02-26 11:27:31,0.08593106269836426
2025-02-26 11:27:31,0.08522582054138184
2025-02-26 11:27:32,0.08531475067138672
2025-02-26 11:27:32,0.08543968200683594
2025-02-26 11:27:33,0.08849740028381348
2025-02-26 11:27:33,0.09026527404785156
2025-02-26 11:27:34,0.08880043029785156
2025-02-26 11:27:34,0.08871006965637207
2025-02-26 11:27:35,0.08824896812438965
2025-02-26 11:27:35,0.08652091026306152
2025-02-26 11:27:36,0.08556652069091797
2025-02-26 11:27:37,0.08630585670471191
2025-02-26 11:27:37,0.08569812774658203
2025-02-26 11:27:37,0.08481740951538086
2025-02-26 11:27:38,0.08616161346435547
2025-02-26 11:27:38,0.08668041229248047
2025-02-26 11:27:39,0.08660554885864258
2025-02-26 11:27:39,0.08793473243713379
2025-02-26 11:27:40,0.08555054664611816
2025-02-26 11:27:40,0.08494758605957031
2025-02-26 11:27:41,0.08481574058532715
2025-02-26 11:27:41,0.08480715751647949
2025-02-26 11:27:42,0.0848684310913086
2025-02-26 11:27:42,0.0877218246459961
2025-02-26 11:27:43,0.08490657806396484
2025-02-26 11:27:43,0.08487153053283691
2025-02-26 11:27:43,0.08460593223571777
2025-02-26 11:27:44,0.08457255363464355
2025-02-26 11:27:44,0.08440995216369629
2025-02-26 11:27:45,0.08401131629943848
2025-02-26 11:27:45,0.08419537544250488
2025-02-26 11:27:46,0.08402514457702637
2025-02-26 11:27:46,0.0846245288848877
2025-02-26 11:27:46,0.0845804214477539
2025-02-26 11:27:47,0.08278512954711914
2025-02-26 11:27:47,0.0821981430053711
2025-02-26 11:27:48,0.08199501037597656
2025-02-26 11:27:48,0.08188867568969727
2025-02-26 11:27:49,0.0818943977355957
2025-02-26 11:27:49,0.08042287826538086
2025-02-26 11:27:49,0.07877826690673828
2025-02-26 11:27:50,0.0808868408203125
2025-02-26 11:27:50,0.08200478553771973
2025-02-26 11:27:50,0.07978701591491699
2025-02-26 11:27:51,0.07971477508544922
2025-02-26 11:27:51,0.0792694091796875
2025-02-26 11:27:51,0.07864189147949219
2025-02-26 11:27:52,0.07949090003967285
2025-02-26 11:27:52,0.07909488677978516
2025-02-26 11:27:52,0.07763266563415527
2025-02-26 11:27:53,0.07616162300109863
2025-02-26 11:27:53,0.07756686210632324
2025-02-26 11:27:53,0.07895922660827637
2025-02-26 11:27:54,0.07896041870117188
2025-02-26 11:27:54,0.07977581024169922
2025-02-26 11:27:55,0.07945513725280762
2025-02-26 11:27:55,0.07857751846313477
2025-02-26 11:27:55,0.07845735549926758
2025-02-26 11:27:56,0.07839608192443848
2025-02-26 11:27:56,0.0770421028137207
2025-02-26 11:27:56,0.07545304298400879
2025-02-26 11:27:57,0.07542824745178223
2025-02-26 11:27:57,0.0783083438873291
2025-02-26 11:27:57,0.07965970039367676
2025-02-26 11:27:58,0.07947969436645508
2025-02-26 11:27:58,0.08147692680358887
2025-02-26 11:27:58,0.08308959007263184
2025-02-26 11:27:59,0.08317446708679199
2025-02-26 11:27:59,0.0837249755859375
2025-02-26 11:28:00,0.08581376075744629
2025-02-26 11:28:00,0.08633136749267578
2025-02-26 11:28:00,0.08796954154968262
2025-02-26 11:28:01,0.08732008934020996
2025-02-26 11:28:01,0.08364558219909668
2025-02-26 11:28:02,0.0832362174987793
2025-02-26 11:28:02,0.08519339561462402
2025-02-26 11:28:03,0.08507680892944336
2025-02-26 11:28:03,0.0848689079284668
2025-02-26 11:28:04,0.0858309268951416
2025-02-26 11:28:04,0.08516502380371094
2025-02-26 11:28:04,0.0856466293334961
2025-02-26 11:28:05,0.08773589134216309
2025-02-26 11:28:05,0.08603763580322266
2025-02-26 11:28:06,0.08605575561523438
2025-02-26 11:28:06,0.08772015571594238
2025-02-26 11:28:07,0.08731245994567871
2025-02-26 11:28:07,0.08751749992370605
2025-02-26 11:28:08,0.08791470527648926
2025-02-26 11:28:08,0.08820343017578125
2025-02-26 11:28:08,0.09135866165161133
2025-02-26 11:28:09,0.09165692329406738
2025-02-26 11:28:09,0.08972883224487305
2025-02-26 11:28:10,0.09435510635375977
2025-02-26 11:28:10,0.09695148468017578
2025-02-26 11:28:11,0.09607839584350586
2025-02-26 11:28:12,0.09299325942993164
2025-02-26 11:28:12,0.09253478050231934
2025-02-26 11:28:13,0.09211587905883789
2025-02-26 11:28:13,0.09238553047180176
2025-02-26 11:28:14,0.09551143646240234
2025-02-26 11:28:14,0.09409260749816895
2025-02-26 11:28:15,0.09315609931945801
2025-02-26 11:28:16,0.09343695640563965
2025-02-26 11:28:16,0.09287405014038086
2025-02-26 11:28:17,0.09260320663452148
2025-02-26 11:28:17,0.09354162216186523
2025-02-26 11:28:18,0.09299516677856445
2025-02-26 11:28:18,0.09355306625366211
2025-02-26 11:28:19,0.09445476531982422
2025-02-26 11:28:20,0.09618139266967773
2025-02-26 11:28:20,0.09785079956054688
2025-02-26 11:28:21,0.09438395500183105
2025-02-26 11:28:21,0.09556436538696289
2025-02-26 11:28:22,0.09644269943237305
2025-02-26 11:28:23,0.09509515762329102
2025-02-26 11:28:23,0.09379076957702637
2025-02-26 11:28:24,0.09201407432556152
2025-02-26 11:28:24,0.09274578094482422
2025-02-26 11:28:25,0.09413719177246094
2025-02-26 11:28:25,0.09438967704772949
2025-02-26 11:28:26,0.09584879875183105
2025-02-26 11:28:27,0.09769845008850098
2025-02-26 11:28:27,0.09690594673156738
2025-02-26 11:28:28,0.09894824028015137
2025-02-26 11:28:28,0.09893321990966797
2025-02-26 11:28:29,0.09937596321105957
2025-02-26 11:28:30,0.0982208251953125
2025-02-26 11:28:30,0.09778952598571777
2025-02-26 11:28:31,0.0972745418548584
2025-02-26 11:28:32,0.09717345237731934
2025-02-26 11:28:32,0.09622383117675781
2025-02-26 11:28:33,0.0948340892791748
2025-02-26 11:28:34,0.09692144393920898
2025-02-26 11:28:34,0.09622740745544434
2025-02-26 11:28:35,0.09430122375488281
2025-02-26 11:28:35,0.09479665756225586
2025-02-26 11:28:36,0.09566617012023926
2025-02-26 11:28:37,0.09509015083312988
2025-02-26 11:28:37,0.09363079071044922
2025-02-26 11:28:38,0.09349894523620605
2025-02-26 11:28:39,0.0944983959197998
2025-02-26 11:28:39,0.09424281120300293
2025-02-26 11:28:40,0.09485888481140137
2025-02-26 11:28:40,0.09483122825622559
2025-02-26 11:28:41,0.09571003913879395
2025-02-26 11:28:42,0.09978032112121582
2025-02-26 11:28:42,0.1029965877532959
2025-02-26 11:28:43,0.09918999671936035
2025-02-26 11:28:44,0.09503746032714844
2025-02-26 11:28:44,0.09564924240112305
2025-02-26 11:28:45,0.09699583053588867
2025-02-26 11:28:46,0.09793543815612793
2025-02-26 11:28:46,0.09965395927429199
2025-02-26 11:28:47,0.09869217872619629
2025-02-26 11:28:48,0.10004949569702148
2025-02-26 11:28:48,0.09865927696228027
2025-02-26 11:28:49,0.09740328788757324
2025-02-26 11:28:50,0.09459066390991211
2025-02-26 11:28:50,0.09517788887023926
2025-02-26 11:28:51,0.0988922119140625
2025-02-26 11:28:52,0.10210180282592773
2025-02-26 11:28:52,0.09900784492492676
2025-02-26 11:28:53,0.09749507904052734
2025-02-26 11:28:54,0.09812307357788086
2025-02-26 11:28:54,0.09670186042785645
2025-02-26 11:28:55,0.09762239456176758
2025-02-26 11:28:56,0.09775447845458984
2025-02-26 11:28:56,0.09749197959899902
2025-02-26 11:28:57,0.09736919403076172
2025-02-26 11:28:58,0.09809327125549316
2025-02-26 11:28:58,0.09915709495544434
2025-02-26 11:28:59,0.09853148460388184
2025-02-26 11:29:00,0.09921050071716309
2025-02-26 11:29:00,0.09987926483154297
2025-02-26 11:29:01,0.09635806083679199
2025-02-26 11:29:02,0.09705781936645508
2025-02-26 11:29:02,0.09873056411743164
2025-02-26 11:29:03,0.09534573554992676
2025-02-26 11:29:04,0.09586262702941895
2025-02-26 11:29:04,0.09676671028137207
2025-02-26 11:29:05,0.09808230400085449
2025-02-26 11:29:06,0.10128521919250488
2025-02-26 11:29:06,0.09960150718688965
2025-02-26 11:29:07,0.09697222709655762
2025-02-26 11:29:08,0.09532380104064941
2025-02-26 11:29:08,0.09659481048583984
2025-02-26 11:29:09,0.10116887092590332
2025-02-26 11:29:09,0.09954118728637695
2025-02-26 11:29:10,0.09752273559570312
2025-02-26 11:29:11,0.0994265079498291
2025-02-26 11:29:11,0.09873771667480469
2025-02-26 11:29:12,0.09631586074829102
2025-02-26 11:29:13,0.09684038162231445
2025-02-26 11:29:13,0.09939002990722656
2025-02-26 11:29:14,0.10251235961914062
2025-02-26 11:29:15,0.1024317741394043
2025-02-26 11:29:15,0.10050439834594727
2025-02-26 11:29:16,0.10070133209228516
2025-02-26 11:29:17,0.10114336013793945
2025-02-26 11:29:17,0.0984947681427002
2025-02-26 11:29:18,0.09681415557861328
2025-02-26 11:29:19,0.09748291969299316
2025-02-26 11:29:19,0.10099911689758301
2025-02-26 11:29:20,0.10132956504821777
2025-02-26 11:29:21,0.09981703758239746
2025-02-26 11:29:21,0.10050129890441895
2025-02-26 11:29:22,0.0997922420501709
2025-02-26 11:29:22,0.09986042976379395
2025-02-26 11:29:23,0.0990300178527832
2025-02-26 11:29:24,0.0997927188873291
2025-02-26 11:29:24,0.10043716430664062
2025-02-26 11:29:25,0.09879612922668457
2025-02-26 11:29:26,0.10091567039489746
2025-02-26 11:29:26,0.10090804100036621
2025-02-26 11:29:27,0.10005521774291992
2025-02-26 11:29:28,0.09750604629516602
2025-02-26 11:29:28,0.0989983081817627
2025-02-26 11:29:29,0.10217022895812988
2025-02-26 11:29:29,0.10201859474182129
2025-02-26 11:29:30,0.10402703285217285
2025-02-26 11:29:31,0.10217499732971191
2025-02-26 11:29:31,0.1015925407409668
2025-02-26 11:29:32,0.10226035118103027
2025-02-26 11:29:33,0.10220742225646973
2025-02-26 11:29:33,0.10399627685546875
2025-02-26 11:29:34,0.10076236724853516
2025-02-26 11:29:35,0.09602046012878418
2025-02-26 11:29:35,0.09758710861206055
2025-02-26 11:29:36,0.09929919242858887
2025-02-26 11:29:36,0.09692573547363281
2025-02-26 11:29:37,0.09671306610107422
2025-02-26 11:29:37,0.09687471389770508
2025-02-26 11:29:38,0.09539318084716797
2025-02-26 11:29:39,0.09483504295349121
2025-02-26 11:29:39,0.09600090980529785
2025-02-26 11:29:40,0.09587669372558594
2025-02-26 11:29:40,0.09379911422729492
2025-02-26 11:29:41,0.09404826164245605
2025-02-26 11:29:41,0.09357953071594238
2025-02-26 11:29:42,0.09500598907470703
2025-02-26 11:29:42,0.09537363052368164
2025-02-26 11:29:43,0.09386491775512695
2025-02-26 11:29:44,0.09625911712646484
2025-02-26 11:29:44,0.09778141975402832
2025-02-26 11:29:45,0.09781336784362793
2025-02-26 11:29:45,0.09573101997375488
2025-02-26 11:29:46,0.09557819366455078
2025-02-26 11:29:47,0.09777975082397461
2025-02-26 11:29:47,0.09820890426635742
2025-02-26 11:29:48,0.09678173065185547
2025-02-26 11:29:48,0.09792256355285645
2025-02-26 11:29:49,0.09893250465393066
2025-02-26 11:29:50,0.0992584228515625
2025-02-26 11:29:50,0.09634184837341309
2025-02-26 11:29:51,0.0972588062286377
2025-02-26 11:29:51,0.09865021705627441
2025-02-26 11:29:52,0.0988318920135498
2025-02-26 11:29:53,0.09935903549194336
2025-02-26 11:29:53,0.0987541675567627
2025-02-26 11:29:54,0.09934043884277344
2025-02-26 11:29:55,0.09924507141113281
2025-02-26 11:29:55,0.09781765937805176
2025-02-26 11:29:56,0.10063552856445312
2025-02-26 11:29:56,0.09941673278808594
2025-02-26 11:29:57,0.0996851921081543
2025-02-26 11:29:58,0.10063409805297852
2025-02-26 11:29:58,0.1006765365600586
2025-02-26 11:29:59,0.10137391090393066
2025-02-26 11:30:00,0.09975981712341309
2025-02-26 11:30:00,0.09685111045837402
2025-02-26 11:30:01,0.09771537780761719
2025-02-26 11:30:02,0.0989692211151123
2025-02-26 11:30:02,0.10114645957946777
2025-02-26 11:30:03,0.10248255729675293
2025-02-26 11:30:04,0.10322904586791992
2025-02-26 11:30:05,0.10199475288391113
2025-02-26 11:30:05,0.10183548927307129
2025-02-26 11:30:06,0.10449075698852539
2025-02-26 11:30:07,0.10378623008728027
2025-02-26 11:30:07,0.10075688362121582
2025-02-26 11:30:08,0.10074067115783691
2025-02-26 11:30:09,0.10361146926879883
2025-02-26 11:30:10,0.10558128356933594
2025-02-26 11:30:10,0.1043250560760498
2025-02-26 11:30:11,0.1014106273651123
2025-02-26 11:30:12,0.10478591918945312
2025-02-26 11:30:12,0.10711336135864258
2025-02-26 11:30:13,0.10047221183776855
2025-02-26 11:30:14,0.09993124008178711
2025-02-26 11:30:14,0.09773373603820801
2025-02-26 11:30:15,0.09952831268310547
2025-02-26 11:30:16,0.09941744804382324
2025-02-26 11:30:16,0.10064363479614258
2025-02-26 11:30:17,0.10252261161804199
2025-02-26 11:30:18,0.10112953186035156
2025-02-26 11:30:18,0.10144305229187012
2025-02-26 11:30:19,0.10234451293945312
2025-02-26 11:30:20,0.09988832473754883
2025-02-26 11:30:20,0.09901618957519531
2025-02-26 11:30:21,0.09889674186706543
2025-02-26 11:30:22,0.09898591041564941
2025-02-26 11:30:22,0.09981274604797363
2025-02-26 11:30:23,0.10193395614624023
2025-02-26 11:30:24,0.10220789909362793
2025-02-26 11:30:25,0.09855914115905762
2025-02-26 11:30:25,0.10027837753295898
2025-02-26 11:30:26,0.10242438316345215
2025-02-26 11:30:27,0.0998239517211914
2025-02-26 11:30:27,0.09899640083312988
2025-02-26 11:30:28,0.09784293174743652
2025-02-26 11:30:29,0.10055112838745117
2025-02-26 11:30:29,0.10274219512939453
2025-02-26 11:30:30,0.10068225860595703
2025-02-26 11:30:31,0.09990644454956055
2025-02-26 11:30:31,0.09930181503295898
2025-02-26 11:30:32,0.09885716438293457
2025-02-26 11:30:33,0.09887528419494629
2025-02-26 11:30:33,0.09710192680358887
2025-02-26 11:30:34,0.09579730033874512
2025-02-26 11:30:35,0.09595370292663574
2025-02-26 11:30:35,0.09431576728820801
2025-02-26 11:30:36,0.09269404411315918
2025-02-26 11:30:36,0.09184432029724121
2025-02-26 11:30:37,0.09173703193664551
2025-02-26 11:30:37,0.0940854549407959
2025-02-26 11:30:38,0.09498858451843262
2025-02-26 11:30:39,0.09428763389587402
2025-02-26 11:30:39,0.09324288368225098
2025-02-26 11:30:40,0.09316444396972656
2025-02-26 11:30:40,0.09484219551086426
2025-02-26 11:30:41,0.09397721290588379
2025-02-26 11:30:42,0.09182882308959961
2025-02-26 11:30:42,0.08962297439575195
2025-02-26 11:30:43,0.08865594863891602
2025-02-26 11:30:43,0.09118390083312988
2025-02-26 11:30:44,0.09276866912841797
2025-02-26 11:30:44,0.09226560592651367
2025-02-26 11:30:45,0.09048748016357422
2025-02-26 11:30:45,0.08899903297424316
2025-02-26 11:30:46,0.08910346031188965
2025-02-26 11:30:47,0.0894017219543457
2025-02-26 11:30:47,0.09013485908508301
2025-02-26 11:30:48,0.0879976749420166
2025-02-26 11:30:48,0.08620786666870117
2025-02-26 11:30:49,0.08720993995666504
2025-02-26 11:30:49,0.0900580883026123
2025-02-26 11:30:50,0.08964729309082031
2025-02-26 11:30:50,0.0896615982055664
2025-02-26 11:30:51,0.09114694595336914
2025-02-26 11:30:51,0.09140920639038086
2025-02-26 11:30:51,0.08957958221435547
2025-02-26 11:30:52,0.08636331558227539
2025-02-26 11:30:52,0.08864045143127441
2025-02-26 11:30:53,0.09047698974609375
2025-02-26 11:30:53,0.08999466896057129
2025-02-26 11:30:54,0.09201192855834961
2025-02-26 11:30:54,0.09090042114257812
2025-02-26 11:30:54,0.09114456176757812
2025-02-26 11:30:55,0.09279108047485352
2025-02-26 11:30:55,0.09158110618591309
2025-02-26 11:30:56,0.09393072128295898
2025-02-26 11:30:56,0.09650135040283203
2025-02-26 11:30:57,0.09548091888427734
2025-02-26 11:30:57,0.09565949440002441
2025-02-26 11:30:58,0.09513998031616211
2025-02-26 11:30:58,0.09609150886535645
2025-02-26 11:30:59,0.09446525573730469
2025-02-26 11:30:59,0.09362912178039551
2025-02-26 11:31:00,0.09502267837524414
2025-02-26 11:31:00,0.09472131729125977
2025-02-26 11:31:01,0.09296607971191406
2025-02-26 11:31:01,0.09106564521789551
2025-02-26 11:31:02,0.08997941017150879
2025-02-26 11:31:02,0.08975076675415039
2025-02-26 11:31:03,0.0940089225769043
2025-02-26 11:31:03,0.09284281730651855
2025-02-26 11:31:04,0.09172534942626953
2025-02-26 11:31:04,0.09140777587890625
2025-02-26 11:31:05,0.09265327453613281
