2025-02-20 16:04:21,2.428766965866089
2025-02-20 16:04:24,1.3567302227020264
2025-02-20 16:04:27,1.4571454524993896
2025-02-20 16:04:30,1.5010998249053955
2025-02-20 16:04:32,1.4172823429107666
2025-02-20 16:04:35,1.518432378768921
2025-02-20 16:04:38,1.3205058574676514
2025-02-20 16:04:41,1.383349895477295
2025-02-20 16:04:43,1.5679988861083984
2025-02-20 16:04:46,1.3943982124328613
2025-02-20 16:04:49,1.4827008247375488
2025-02-20 16:04:51,1.438213586807251
2025-02-20 16:04:54,1.5004549026489258
2025-02-20 16:04:57,1.4259228706359863
2025-02-20 16:05:00,1.8609600067138672
2025-02-20 16:05:03,1.8233025074005127
2025-02-20 16:05:06,1.932352066040039
2025-02-20 16:05:09,1.7204647064208984
2025-02-20 16:05:12,1.6403510570526123
2025-02-20 16:05:14,1.426149845123291
2025-02-20 16:05:17,1.5200695991516113
2025-02-20 16:05:20,1.656648874282837
2025-02-20 16:05:23,1.8683078289031982
2025-02-20 16:05:26,1.8571467399597168
2025-02-20 16:05:29,1.554060459136963
2025-02-20 16:05:32,1.8676683902740479
2025-02-20 16:05:35,1.9222474098205566
2025-02-20 16:05:38,1.6982238292694092
2025-02-20 16:05:41,1.4627330303192139
2025-02-20 16:05:44,1.8027567863464355
2025-02-20 16:05:47,1.7963626384735107
2025-02-20 16:05:50,1.79290771484375
2025-02-20 16:05:53,1.6503841876983643
2025-02-20 16:05:55,1.3261704444885254
2025-02-20 16:05:58,1.726410150527954
2025-02-20 16:06:01,1.7493369579315186
2025-02-20 16:06:03,1.3680522441864014
2025-02-20 16:06:06,1.5657799243927002
2025-02-20 16:06:09,1.7188513278961182
2025-02-20 16:06:13,2.3420937061309814
2025-02-20 16:06:17,2.4290783405303955
2025-02-20 16:06:20,2.0494589805603027
2025-02-20 16:06:24,2.7655041217803955
2025-02-20 16:06:29,2.8753583431243896
2025-02-20 16:06:32,2.3234243392944336
2025-02-20 16:06:35,1.6501998901367188
2025-02-20 16:06:38,1.2808449268341064
2025-02-20 16:06:40,1.2812931537628174
2025-02-20 16:06:42,1.2835021018981934
2025-02-20 16:06:45,1.4476332664489746
2025-02-20 16:06:48,1.5947015285491943
2025-02-20 16:06:50,1.5365111827850342
2025-02-20 16:06:53,1.366701364517212
2025-02-20 16:06:55,1.3935153484344482
2025-02-20 16:06:58,1.305981159210205
2025-02-20 16:07:00,1.3689043521881104
2025-02-20 16:07:03,1.303755283355713
2025-02-20 16:07:05,1.4130597114562988
2025-02-20 16:07:08,1.3817799091339111
2025-02-20 16:07:10,1.3190279006958008
2025-02-20 16:07:13,1.3148200511932373
2025-02-20 16:07:15,1.3002676963806152
2025-02-20 16:07:18,1.307814359664917
2025-02-20 16:07:20,1.290053367614746
2025-02-20 16:07:23,1.3020539283752441
2025-02-20 16:07:25,1.3199810981750488
2025-02-20 16:07:28,1.3323261737823486
2025-02-20 16:07:30,1.297715663909912
2025-02-20 16:07:32,1.3121187686920166
2025-02-20 16:07:36,1.9326872825622559
2025-02-20 16:07:39,1.9588372707366943
2025-02-20 16:07:42,1.9188132286071777
2025-02-20 16:07:46,1.861943006515503
2025-02-20 16:07:49,1.9396185874938965
2025-02-20 16:07:52,1.9031920433044434
2025-02-20 16:07:56,1.894657850265503
2025-02-20 16:07:59,1.9132533073425293
2025-02-20 16:08:01,1.3045270442962646
2025-02-20 16:08:04,1.2992451190948486
2025-02-20 16:08:06,1.2870972156524658
2025-02-20 16:08:08,1.294283390045166
2025-02-20 16:08:11,1.2852060794830322
2025-02-20 16:08:13,1.2955315113067627
2025-02-20 16:08:16,1.3550989627838135
2025-02-20 16:08:18,1.3699004650115967
2025-02-20 16:08:21,1.3175501823425293
2025-02-20 16:08:23,1.303187370300293
2025-02-20 16:08:26,1.320270299911499
2025-02-20 16:08:28,1.341031789779663
2025-02-20 16:08:31,1.3360154628753662
2025-02-20 16:08:34,1.3205490112304688
2025-02-20 16:08:36,1.3053905963897705
2025-02-20 16:08:39,1.298506736755371
2025-02-20 16:08:41,1.2772512435913086
2025-02-20 16:08:43,1.2958598136901855
2025-02-20 16:08:46,1.297429084777832
2025-02-20 16:08:48,1.3012089729309082
2025-02-20 16:08:50,1.2970495223999023
2025-02-20 16:08:53,1.2912182807922363
2025-02-20 16:08:55,1.4840188026428223
2025-02-20 16:08:57,1.3125033378601074
2025-02-20 16:09:00,1.3429577350616455
2025-02-20 16:09:02,1.3144140243530273
2025-02-20 16:09:05,1.821146011352539
2025-02-20 16:09:09,1.9474103450775146
2025-02-20 16:09:12,1.9315800666809082
2025-02-20 16:09:15,1.9422492980957031
2025-02-20 16:09:18,1.9793941974639893
2025-02-20 16:09:22,2.03059720993042
2025-02-20 16:09:26,1.950657844543457
2025-02-20 16:09:29,2.0555527210235596
2025-02-20 16:09:32,1.4019839763641357
2025-02-20 16:09:34,1.3681087493896484
2025-02-20 16:09:37,1.3470714092254639
2025-02-20 16:09:39,1.3704702854156494
2025-02-20 16:09:42,1.5278658866882324
2025-02-20 16:09:44,1.410520076751709
2025-02-20 16:09:46,1.2923200130462646
2025-02-20 16:09:49,1.2857730388641357
2025-02-20 16:09:51,1.305056095123291
2025-02-20 16:09:53,1.3053123950958252
2025-02-20 16:09:56,1.379302978515625
2025-02-20 16:09:58,1.364119052886963
2025-02-20 16:10:01,1.3461627960205078
2025-02-20 16:10:03,1.3161847591400146
2025-02-20 16:10:05,1.3638651371002197
2025-02-20 16:10:08,1.3544561862945557
2025-02-20 16:10:10,1.467409372329712
2025-02-20 16:10:13,1.5561530590057373
2025-02-20 16:10:16,1.499030351638794
2025-02-20 16:10:19,1.8916659355163574
2025-02-20 16:10:22,2.054593563079834
2025-02-20 16:10:25,2.051379442214966
2025-02-20 16:10:29,2.2411141395568848
2025-02-20 16:10:33,2.099459409713745
2025-02-20 16:10:37,2.321812629699707
2025-02-20 16:10:41,2.450577735900879
2025-02-20 16:10:45,2.752133369445801
2025-02-20 16:10:51,3.1465694904327393
2025-02-20 16:10:56,3.0717689990997314
2025-02-20 16:11:01,3.0589170455932617
2025-02-20 16:11:04,1.9261510372161865
2025-02-20 16:11:07,1.9291517734527588
2025-02-20 16:11:10,1.292093276977539
2025-02-20 16:11:12,1.3089268207550049
2025-02-20 16:11:15,1.3073160648345947
2025-02-20 16:11:17,1.297989845275879
2025-02-20 16:11:20,1.3092334270477295
2025-02-20 16:11:22,1.355635166168213
2025-02-20 16:11:25,1.3197567462921143
2025-02-20 16:11:27,1.3344964981079102
2025-02-20 16:11:30,1.2934703826904297
2025-02-20 16:11:32,1.2859368324279785
2025-02-20 16:11:34,1.2952961921691895
2025-02-20 16:11:37,1.4253978729248047
2025-02-20 16:11:40,1.6193780899047852
2025-02-20 16:11:42,1.4236679077148438
2025-02-20 16:11:45,1.6086058616638184
2025-02-20 16:11:48,1.4545764923095703
2025-02-20 16:11:50,1.5059232711791992
2025-02-20 16:11:53,1.7893555164337158
2025-02-20 16:11:56,1.7630600929260254
2025-02-20 16:11:59,1.6190621852874756
2025-02-20 16:12:02,1.546173095703125
2025-02-20 16:12:04,1.4225022792816162
2025-02-20 16:12:07,1.4234294891357422
2025-02-20 16:12:09,1.5277149677276611
2025-02-20 16:12:12,1.7883803844451904
2025-02-20 16:12:16,2.2271692752838135
2025-02-20 16:12:19,2.1585798263549805
2025-02-20 16:12:23,2.114445686340332
2025-02-20 16:12:26,1.7620024681091309
2025-02-20 16:12:28,1.4450523853302002
2025-02-20 16:12:31,1.4488279819488525
2025-02-20 16:12:33,1.4949235916137695
2025-02-20 16:12:36,1.4636609554290771
2025-02-20 16:12:39,1.463409423828125
2025-02-20 16:12:41,1.5174510478973389
2025-02-20 16:12:44,1.509251356124878
2025-02-20 16:12:46,1.4338223934173584
2025-02-20 16:12:49,1.5505311489105225
2025-02-20 16:12:51,1.4333786964416504
2025-02-20 16:12:54,1.4758622646331787
2025-02-20 16:12:56,1.5125911235809326
2025-02-20 16:12:59,1.4336795806884766
2025-02-20 16:13:01,1.5246942043304443
2025-02-20 16:13:04,1.3874235153198242
2025-02-20 16:13:06,1.4649591445922852
2025-02-20 16:13:09,1.9017915725708008
2025-02-20 16:13:12,1.9278299808502197
2025-02-20 16:13:15,2.33683180809021
2025-02-20 16:13:19,2.4084665775299072
2025-02-20 16:13:23,2.279189348220825
2025-02-20 16:13:25,1.6948046684265137
2025-02-20 16:13:28,1.7968177795410156
2025-02-20 16:13:32,1.9462096691131592
2025-02-20 16:13:35,2.2047855854034424
2025-02-20 16:13:38,1.890916109085083
2025-02-20 16:13:41,1.9296622276306152
2025-02-20 16:13:45,2.0409622192382812
2025-02-20 16:13:48,1.858964204788208
2025-02-20 16:13:50,1.6032464504241943
2025-02-20 16:13:52,1.2514972686767578
2025-02-20 16:13:55,1.3365232944488525
2025-02-20 16:13:57,1.2906582355499268
2025-02-20 16:13:59,1.3639495372772217
2025-02-20 16:14:01,1.2628939151763916
2025-02-20 16:14:04,1.3503856658935547
2025-02-20 16:14:06,1.3177168369293213
2025-02-20 16:14:08,1.3601343631744385
2025-02-20 16:14:10,1.3920190334320068
2025-02-20 16:14:12,1.2498230934143066
2025-02-20 16:14:15,1.2564733028411865
2025-02-20 16:14:17,1.6124582290649414
2025-02-20 16:14:19,1.58194899559021
2025-02-20 16:14:22,1.5014722347259521
2025-02-20 16:14:24,1.3609282970428467
2025-02-20 16:14:26,1.3670294284820557
2025-02-20 16:14:29,1.3497226238250732
2025-02-20 16:14:31,1.3343863487243652
2025-02-20 16:14:33,1.3595294952392578
2025-02-20 16:14:35,1.3856098651885986
2025-02-20 16:14:38,1.4978766441345215
2025-02-20 16:14:40,1.4449989795684814
2025-02-20 16:14:43,2.0808868408203125
2025-02-20 16:14:46,2.2113568782806396
2025-02-20 16:14:49,2.117525339126587
2025-02-20 16:14:52,2.1485395431518555
2025-02-20 16:14:56,2.0303823947906494
2025-02-20 16:14:59,2.054988384246826
2025-02-20 16:15:02,2.0374362468719482
2025-02-20 16:15:05,2.0853874683380127
2025-02-20 16:15:08,1.9844865798950195
2025-02-20 16:15:10,1.325718879699707
2025-02-20 16:15:12,1.3794751167297363
2025-02-20 16:15:15,1.3777821063995361
2025-02-20 16:15:17,1.4937446117401123
2025-02-20 16:15:19,1.3796930313110352
2025-02-20 16:15:22,1.3315110206604004
2025-02-20 16:15:24,1.520643949508667
2025-02-20 16:15:27,1.461822271347046
2025-02-20 16:15:29,1.3282744884490967
2025-02-20 16:15:31,1.300825834274292
2025-02-20 16:15:34,1.3134493827819824
2025-02-20 16:15:36,1.353337049484253
2025-02-20 16:15:39,1.4158196449279785
2025-02-20 16:15:41,1.5077259540557861
2025-02-20 16:15:44,1.4822633266448975
2025-02-20 16:15:47,1.375244140625
2025-02-20 16:15:49,1.4923417568206787
2025-02-20 16:15:52,1.6795952320098877
2025-02-20 16:15:56,2.315258264541626
2025-02-20 16:16:00,2.6754488945007324
2025-02-20 16:16:05,3.0146000385284424
2025-02-20 16:16:10,3.3996407985687256
2025-02-20 16:16:15,3.300788640975952
2025-02-20 16:16:19,3.1132404804229736
2025-02-20 16:16:23,2.154249906539917
2025-02-20 16:16:26,2.035547971725464
2025-02-20 16:16:29,1.4328413009643555
2025-02-20 16:16:32,1.3886165618896484
2025-02-20 16:16:34,1.425769567489624
2025-02-20 16:16:37,1.4074888229370117
2025-02-20 16:16:39,1.411348819732666
2025-02-20 16:16:42,1.3975975513458252
2025-02-20 16:16:44,1.3711574077606201
2025-02-20 16:16:46,1.3778791427612305
2025-02-20 16:16:49,1.4657962322235107
2025-02-20 16:16:51,1.4375014305114746
2025-02-20 16:16:54,1.3731269836425781
2025-02-20 16:16:56,1.3505659103393555
2025-02-20 16:16:59,1.3464903831481934
2025-02-20 16:17:01,1.391648530960083
2025-02-20 16:17:04,1.4592273235321045
2025-02-20 16:17:06,1.4517674446105957
2025-02-20 16:17:09,1.377241611480713
2025-02-20 16:17:11,1.3221070766448975
2025-02-20 16:17:14,1.3381123542785645
2025-02-20 16:17:16,1.4840543270111084
2025-02-20 16:17:19,1.696115255355835
2025-02-20 16:17:22,2.015310049057007
2025-02-20 16:17:26,1.9809410572052002
2025-02-20 16:17:29,1.9620869159698486
2025-02-20 16:17:32,1.9211061000823975
2025-02-20 16:17:35,1.9527835845947266
2025-02-20 16:17:38,2.3398494720458984
2025-02-20 16:17:42,2.2166595458984375
2025-02-20 16:17:45,2.070343017578125
2025-02-20 16:17:48,1.4738309383392334
2025-02-20 16:17:50,1.4689135551452637
2025-02-20 16:17:53,1.4671142101287842
2025-02-20 16:17:55,1.3617775440216064
2025-02-20 16:17:57,1.4392805099487305
2025-02-20 16:18:00,1.407226800918579
2025-02-20 16:18:02,1.3930151462554932
2025-02-20 16:18:04,1.4501168727874756
2025-02-20 16:18:06,1.3313145637512207
2025-02-20 16:18:09,1.5086441040039062
2025-02-20 16:18:11,1.4104063510894775
2025-02-20 16:18:14,1.3869524002075195
2025-02-20 16:18:16,1.369776964187622
2025-02-20 16:18:18,1.4266505241394043
2025-02-20 16:18:21,1.756948471069336
2025-02-20 16:18:24,1.843158483505249
2025-02-20 16:18:27,1.986701488494873
2025-02-20 16:18:30,2.1160778999328613
2025-02-20 16:18:33,2.2279701232910156
2025-02-20 16:18:37,2.5096726417541504
2025-02-20 16:18:41,2.6437811851501465
2025-02-20 16:18:45,2.904965877532959
2025-02-20 16:18:50,3.279367446899414
2025-02-20 16:18:54,2.9299700260162354
2025-02-20 16:18:58,2.955132007598877
2025-02-20 16:19:03,3.0859158039093018
2025-02-20 16:19:06,2.033507823944092
2025-02-20 16:19:09,1.7907376289367676
2025-02-20 16:19:11,1.377830982208252
2025-02-20 16:19:14,1.5128347873687744
2025-02-20 16:19:16,1.4041767120361328
2025-02-20 16:19:18,1.2811744213104248
2025-02-20 16:19:20,1.286236047744751
2025-02-20 16:19:22,1.2899010181427002
2025-02-20 16:19:24,1.436774492263794
2025-02-20 16:19:26,1.294266700744629
2025-02-20 16:19:28,1.2748291492462158
2025-02-20 16:19:30,1.451298713684082
2025-02-20 16:19:33,1.8224356174468994
2025-02-20 16:19:35,1.8129475116729736
2025-02-20 16:19:38,1.8323063850402832
2025-02-20 16:19:40,1.8303446769714355
2025-02-20 16:19:43,2.0600759983062744
2025-02-20 16:19:46,2.003995180130005
2025-02-20 16:19:48,1.9604625701904297
2025-02-20 16:19:51,2.279106378555298
2025-02-20 16:19:54,2.1009154319763184
2025-02-20 16:19:57,2.1137189865112305
2025-02-20 16:20:00,2.023455858230591
2025-02-20 16:20:03,1.993333101272583
2025-02-20 16:20:05,2.097748279571533
2025-02-20 16:20:08,2.177536725997925
2025-02-20 16:20:12,2.3132007122039795
2025-02-20 16:20:14,2.100820302963257
2025-02-20 16:20:17,2.270240545272827
2025-02-20 16:20:21,2.3379971981048584
2025-02-20 16:20:24,2.765092611312866
2025-02-20 16:20:28,2.812330722808838
2025-02-20 16:20:31,2.1251778602600098
2025-02-20 16:20:34,2.0843827724456787
2025-02-20 16:20:36,1.4716310501098633
2025-02-20 16:20:38,1.4211921691894531
2025-02-20 16:20:40,1.5952727794647217
2025-02-20 16:20:42,1.4930078983306885
2025-02-20 16:20:44,1.4144835472106934
2025-02-20 16:20:46,1.4748613834381104
2025-02-20 16:20:48,1.7664985656738281
2025-02-20 16:20:51,1.8397564888000488
2025-02-20 16:20:53,1.7659969329833984
2025-02-20 16:20:56,1.721052885055542
2025-02-20 16:20:58,1.637500524520874
2025-02-20 16:21:00,1.7227749824523926
2025-02-20 16:21:02,1.462883472442627
2025-02-20 16:21:04,1.2603776454925537
2025-02-20 16:21:06,1.2536094188690186
2025-02-20 16:21:08,1.2877790927886963
2025-02-20 16:21:10,1.3159854412078857
2025-02-20 16:21:12,1.2511768341064453
2025-02-20 16:21:14,1.3541357517242432
2025-02-20 16:21:16,1.3257837295532227
2025-02-20 16:21:19,1.5410828590393066
2025-02-20 16:21:21,1.4640779495239258
2025-02-20 16:21:23,1.4056878089904785
2025-02-20 16:21:25,1.4266870021820068
2025-02-20 16:21:27,1.4695746898651123
2025-02-20 16:21:29,1.4497339725494385
2025-02-20 16:21:31,1.4073128700256348
2025-02-20 16:21:33,1.4854283332824707
2025-02-20 16:21:36,1.4682579040527344
2025-02-20 16:21:38,1.7034249305725098
2025-02-20 16:21:40,1.4882893562316895
2025-02-20 16:21:43,1.6501328945159912
2025-02-20 16:21:45,1.727797031402588
2025-02-20 16:21:48,1.8377795219421387
2025-02-20 16:21:51,1.866520881652832
2025-02-20 16:21:54,1.8633973598480225
2025-02-20 16:21:57,1.8623976707458496
2025-02-20 16:21:59,1.7134063243865967
2025-02-20 16:22:01,1.2419888973236084
2025-02-20 16:22:03,1.261587381362915
2025-02-20 16:22:05,1.2596971988677979
2025-02-20 16:22:08,1.2891621589660645
2025-02-20 16:22:10,1.285156011581421
2025-02-20 16:22:12,1.2641260623931885
2025-02-20 16:22:15,1.2815072536468506
2025-02-20 16:22:17,1.2780635356903076
2025-02-20 16:22:19,1.2796640396118164
2025-02-20 16:22:21,1.374600887298584
2025-02-20 16:22:24,1.323275089263916
2025-02-20 16:22:26,1.3809146881103516
2025-02-20 16:22:28,1.3217997550964355
2025-02-20 16:22:30,1.3413126468658447
2025-02-20 16:22:33,1.4405875205993652
2025-02-20 16:22:35,1.309457540512085
2025-02-20 16:22:37,1.3810348510742188
2025-02-20 16:22:39,1.3311386108398438
2025-02-20 16:22:42,1.4323348999023438
2025-02-20 16:22:44,1.4438531398773193
2025-02-20 16:22:46,1.5705811977386475
2025-02-20 16:22:49,1.7163870334625244
2025-02-20 16:22:52,1.7302207946777344
2025-02-20 16:22:55,1.7159643173217773
2025-02-20 16:22:58,1.7700414657592773
2025-02-20 16:23:01,1.8548643589019775
2025-02-20 16:23:04,1.9121394157409668
2025-02-20 16:23:07,1.8894739151000977
2025-02-20 16:23:10,1.8340227603912354
2025-02-20 16:23:12,1.3500804901123047
2025-02-20 16:23:15,1.2638671398162842
2025-02-20 16:23:17,1.2622971534729004
2025-02-20 16:23:19,1.255479335784912
2025-02-20 16:23:21,1.2586255073547363
2025-02-20 16:23:24,1.2783784866333008
2025-02-20 16:23:26,1.266019582748413
2025-02-20 16:23:28,1.2813785076141357
2025-02-20 16:23:30,1.272688627243042
2025-02-20 16:23:32,1.25931978225708
2025-02-20 16:23:34,1.2561213970184326
2025-02-20 16:23:37,1.2685790061950684
2025-02-20 16:23:39,1.276052713394165
2025-02-20 16:23:41,1.3138518333435059
2025-02-20 16:23:43,1.2839443683624268
2025-02-20 16:23:45,1.302828311920166
2025-02-20 16:23:48,1.2788121700286865
2025-02-20 16:23:50,1.3021061420440674
2025-02-20 16:23:52,1.3122320175170898
2025-02-20 16:23:55,1.2883374691009521
2025-02-20 16:23:57,1.3888273239135742
2025-02-20 16:24:00,1.555307149887085
2025-02-20 16:24:02,1.8399043083190918
2025-02-20 16:24:06,2.1297852993011475
2025-02-20 16:24:09,2.0179786682128906
2025-02-20 16:24:12,1.9005920886993408
2025-02-20 16:24:15,1.9035868644714355
2025-02-20 16:24:19,1.9203181266784668
2025-02-20 16:24:22,1.9294521808624268
2025-02-20 16:24:25,1.5768439769744873
2025-02-20 16:24:27,1.283165454864502
2025-02-20 16:24:29,1.2494637966156006
2025-02-20 16:24:31,1.249436616897583
2025-02-20 16:24:33,1.26515793800354
2025-02-20 16:24:36,1.2498674392700195
2025-02-20 16:24:38,1.2592597007751465
2025-02-20 16:24:40,1.2739624977111816
2025-02-20 16:24:42,1.262253761291504
2025-02-20 16:24:44,1.28257417678833
2025-02-20 16:24:46,1.4029858112335205
2025-02-20 16:24:49,1.3630859851837158
2025-02-20 16:24:51,1.524515151977539
2025-02-20 16:24:54,1.4105198383331299
2025-02-20 16:24:56,1.4876861572265625
2025-02-20 16:24:59,1.386014461517334
2025-02-20 16:25:01,1.4018011093139648
2025-02-20 16:25:03,1.5758888721466064
2025-02-20 16:25:06,1.591292381286621
2025-02-20 16:25:09,1.5836615562438965
2025-02-20 16:25:11,1.4828879833221436
2025-02-20 16:25:14,1.7865405082702637
2025-02-20 16:25:18,2.9283697605133057
2025-02-20 16:25:23,2.945180654525757
2025-02-20 16:25:27,2.5177721977233887
2025-02-20 16:25:31,2.8975155353546143
2025-02-20 16:25:35,1.9229896068572998
2025-02-20 16:25:38,1.9514133930206299
2025-02-20 16:25:41,1.9874849319458008
2025-02-20 16:25:44,1.2972586154937744
2025-02-20 16:25:46,1.2662115097045898
2025-02-20 16:25:48,1.2852625846862793
2025-02-20 16:25:51,1.285778522491455
2025-02-20 16:25:53,1.3122632503509521
2025-02-20 16:25:55,1.2716422080993652
2025-02-20 16:25:58,1.2934510707855225
2025-02-20 16:26:00,1.307969331741333
2025-02-20 16:26:03,1.300135612487793
2025-02-20 16:26:05,1.314985990524292
2025-02-20 16:26:08,1.3190224170684814
2025-02-20 16:26:10,1.315009355545044
2025-02-20 16:26:13,1.3030571937561035
2025-02-20 16:26:15,1.3069672584533691
2025-02-20 16:26:18,1.3158349990844727
2025-02-20 16:26:20,1.3224010467529297
2025-02-20 16:26:23,1.30747652053833
2025-02-20 16:26:26,1.3178129196166992
2025-02-20 16:26:28,1.3535847663879395
2025-02-20 16:26:31,1.3224678039550781
2025-02-20 16:26:34,1.4192192554473877
2025-02-20 16:26:37,1.4247558116912842
2025-02-20 16:26:40,1.365748405456543
2025-02-20 16:26:42,1.4402198791503906
2025-02-20 16:26:46,2.073455333709717
2025-02-20 16:26:50,2.2594845294952393
2025-02-20 16:26:54,1.9637467861175537
2025-02-20 16:26:57,2.0943901538848877
2025-02-20 16:27:01,2.0013489723205566
2025-02-20 16:27:05,1.965444803237915
2025-02-20 16:27:08,1.612386703491211
2025-02-20 16:27:11,1.2986798286437988
2025-02-20 16:27:14,1.3491029739379883
2025-02-20 16:27:16,1.3028533458709717
2025-02-20 16:27:19,1.3007867336273193
2025-02-20 16:27:22,1.3147475719451904
2025-02-20 16:27:24,1.3438491821289062
2025-02-20 16:27:27,1.380554437637329
2025-02-20 16:27:30,1.3343467712402344
2025-02-20 16:27:32,1.4035251140594482
2025-02-20 16:27:35,1.43003249168396
2025-02-20 16:27:37,1.3426060676574707
2025-02-20 16:27:40,1.3315153121948242
2025-02-20 16:27:43,1.4618425369262695
2025-02-20 16:27:45,1.453401803970337
2025-02-20 16:27:48,1.4429895877838135
2025-02-20 16:27:51,1.4228458404541016
2025-02-20 16:27:53,1.5569381713867188
2025-02-20 16:27:56,1.5207335948944092
2025-02-20 16:27:59,1.4741172790527344
2025-02-20 16:28:01,1.482316255569458
2025-02-20 16:28:04,1.6010468006134033
2025-02-20 16:28:07,1.7230896949768066
2025-02-20 16:28:11,1.9624266624450684
2025-02-20 16:28:14,1.9432847499847412
2025-02-20 16:28:18,1.9071333408355713
2025-02-20 16:28:21,1.3434596061706543
2025-02-20 16:28:23,1.2628278732299805
2025-02-20 16:28:26,1.2663917541503906
2025-02-20 16:28:29,1.2777392864227295
2025-02-20 16:28:31,1.2954673767089844
2025-02-20 16:28:34,1.2783467769622803
2025-02-20 16:28:36,1.2597522735595703
2025-02-20 16:28:39,1.2619085311889648
2025-02-20 16:28:41,1.274768590927124
2025-02-20 16:28:43,1.2622759342193604
2025-02-20 16:28:46,1.2718091011047363
2025-02-20 16:28:48,1.27913236618042
2025-02-20 16:28:51,1.298171043395996
2025-02-20 16:28:53,1.2870967388153076
2025-02-20 16:28:56,1.2902107238769531
2025-02-20 16:28:59,1.2612571716308594
2025-02-20 16:29:01,1.2979483604431152
2025-02-20 16:29:04,1.2669968605041504
2025-02-20 16:29:06,1.3120152950286865
2025-02-20 16:29:09,1.4503073692321777
2025-02-20 16:29:13,1.879887580871582
2025-02-20 16:29:16,2.0086796283721924
2025-02-20 16:29:20,2.1508028507232666
2025-02-20 16:29:25,2.195051431655884
2025-02-20 16:29:29,2.1225411891937256
2025-02-20 16:29:32,1.9612622261047363
2025-02-20 16:29:35,1.2865242958068848
2025-02-20 16:29:38,1.2924654483795166
2025-02-20 16:29:40,1.2847614288330078
2025-02-20 16:29:43,1.2829666137695312
2025-02-20 16:29:46,1.297694206237793
2025-02-20 16:29:48,1.298109531402588
2025-02-20 16:29:51,1.2889437675476074
2025-02-20 16:29:53,1.28810715675354
2025-02-20 16:29:56,1.287693977355957
2025-02-20 16:29:59,1.2811405658721924
2025-02-20 16:30:01,1.3162617683410645
2025-02-20 16:30:04,1.2962491512298584
2025-02-20 16:30:07,1.2892868518829346
2025-02-20 16:30:10,1.3016667366027832
2025-02-20 16:30:13,1.3154270648956299
2025-02-20 16:30:16,1.3293483257293701
2025-02-20 16:30:19,1.675616979598999
2025-02-20 16:30:22,1.7515225410461426
2025-02-20 16:30:26,1.862900733947754
2025-02-20 16:30:30,1.896089792251587
2025-02-20 16:30:33,1.9137184619903564
2025-02-20 16:30:37,1.9132897853851318
2025-02-20 16:30:40,1.2652733325958252
2025-02-20 16:30:43,1.2627813816070557
2025-02-20 16:30:46,1.2658429145812988
2025-02-20 16:30:49,1.2753441333770752
2025-02-20 16:30:51,1.291083574295044
2025-02-20 16:30:54,1.3024954795837402
2025-02-20 16:30:57,1.32735013961792
2025-02-20 16:31:00,1.2776365280151367
2025-02-20 16:31:03,1.2796168327331543
2025-02-20 16:31:06,1.250004768371582
2025-02-20 16:31:08,1.262570858001709
2025-02-20 16:31:11,1.2606370449066162
2025-02-20 16:31:14,1.2554001808166504
2025-02-20 16:31:17,1.2511532306671143
2025-02-20 16:31:19,1.2629318237304688
2025-02-20 16:31:22,1.5415513515472412
2025-02-20 16:31:25,1.5035390853881836
2025-02-20 16:31:29,1.4376835823059082
2025-02-20 16:31:32,1.3994197845458984
2025-02-20 16:31:35,1.4094548225402832
2025-02-20 16:31:39,1.4373955726623535
2025-02-20 16:31:42,1.4138679504394531
2025-02-20 16:31:45,1.2956266403198242
2025-02-20 16:31:49,1.977766513824463
2025-02-20 16:31:53,2.004851818084717
2025-02-20 16:31:56,1.9085330963134766
2025-02-20 16:32:00,2.048062324523926
2025-02-20 16:32:04,2.146800994873047
2025-02-20 16:32:08,2.237278699874878
2025-02-20 16:32:11,1.4302732944488525
2025-02-20 16:32:14,1.4728498458862305
2025-02-20 16:32:17,1.575547695159912
2025-02-20 16:32:20,1.475212812423706
2025-02-20 16:32:23,1.5359556674957275
2025-02-20 16:32:26,1.4151668548583984
2025-02-20 16:32:29,1.3620128631591797
2025-02-20 16:32:31,1.3139686584472656
2025-02-20 16:32:34,1.4589147567749023
2025-02-20 16:32:36,1.2759485244750977
2025-02-20 16:32:38,1.2716386318206787
2025-02-20 16:32:41,1.2685089111328125
2025-02-20 16:32:43,1.2653238773345947
2025-02-20 16:32:45,1.3739242553710938
2025-02-20 16:32:47,1.3567891120910645
2025-02-20 16:32:50,1.2789192199707031
2025-02-20 16:32:52,1.317030906677246
2025-02-20 16:32:54,1.4255518913269043
2025-02-20 16:32:57,1.4478633403778076
2025-02-20 16:32:59,1.4720134735107422
2025-02-20 16:33:01,1.4371836185455322
2025-02-20 16:33:04,1.7953917980194092
2025-02-20 16:33:08,2.464526414871216
2025-02-20 16:33:12,3.075488805770874
2025-02-20 16:33:16,2.3689308166503906
2025-02-20 16:33:20,2.7863616943359375
2025-02-20 16:33:23,2.1118886470794678
2025-02-20 16:33:26,2.2098677158355713
2025-02-20 16:33:29,2.0246148109436035
2025-02-20 16:33:32,2.0916900634765625
2025-02-20 16:33:35,1.6840338706970215
2025-02-20 16:33:37,1.44535231590271
2025-02-20 16:33:39,1.3503453731536865
2025-02-20 16:33:41,1.3537070751190186
2025-02-20 16:33:43,1.339709997177124
2025-02-20 16:33:45,1.2935898303985596
2025-02-20 16:33:48,1.379730224609375
2025-02-20 16:33:50,1.4023358821868896
2025-02-20 16:33:52,1.3887548446655273
2025-02-20 16:33:54,1.5033597946166992
2025-02-20 16:33:57,1.4387576580047607
2025-02-20 16:33:59,1.3074719905853271
2025-02-20 16:34:01,1.3182847499847412
2025-02-20 16:34:04,1.4116878509521484
2025-02-20 16:34:06,1.374967098236084
2025-02-20 16:34:08,1.347069263458252
2025-02-20 16:34:11,1.4466228485107422
2025-02-20 16:34:13,1.4614999294281006
2025-02-20 16:34:15,1.3824872970581055
2025-02-20 16:34:18,1.3848187923431396
2025-02-20 16:34:20,1.4226648807525635
2025-02-20 16:34:23,1.4183578491210938
2025-02-20 16:34:25,1.375896692276001
2025-02-20 16:34:28,1.9110755920410156
2025-02-20 16:34:31,1.9023051261901855
2025-02-20 16:34:34,1.880174160003662
2025-02-20 16:34:37,2.02107310295105
2025-02-20 16:34:40,1.8679418563842773
2025-02-20 16:34:43,1.8703727722167969
2025-02-20 16:34:46,1.849877119064331
2025-02-20 16:34:49,1.872544288635254
2025-02-20 16:34:52,1.8680803775787354
2025-02-20 16:34:55,1.259856939315796
2025-02-20 16:34:57,1.2769267559051514
2025-02-20 16:34:59,1.2893357276916504
2025-02-20 16:35:01,1.3413488864898682
2025-02-20 16:35:03,1.3086678981781006
2025-02-20 16:35:06,1.359020471572876
2025-02-20 16:35:08,1.374587059020996
2025-02-20 16:35:10,1.3124926090240479
2025-02-20 16:35:12,1.429090976715088
2025-02-20 16:35:15,1.4176671504974365
2025-02-20 16:35:17,1.4716615676879883
2025-02-20 16:35:19,1.5215628147125244
2025-02-20 16:35:22,1.4323296546936035
2025-02-20 16:35:24,1.3160383701324463
2025-02-20 16:35:26,1.3986949920654297
2025-02-20 16:35:29,1.3365943431854248
2025-02-20 16:35:31,1.3220157623291016
2025-02-20 16:35:33,1.3851819038391113
2025-02-20 16:35:36,1.4044907093048096
2025-02-20 16:35:38,1.4015207290649414
2025-02-20 16:35:40,1.5238327980041504
2025-02-20 16:35:43,1.5997390747070312
2025-02-20 16:35:46,1.9039690494537354
2025-02-20 16:35:49,1.998366117477417
2025-02-20 16:35:52,2.1789584159851074
2025-02-20 16:35:56,1.942138910293579
2025-02-20 16:35:59,1.9808931350708008
2025-02-20 16:36:02,1.8677446842193604
2025-02-20 16:36:05,1.8609435558319092
2025-02-20 16:36:08,1.8672025203704834
2025-02-20 16:36:11,2.084928512573242
2025-02-20 16:36:13,1.3021693229675293
2025-02-20 16:36:15,1.3444373607635498
2025-02-20 16:36:18,1.3726110458374023
2025-02-20 16:36:20,1.405137538909912
2025-02-20 16:36:22,1.2937443256378174
2025-02-20 16:36:24,1.300999402999878
2025-02-20 16:36:26,1.4130969047546387
2025-02-20 16:36:29,1.4211375713348389
2025-02-20 16:36:31,1.3729803562164307
2025-02-20 16:36:33,1.2685492038726807
2025-02-20 16:36:35,1.2876875400543213
2025-02-20 16:36:37,1.2808756828308105
2025-02-20 16:36:39,1.391939401626587
2025-02-20 16:36:41,1.2682974338531494
2025-02-20 16:36:43,1.2820940017700195
2025-02-20 16:36:45,1.2883074283599854
2025-02-20 16:36:47,1.2868802547454834
2025-02-20 16:36:50,1.283498764038086
2025-02-20 16:36:51,1.25761079788208
2025-02-20 16:36:53,1.2736964225769043
2025-02-20 16:36:55,1.4764306545257568
2025-02-20 16:36:58,1.5559217929840088
2025-02-20 16:37:00,1.7236623764038086
2025-02-20 16:37:03,1.8077375888824463
2025-02-20 16:37:05,1.5417418479919434
2025-02-20 16:37:07,1.6264784336090088
2025-02-20 16:37:10,1.8701937198638916
2025-02-20 16:37:13,1.8858299255371094
2025-02-20 16:37:16,1.8800866603851318
2025-02-20 16:37:18,1.8881862163543701
2025-02-20 16:37:21,1.8738667964935303
2025-02-20 16:37:24,1.9003503322601318
2025-02-20 16:37:27,1.8882713317871094
2025-02-20 16:37:30,1.8495748043060303
2025-02-20 16:37:32,1.2684059143066406
2025-02-20 16:37:34,1.2873079776763916
2025-02-20 16:37:36,1.296022653579712
2025-02-20 16:37:38,1.2759554386138916
2025-02-20 16:37:40,1.259840488433838
2025-02-20 16:37:42,1.2851653099060059
2025-02-20 16:37:44,1.3108744621276855
2025-02-20 16:37:47,1.2968685626983643
2025-02-20 16:37:49,1.3195631504058838
2025-02-20 16:37:51,1.433896541595459
2025-02-20 16:37:54,1.538618564605713
2025-02-20 16:37:57,1.776770830154419
2025-02-20 16:38:00,1.5347466468811035
2025-02-20 16:38:03,1.464576244354248
2025-02-20 16:38:05,1.359605312347412
2025-02-20 16:38:08,1.342855453491211
2025-02-20 16:38:10,1.320024013519287
2025-02-20 16:38:13,1.329984426498413
2025-02-20 16:38:15,1.3382227420806885
2025-02-20 16:38:18,1.3481802940368652
2025-02-20 16:38:20,1.3451685905456543
2025-02-20 16:38:23,1.3198983669281006
2025-02-20 16:38:25,1.3392820358276367
2025-02-20 16:38:28,1.4635460376739502
2025-02-20 16:38:32,2.1010217666625977
2025-02-20 16:38:35,2.0308096408843994
2025-02-20 16:38:39,2.015150308609009
2025-02-20 16:38:42,1.9881794452667236
2025-02-20 16:38:46,1.9789655208587646
2025-02-20 16:38:50,2.001995325088501
2025-02-20 16:38:53,2.0462381839752197
2025-02-20 16:38:56,1.335850477218628
2025-02-20 16:38:59,1.3473656177520752
2025-02-20 16:39:02,1.3463225364685059
2025-02-20 16:39:05,1.34098219871521
2025-02-20 16:39:07,1.3430001735687256
2025-02-20 16:39:10,1.334585428237915
2025-02-20 16:39:12,1.333906650543213
2025-02-20 16:39:15,1.3355438709259033
2025-02-20 16:39:18,1.3427326679229736
2025-02-20 16:39:21,1.322404384613037
2025-02-20 16:39:24,1.4130666255950928
2025-02-20 16:39:26,1.327026605606079
2025-02-20 16:39:29,1.3376238346099854
2025-02-20 16:39:32,1.3496696949005127
2025-02-20 16:39:35,1.6071422100067139
2025-02-20 16:39:38,1.6579952239990234
2025-02-20 16:39:41,1.4958651065826416
2025-02-20 16:39:44,1.5054936408996582
2025-02-20 16:39:47,1.5064468383789062
2025-02-20 16:39:50,1.5411174297332764
2025-02-20 16:39:53,1.631047248840332
2025-02-20 16:39:57,2.050983190536499
2025-02-20 16:40:00,2.1300904750823975
2025-02-20 16:40:04,1.9869475364685059
2025-02-20 16:40:08,1.9495761394500732
2025-02-20 16:40:11,1.9377450942993164
2025-02-20 16:40:14,1.9604003429412842
2025-02-20 16:40:18,1.9299297332763672
2025-02-20 16:40:20,1.2759487628936768
2025-02-20 16:40:23,1.2770411968231201
2025-02-20 16:40:25,1.2929818630218506
2025-02-20 16:40:28,1.3108327388763428
2025-02-20 16:40:30,1.3371531963348389
2025-02-20 16:40:33,1.3178999423980713
2025-02-20 16:40:35,1.3160803318023682
2025-02-20 16:40:38,1.2987384796142578
2025-02-20 16:40:40,1.311009168624878
2025-02-20 16:40:43,1.302534580230713
2025-02-20 16:40:45,1.2981898784637451
2025-02-20 16:40:48,1.2971312999725342
2025-02-20 16:40:50,1.2830479145050049
2025-02-20 16:40:53,1.2851948738098145
2025-02-20 16:40:55,1.292419195175171
2025-02-20 16:40:58,1.2978315353393555
2025-02-20 16:41:00,1.2905857563018799
2025-02-20 16:41:02,1.295168161392212
2025-02-20 16:41:05,1.3425416946411133
2025-02-20 16:41:07,1.365297555923462
2025-02-20 16:41:10,1.3347513675689697
2025-02-20 16:41:12,1.3166728019714355
2025-02-20 16:41:15,1.576089859008789
2025-02-20 16:41:18,1.7628984451293945
2025-02-20 16:41:21,1.9451825618743896
2025-02-20 16:41:25,1.9537341594696045
2025-02-20 16:41:28,1.9221446514129639
2025-02-20 16:41:31,1.9000616073608398
2025-02-20 16:41:35,1.9348504543304443
2025-02-20 16:41:38,1.6030306816101074
2025-02-20 16:41:40,1.272932529449463
2025-02-20 16:41:43,1.2807722091674805
2025-02-20 16:41:45,1.2939188480377197
2025-02-20 16:41:47,1.2871088981628418
2025-02-20 16:41:50,1.283423900604248
2025-02-20 16:41:52,1.2848894596099854
2025-02-20 16:41:54,1.2828044891357422
2025-02-20 16:41:57,1.3046932220458984
2025-02-20 16:41:59,1.2896358966827393
2025-02-20 16:42:02,1.3017871379852295
2025-02-20 16:42:04,1.3472328186035156
2025-02-20 16:42:07,1.3171672821044922
2025-02-20 16:42:09,1.2998731136322021
2025-02-20 16:42:12,1.312361240386963
2025-02-20 16:42:14,1.3172955513000488
2025-02-20 16:42:16,1.3222441673278809
2025-02-20 16:42:19,1.2958192825317383
2025-02-20 16:42:21,1.3253798484802246
2025-02-20 16:42:24,1.3092570304870605
2025-02-20 16:42:26,1.2845070362091064
2025-02-20 16:42:28,1.2968790531158447
2025-02-20 16:42:31,1.9597480297088623
2025-02-20 16:42:35,1.957031488418579
2025-02-20 16:42:38,1.9351515769958496
2025-02-20 16:42:42,2.1872498989105225
2025-02-20 16:42:46,2.2371814250946045
2025-02-20 16:42:49,2.2623531818389893
2025-02-20 16:42:54,2.426076650619507
2025-02-20 16:42:57,1.7909297943115234
2025-02-20 16:43:00,1.578716516494751
2025-02-20 16:43:02,1.4089851379394531
2025-02-20 16:43:05,1.2893946170806885
2025-02-20 16:43:07,1.2805726528167725
2025-02-20 16:43:09,1.4808413982391357
2025-02-20 16:43:12,1.6757588386535645
2025-02-20 16:43:15,1.441483497619629
2025-02-20 16:43:18,1.6694185733795166
2025-02-20 16:43:21,1.584385871887207
2025-02-20 16:43:24,2.1065614223480225
2025-02-20 16:43:27,1.531008005142212
2025-02-20 16:43:30,1.5472216606140137
2025-02-20 16:43:33,1.5411953926086426
2025-02-20 16:43:36,1.5269770622253418
2025-02-20 16:43:39,1.3672540187835693
2025-02-20 16:43:42,1.482637643814087
2025-02-20 16:43:45,1.8389101028442383
2025-02-20 16:43:48,1.590045690536499
2025-02-20 16:43:51,1.6816105842590332
2025-02-20 16:43:54,1.7401580810546875
2025-02-20 16:43:58,2.8245506286621094
2025-02-20 16:44:03,2.6913247108459473
2025-02-20 16:44:07,2.726240873336792
2025-02-20 16:44:12,2.74967098236084
2025-02-20 16:44:16,2.869873285293579
2025-02-20 16:44:20,2.2398529052734375
2025-02-20 16:44:23,1.268035888671875
2025-02-20 16:44:25,1.4253368377685547
2025-02-20 16:44:28,1.4081368446350098
2025-02-20 16:44:30,1.3398425579071045
2025-02-20 16:44:33,1.2928574085235596
2025-02-20 16:44:35,1.2995882034301758
2025-02-20 16:44:37,1.292768955230713
2025-02-20 16:44:40,1.2915430068969727
2025-02-20 16:44:42,1.286783218383789
2025-02-20 16:44:45,1.27113938331604
2025-02-20 16:44:47,1.264958381652832
2025-02-20 16:44:49,1.2917101383209229
2025-02-20 16:44:51,1.2874422073364258
2025-02-20 16:44:54,1.3029353618621826
2025-02-20 16:44:56,1.284069299697876
2025-02-20 16:44:58,1.268857717514038
2025-02-20 16:45:01,1.2874348163604736
2025-02-20 16:45:03,1.3243730068206787
2025-02-20 16:45:05,1.3080220222473145
2025-02-20 16:45:08,1.2893891334533691
2025-02-20 16:45:10,1.2761027812957764
2025-02-20 16:45:13,1.2869391441345215
2025-02-20 16:45:15,1.281127691268921
2025-02-20 16:45:17,1.34623122215271
2025-02-20 16:45:20,1.6575067043304443
2025-02-20 16:45:23,1.9051358699798584
2025-02-20 16:45:26,1.869171142578125
2025-02-20 16:45:29,1.8655273914337158
2025-02-20 16:45:32,1.8553149700164795
2025-02-20 16:45:35,1.8912792205810547
2025-02-20 16:45:38,2.1132936477661133
2025-02-20 16:45:41,1.2641844749450684
2025-02-20 16:45:43,1.250500202178955
2025-02-20 16:45:45,1.2663257122039795
2025-02-20 16:45:47,1.2636914253234863
2025-02-20 16:45:49,1.2593765258789062
2025-02-20 16:45:52,1.401984453201294
2025-02-20 16:45:54,1.3056836128234863
2025-02-20 16:45:56,1.4080772399902344
2025-02-20 16:45:58,1.2761428356170654
2025-02-20 16:46:00,1.28999924659729
2025-02-20 16:46:03,1.2768304347991943
2025-02-20 16:46:05,1.2885136604309082
2025-02-20 16:46:07,1.3036658763885498
2025-02-20 16:46:09,1.321038007736206
2025-02-20 16:46:11,1.3023042678833008
2025-02-20 16:46:13,1.3057434558868408
2025-02-20 16:46:15,1.3237440586090088
2025-02-20 16:46:18,1.4252219200134277
2025-02-20 16:46:20,1.5681354999542236
2025-02-20 16:46:22,1.5399837493896484
2025-02-20 16:46:25,1.5501134395599365
2025-02-20 16:46:27,1.544748067855835
2025-02-20 16:46:30,1.5532846450805664
2025-02-20 16:46:32,1.6785063743591309
2025-02-20 16:46:35,2.180037021636963
2025-02-20 16:46:39,2.015976905822754
2025-02-20 16:46:42,2.0098917484283447
2025-02-20 16:46:45,1.9619922637939453
2025-02-20 16:46:49,1.9712245464324951
2025-02-20 16:46:52,1.8108434677124023
2025-02-20 16:46:54,1.3159542083740234
2025-02-20 16:46:57,1.311429500579834
