2025-02-20 16:04:21,0.2791452407836914
2025-02-20 16:04:22,0.03918123245239258
2025-02-20 16:04:24,0.03683280944824219
2025-02-20 16:04:25,0.03697943687438965
2025-02-20 16:04:27,0.03738236427307129
2025-02-20 16:04:28,0.03701591491699219
2025-02-20 16:04:30,0.036104440689086914
2025-02-20 16:04:30,0.03605008125305176
2025-02-20 16:04:33,0.03632998466491699
2025-02-20 16:04:33,0.03613901138305664
2025-02-20 16:04:35,0.036314964294433594
2025-02-20 16:04:36,0.03619575500488281
2025-02-20 16:04:38,0.03631329536437988
2025-02-20 16:04:38,0.036398887634277344
2025-02-20 16:04:41,0.03648066520690918
2025-02-20 16:04:41,0.03664708137512207
2025-02-20 16:04:43,0.036329030990600586
2025-02-20 16:04:44,0.03626537322998047
2025-02-20 16:04:46,0.03623390197753906
2025-02-20 16:04:46,0.03614974021911621
2025-02-20 16:04:49,0.03655815124511719
2025-02-20 16:04:49,0.036321163177490234
2025-02-20 16:04:51,0.03675055503845215
2025-02-20 16:04:52,0.037401437759399414
2025-02-20 16:04:54,0.03661918640136719
2025-02-20 16:04:55,0.036102294921875
2025-02-20 16:04:57,0.03639578819274902
2025-02-20 16:04:57,0.03636455535888672
2025-02-20 16:05:00,0.0364682674407959
2025-02-20 16:05:00,0.03618264198303223
2025-02-20 16:05:03,0.036359310150146484
2025-02-20 16:05:03,0.03641104698181152
2025-02-20 16:05:06,0.03678774833679199
2025-02-20 16:05:06,0.03653836250305176
2025-02-20 16:05:09,0.03652477264404297
2025-02-20 16:05:09,0.03657674789428711
2025-02-20 16:05:12,0.036569833755493164
2025-02-20 16:05:12,0.036589860916137695
2025-02-20 16:05:14,0.03625202178955078
2025-02-20 16:05:15,0.03604531288146973
2025-02-20 16:05:17,0.03667497634887695
2025-02-20 16:05:17,0.03602266311645508
2025-02-20 16:05:20,0.03619575500488281
2025-02-20 16:05:20,0.036534786224365234
2025-02-20 16:05:23,0.03615903854370117
2025-02-20 16:05:23,0.03627634048461914
2025-02-20 16:05:26,0.03625822067260742
2025-02-20 16:05:27,0.03626894950866699
2025-02-20 16:05:29,0.0366973876953125
2025-02-20 16:05:29,0.03649330139160156
2025-02-20 16:05:32,0.03655195236206055
2025-02-20 16:05:32,0.03640341758728027
2025-02-20 16:05:35,0.036470890045166016
2025-02-20 16:05:35,0.036485910415649414
2025-02-20 16:05:38,0.036421775817871094
2025-02-20 16:05:38,0.036237478256225586
2025-02-20 16:05:41,0.03668618202209473
2025-02-20 16:05:41,0.03637266159057617
2025-02-20 16:05:44,0.03648972511291504
2025-02-20 16:05:44,0.036290884017944336
2025-02-20 16:05:47,0.03635668754577637
2025-02-20 16:05:47,0.03630495071411133
2025-02-20 16:05:50,0.036463260650634766
2025-02-20 16:05:50,0.03637504577636719
2025-02-20 16:05:53,0.036420583724975586
2025-02-20 16:05:53,0.03618025779724121
2025-02-20 16:05:55,0.0364079475402832
2025-02-20 16:05:56,0.03661203384399414
2025-02-20 16:05:58,0.036524057388305664
2025-02-20 16:05:58,0.03628659248352051
2025-02-20 16:06:01,0.03704023361206055
2025-02-20 16:06:01,0.03672981262207031
2025-02-20 16:06:03,0.036322832107543945
2025-02-20 16:06:04,0.036092281341552734
2025-02-20 16:06:06,0.036402225494384766
2025-02-20 16:06:07,0.03643178939819336
2025-02-20 16:06:09,0.03649282455444336
2025-02-20 16:06:10,0.03636503219604492
2025-02-20 16:06:13,0.03665924072265625
2025-02-20 16:06:13,0.03638648986816406
2025-02-20 16:06:17,0.03679680824279785
2025-02-20 16:06:17,0.036630868911743164
2025-02-20 16:06:20,0.03708934783935547
2025-02-20 16:06:21,0.0365447998046875
2025-02-20 16:06:24,0.03688788414001465
2025-02-20 16:06:25,0.036603689193725586
2025-02-20 16:06:29,0.037285566329956055
2025-02-20 16:06:29,0.03642988204956055
2025-02-20 16:06:33,0.03692889213562012
2025-02-20 16:06:33,0.03656435012817383
2025-02-20 16:06:35,0.036472320556640625
2025-02-20 16:06:36,0.03622698783874512
2025-02-20 16:06:38,0.03621721267700195
2025-02-20 16:06:38,0.03610801696777344
2025-02-20 16:06:40,0.0363004207611084
2025-02-20 16:06:41,0.03623652458190918
2025-02-20 16:06:43,0.03640866279602051
2025-02-20 16:06:43,0.036304473876953125
2025-02-20 16:06:45,0.03623461723327637
2025-02-20 16:06:45,0.03609895706176758
2025-02-20 16:06:48,0.03622007369995117
2025-02-20 16:06:48,0.03597760200500488
2025-02-20 16:06:50,0.03622126579284668
2025-02-20 16:06:51,0.03631925582885742
2025-02-20 16:06:53,0.036338090896606445
2025-02-20 16:06:53,0.036426544189453125
2025-02-20 16:06:55,0.03633522987365723
2025-02-20 16:06:56,0.03605842590332031
2025-02-20 16:06:58,0.03623652458190918
2025-02-20 16:06:58,0.03607821464538574
2025-02-20 16:07:00,0.03618431091308594
2025-02-20 16:07:01,0.036142826080322266
2025-02-20 16:07:03,0.03624558448791504
2025-02-20 16:07:03,0.03603363037109375
2025-02-20 16:07:05,0.03652191162109375
2025-02-20 16:07:06,0.036058902740478516
2025-02-20 16:07:08,0.03616070747375488
2025-02-20 16:07:08,0.03619694709777832
2025-02-20 16:07:10,0.03626728057861328
2025-02-20 16:07:11,0.036141395568847656
2025-02-20 16:07:13,0.03617382049560547
2025-02-20 16:07:13,0.0361628532409668
2025-02-20 16:07:15,0.03647470474243164
2025-02-20 16:07:16,0.0361788272857666
2025-02-20 16:07:18,0.03622913360595703
2025-02-20 16:07:18,0.03600192070007324
2025-02-20 16:07:20,0.03622007369995117
2025-02-20 16:07:21,0.03600168228149414
2025-02-20 16:07:23,0.03609347343444824
2025-02-20 16:07:23,0.036116838455200195
2025-02-20 16:07:25,0.036191463470458984
2025-02-20 16:07:25,0.03611612319946289
2025-02-20 16:07:28,0.0362391471862793
2025-02-20 16:07:28,0.03658485412597656
2025-02-20 16:07:30,0.03621864318847656
2025-02-20 16:07:30,0.03608393669128418
2025-02-20 16:07:32,0.03614234924316406
2025-02-20 16:07:33,0.03618979454040527
2025-02-20 16:07:36,0.036919593811035156
2025-02-20 16:07:36,0.03902411460876465
2025-02-20 16:07:39,0.03752398490905762
2025-02-20 16:07:40,0.03694510459899902
2025-02-20 16:07:42,0.037070512771606445
2025-02-20 16:07:43,0.03662276268005371
2025-02-20 16:07:46,0.037084341049194336
2025-02-20 16:07:46,0.0365297794342041
2025-02-20 16:07:49,0.03720378875732422
2025-02-20 16:07:49,0.03655409812927246
2025-02-20 16:07:52,0.03690767288208008
2025-02-20 16:07:53,0.03655552864074707
2025-02-20 16:07:56,0.037218332290649414
2025-02-20 16:07:56,0.03679347038269043
2025-02-20 16:07:59,0.03689122200012207
2025-02-20 16:07:59,0.03610658645629883
2025-02-20 16:08:01,0.03650522232055664
2025-02-20 16:08:02,0.03635239601135254
2025-02-20 16:08:04,0.036507606506347656
2025-02-20 16:08:04,0.036194562911987305
2025-02-20 16:08:06,0.036315202713012695
2025-02-20 16:08:06,0.03608822822570801
2025-02-20 16:08:08,0.036371707916259766
2025-02-20 16:08:09,0.03632354736328125
2025-02-20 16:08:11,0.03656339645385742
2025-02-20 16:08:11,0.0367276668548584
2025-02-20 16:08:13,0.03634762763977051
2025-02-20 16:08:13,0.03621363639831543
2025-02-20 16:08:16,0.036229610443115234
2025-02-20 16:08:16,0.03649449348449707
2025-02-20 16:08:18,0.03614974021911621
2025-02-20 16:08:19,0.03621482849121094
2025-02-20 16:08:21,0.036193132400512695
2025-02-20 16:08:21,0.036202192306518555
2025-02-20 16:08:23,0.036269426345825195
2025-02-20 16:08:24,0.03618478775024414
2025-02-20 16:08:26,0.03646373748779297
2025-02-20 16:08:26,0.03616690635681152
2025-02-20 16:08:28,0.03635382652282715
2025-02-20 16:08:29,0.036353349685668945
2025-02-20 16:08:31,0.03641319274902344
2025-02-20 16:08:31,0.036386728286743164
2025-02-20 16:08:34,0.036400794982910156
2025-02-20 16:08:34,0.03635597229003906
2025-02-20 16:08:36,0.03638482093811035
2025-02-20 16:08:36,0.0362696647644043
2025-02-20 16:08:39,0.036302804946899414
2025-02-20 16:08:39,0.03626847267150879
2025-02-20 16:08:41,0.03646421432495117
2025-02-20 16:08:41,0.03617143630981445
2025-02-20 16:08:43,0.03633618354797363
2025-02-20 16:08:44,0.036229848861694336
2025-02-20 16:08:46,0.03653597831726074
2025-02-20 16:08:46,0.036183834075927734
2025-02-20 16:08:48,0.03674888610839844
2025-02-20 16:08:48,0.0362856388092041
2025-02-20 16:08:50,0.03640341758728027
2025-02-20 16:08:51,0.03625297546386719
2025-02-20 16:08:53,0.03633713722229004
2025-02-20 16:08:53,0.03620100021362305
2025-02-20 16:08:55,0.03618931770324707
2025-02-20 16:08:55,0.0361485481262207
2025-02-20 16:08:57,0.03628873825073242
2025-02-20 16:08:58,0.036141395568847656
2025-02-20 16:09:00,0.03611922264099121
2025-02-20 16:09:00,0.03620505332946777
2025-02-20 16:09:02,0.03623700141906738
2025-02-20 16:09:03,0.03604316711425781
2025-02-20 16:09:05,0.037097930908203125
2025-02-20 16:09:06,0.03632378578186035
2025-02-20 16:09:09,0.03730893135070801
2025-02-20 16:09:09,0.03674769401550293
2025-02-20 16:09:12,0.03689408302307129
2025-02-20 16:09:12,0.036313772201538086
2025-02-20 16:09:15,0.03693699836730957
2025-02-20 16:09:16,0.03661394119262695
2025-02-20 16:09:19,0.03717494010925293
2025-02-20 16:09:19,0.03706216812133789
2025-02-20 16:09:22,0.037055015563964844
2025-02-20 16:09:23,0.036881208419799805
2025-02-20 16:09:26,0.0369718074798584
2025-02-20 16:09:26,0.03646588325500488
2025-02-20 16:09:29,0.03738903999328613
2025-02-20 16:09:30,0.03654813766479492
2025-02-20 16:09:32,0.036272287368774414
2025-02-20 16:09:32,0.03652024269104004
2025-02-20 16:09:34,0.03658461570739746
2025-02-20 16:09:35,0.03629326820373535
2025-02-20 16:09:37,0.036484718322753906
2025-02-20 16:09:37,0.03622031211853027
2025-02-20 16:09:39,0.03621339797973633
2025-02-20 16:09:39,0.03618574142456055
2025-02-20 16:09:42,0.036513328552246094
2025-02-20 16:09:42,0.03614163398742676
2025-02-20 16:09:44,0.03671836853027344
2025-02-20 16:09:44,0.03646683692932129
2025-02-20 16:09:46,0.03649306297302246
2025-02-20 16:09:47,0.036427974700927734
2025-02-20 16:09:49,0.036425113677978516
2025-02-20 16:09:49,0.03634786605834961
2025-02-20 16:09:51,0.03636908531188965
2025-02-20 16:09:51,0.03634381294250488
2025-02-20 16:09:53,0.036371469497680664
2025-02-20 16:09:54,0.03636431694030762
2025-02-20 16:09:56,0.03644156455993652
2025-02-20 16:09:56,0.03621625900268555
2025-02-20 16:09:58,0.03619527816772461
2025-02-20 16:09:59,0.03640913963317871
2025-02-20 16:10:01,0.036513566970825195
2025-02-20 16:10:01,0.036530494689941406
2025-02-20 16:10:03,0.036223649978637695
2025-02-20 16:10:03,0.03614544868469238
2025-02-20 16:10:05,0.0364527702331543
2025-02-20 16:10:06,0.03639483451843262
2025-02-20 16:10:08,0.036534786224365234
2025-02-20 16:10:08,0.036226749420166016
2025-02-20 16:10:10,0.03640580177307129
2025-02-20 16:10:11,0.03713560104370117
2025-02-20 16:10:13,0.03637504577636719
2025-02-20 16:10:13,0.03615713119506836
2025-02-20 16:10:16,0.03626227378845215
2025-02-20 16:10:16,0.03636002540588379
2025-02-20 16:10:19,0.03716254234313965
2025-02-20 16:10:19,0.03928875923156738
2025-02-20 16:10:22,0.03714919090270996
2025-02-20 16:10:22,0.03767871856689453
2025-02-20 16:10:25,0.03675413131713867
2025-02-20 16:10:26,0.03650355339050293
2025-02-20 16:10:29,0.0365452766418457
2025-02-20 16:10:30,0.03661346435546875
2025-02-20 16:10:33,0.03706097602844238
2025-02-20 16:10:33,0.037786245346069336
2025-02-20 16:10:37,0.036872148513793945
2025-02-20 16:10:37,0.03662538528442383
2025-02-20 16:10:41,0.03677058219909668
2025-02-20 16:10:41,0.036620140075683594
2025-02-20 16:10:45,0.0385892391204834
2025-02-20 16:10:46,0.03771090507507324
2025-02-20 16:10:51,0.03777456283569336
2025-02-20 16:10:51,0.03754019737243652
2025-02-20 16:10:56,0.037276268005371094
2025-02-20 16:10:56,0.03708219528198242
2025-02-20 16:11:01,0.03659248352050781
2025-02-20 16:11:01,0.036444664001464844
2025-02-20 16:11:04,0.036525726318359375
2025-02-20 16:11:04,0.03645634651184082
2025-02-20 16:11:07,0.036890506744384766
2025-02-20 16:11:08,0.03905892372131348
2025-02-20 16:11:10,0.03649497032165527
2025-02-20 16:11:10,0.03668570518493652
2025-02-20 16:11:12,0.036318302154541016
2025-02-20 16:11:13,0.03650927543640137
2025-02-20 16:11:15,0.03657889366149902
2025-02-20 16:11:15,0.03640246391296387
2025-02-20 16:11:17,0.036338090896606445
2025-02-20 16:11:17,0.036355018615722656
2025-02-20 16:11:20,0.0362548828125
2025-02-20 16:11:20,0.036242008209228516
2025-02-20 16:11:22,0.03674912452697754
2025-02-20 16:11:23,0.0362699031829834
2025-02-20 16:11:25,0.03653526306152344
2025-02-20 16:11:25,0.036510467529296875
2025-02-20 16:11:27,0.03651285171508789
2025-02-20 16:11:28,0.03630471229553223
2025-02-20 16:11:30,0.036466360092163086
2025-02-20 16:11:30,0.036245107650756836
2025-02-20 16:11:32,0.03630542755126953
2025-02-20 16:11:32,0.03618288040161133
2025-02-20 16:11:34,0.03611445426940918
2025-02-20 16:11:35,0.03620171546936035
2025-02-20 16:11:37,0.03656721115112305
2025-02-20 16:11:37,0.036158084869384766
2025-02-20 16:11:40,0.03612470626831055
2025-02-20 16:11:40,0.0361940860748291
2025-02-20 16:11:42,0.036435842514038086
2025-02-20 16:11:42,0.036110639572143555
2025-02-20 16:11:45,0.03629493713378906
2025-02-20 16:11:45,0.03635740280151367
2025-02-20 16:11:48,0.03620123863220215
2025-02-20 16:11:48,0.0361475944519043
2025-02-20 16:11:50,0.03638434410095215
2025-02-20 16:11:51,0.036244869232177734
2025-02-20 16:11:53,0.03653311729431152
2025-02-20 16:11:54,0.036164045333862305
2025-02-20 16:11:56,0.03658461570739746
2025-02-20 16:11:57,0.03616809844970703
2025-02-20 16:11:59,0.03641390800476074
2025-02-20 16:11:59,0.03620100021362305
2025-02-20 16:12:02,0.03640270233154297
2025-02-20 16:12:02,0.03598904609680176
2025-02-20 16:12:04,0.036406755447387695
2025-02-20 16:12:04,0.036180973052978516
2025-02-20 16:12:07,0.03634786605834961
2025-02-20 16:12:07,0.03610491752624512
2025-02-20 16:12:09,0.03645730018615723
2025-02-20 16:12:10,0.03627753257751465
2025-02-20 16:12:12,0.036580562591552734
2025-02-20 16:12:13,0.03635835647583008
2025-02-20 16:12:16,0.03702116012573242
2025-02-20 16:12:16,0.03689312934875488
2025-02-20 16:12:19,0.03755307197570801
2025-02-20 16:12:20,0.03709769248962402
2025-02-20 16:12:23,0.03702044486999512
2025-02-20 16:12:23,0.03650665283203125
2025-02-20 16:12:26,0.036539554595947266
2025-02-20 16:12:26,0.03638148307800293
2025-02-20 16:12:28,0.03629350662231445
2025-02-20 16:12:29,0.036301612854003906
2025-02-20 16:12:31,0.03639793395996094
2025-02-20 16:12:31,0.0361781120300293
2025-02-20 16:12:34,0.03650331497192383
2025-02-20 16:12:34,0.036353111267089844
2025-02-20 16:12:36,0.0373539924621582
2025-02-20 16:12:36,0.03636598587036133
2025-02-20 16:12:39,0.03624844551086426
2025-02-20 16:12:39,0.03630781173706055
2025-02-20 16:12:41,0.03648185729980469
2025-02-20 16:12:41,0.03638148307800293
2025-02-20 16:12:44,0.03673815727233887
2025-02-20 16:12:44,0.03634381294250488
2025-02-20 16:12:46,0.03663229942321777
2025-02-20 16:12:46,0.03648066520690918
2025-02-20 16:12:49,0.03650212287902832
2025-02-20 16:12:49,0.036470651626586914
2025-02-20 16:12:51,0.03655719757080078
2025-02-20 16:12:52,0.03660774230957031
2025-02-20 16:12:54,0.03629326820373535
2025-02-20 16:12:54,0.036843061447143555
2025-02-20 16:12:56,0.036334991455078125
2025-02-20 16:12:57,0.03629446029663086
2025-02-20 16:12:59,0.03638815879821777
2025-02-20 16:12:59,0.0363771915435791
2025-02-20 16:13:01,0.0363163948059082
2025-02-20 16:13:02,0.03616595268249512
2025-02-20 16:13:04,0.03622031211853027
2025-02-20 16:13:04,0.03608059883117676
2025-02-20 16:13:06,0.036604881286621094
2025-02-20 16:13:07,0.036309242248535156
2025-02-20 16:13:09,0.03624153137207031
2025-02-20 16:13:09,0.03645586967468262
2025-02-20 16:13:12,0.036346435546875
2025-02-20 16:13:12,0.03625798225402832
2025-02-20 16:13:16,0.036707162857055664
2025-02-20 16:13:16,0.03660297393798828
2025-02-20 16:13:19,0.03663349151611328
2025-02-20 16:13:20,0.03647470474243164
2025-02-20 16:13:23,0.036672115325927734
2025-02-20 16:13:23,0.036379337310791016
2025-02-20 16:13:25,0.03739571571350098
2025-02-20 16:13:26,0.03644895553588867
2025-02-20 16:13:28,0.036951303482055664
2025-02-20 16:13:29,0.0366361141204834
2025-02-20 16:13:32,0.037302494049072266
2025-02-20 16:13:32,0.03651142120361328
2025-02-20 16:13:35,0.037171125411987305
2025-02-20 16:13:35,0.03732013702392578
2025-02-20 16:13:38,0.03703188896179199
2025-02-20 16:13:39,0.03684568405151367
2025-02-20 16:13:41,0.036858320236206055
2025-02-20 16:13:42,0.036455631256103516
2025-02-20 16:13:45,0.0369412899017334
2025-02-20 16:13:45,0.03638625144958496
2025-02-20 16:13:48,0.03690910339355469
2025-02-20 16:13:48,0.036505937576293945
2025-02-20 16:13:50,0.03654742240905762
2025-02-20 16:13:51,0.03613471984863281
2025-02-20 16:13:52,0.03648877143859863
2025-02-20 16:13:53,0.036355018615722656
2025-02-20 16:13:55,0.036469459533691406
2025-02-20 16:13:55,0.03626108169555664
2025-02-20 16:13:57,0.03658699989318848
2025-02-20 16:13:57,0.036220550537109375
2025-02-20 16:13:59,0.03620314598083496
2025-02-20 16:14:00,0.03615117073059082
2025-02-20 16:14:02,0.03618764877319336
2025-02-20 16:14:02,0.03608107566833496
2025-02-20 16:14:04,0.0362086296081543
2025-02-20 16:14:04,0.03613638877868652
2025-02-20 16:14:06,0.036286115646362305
2025-02-20 16:14:06,0.036142826080322266
2025-02-20 16:14:08,0.0362706184387207
2025-02-20 16:14:08,0.036245107650756836
2025-02-20 16:14:10,0.03615427017211914
2025-02-20 16:14:11,0.03602743148803711
2025-02-20 16:14:13,0.03623366355895996
2025-02-20 16:14:13,0.036064863204956055
2025-02-20 16:14:15,0.036222219467163086
2025-02-20 16:14:15,0.036086082458496094
2025-02-20 16:14:17,0.03615856170654297
2025-02-20 16:14:17,0.036119937896728516
2025-02-20 16:14:19,0.03646278381347656
2025-02-20 16:14:20,0.03616166114807129
2025-02-20 16:14:22,0.03632855415344238
2025-02-20 16:14:22,0.036693572998046875
2025-02-20 16:14:24,0.03626441955566406
2025-02-20 16:14:24,0.036101341247558594
2025-02-20 16:14:27,0.036450862884521484
2025-02-20 16:14:27,0.036150217056274414
2025-02-20 16:14:29,0.036191463470458984
2025-02-20 16:14:29,0.03615617752075195
2025-02-20 16:14:31,0.03627586364746094
2025-02-20 16:14:31,0.03613686561584473
2025-02-20 16:14:33,0.03647327423095703
2025-02-20 16:14:33,0.03606605529785156
2025-02-20 16:14:35,0.036252737045288086
2025-02-20 16:14:36,0.03633594512939453
2025-02-20 16:14:38,0.03631305694580078
2025-02-20 16:14:38,0.036086320877075195
2025-02-20 16:14:40,0.03969097137451172
2025-02-20 16:14:40,0.03892850875854492
2025-02-20 16:14:43,0.039157867431640625
2025-02-20 16:14:43,0.038787126541137695
2025-02-20 16:14:46,0.03902626037597656
2025-02-20 16:14:46,0.03878021240234375
2025-02-20 16:14:49,0.03924059867858887
2025-02-20 16:14:49,0.03866744041442871
2025-02-20 16:14:52,0.039392709732055664
2025-02-20 16:14:53,0.03925037384033203
2025-02-20 16:14:56,0.039298057556152344
2025-02-20 16:14:56,0.03875470161437988
2025-02-20 16:14:59,0.03863811492919922
2025-02-20 16:14:59,0.038147687911987305
2025-02-20 16:15:02,0.03845405578613281
2025-02-20 16:15:02,0.03824567794799805
2025-02-20 16:15:05,0.03859901428222656
2025-02-20 16:15:05,0.038046836853027344
2025-02-20 16:15:08,0.03863334655761719
2025-02-20 16:15:08,0.037824153900146484
2025-02-20 16:15:10,0.037322044372558594
2025-02-20 16:15:10,0.03716301918029785
2025-02-20 16:15:12,0.03612375259399414
2025-02-20 16:15:13,0.03636455535888672
2025-02-20 16:15:15,0.03618788719177246
2025-02-20 16:15:15,0.03616070747375488
2025-02-20 16:15:17,0.03632998466491699
2025-02-20 16:15:17,0.036360979080200195
2025-02-20 16:15:19,0.036316871643066406
2025-02-20 16:15:20,0.03629565238952637
2025-02-20 16:15:22,0.03644442558288574
2025-02-20 16:15:22,0.03649616241455078
2025-02-20 16:15:24,0.03632998466491699
2025-02-20 16:15:24,0.03628134727478027
2025-02-20 16:15:27,0.036429405212402344
2025-02-20 16:15:27,0.03702878952026367
2025-02-20 16:15:29,0.036355018615722656
2025-02-20 16:15:29,0.03630566596984863
2025-02-20 16:15:31,0.036414384841918945
2025-02-20 16:15:32,0.03647971153259277
2025-02-20 16:15:34,0.03630709648132324
2025-02-20 16:15:34,0.03641366958618164
2025-02-20 16:15:36,0.036511898040771484
2025-02-20 16:15:36,0.03635382652282715
2025-02-20 16:15:39,0.03638863563537598
2025-02-20 16:15:39,0.0363004207611084
2025-02-20 16:15:41,0.03638720512390137
2025-02-20 16:15:42,0.036305904388427734
2025-02-20 16:15:44,0.03623557090759277
2025-02-20 16:15:44,0.036272525787353516
2025-02-20 16:15:47,0.03665661811828613
2025-02-20 16:15:47,0.036737680435180664
2025-02-20 16:15:49,0.036498308181762695
2025-02-20 16:15:50,0.03634357452392578
2025-02-20 16:15:52,0.03664422035217285
2025-02-20 16:15:53,0.036356449127197266
2025-02-20 16:15:56,0.03698587417602539
2025-02-20 16:15:56,0.036649227142333984
2025-02-20 16:16:00,0.03695869445800781
2025-02-20 16:16:01,0.036820411682128906
2025-02-20 16:16:05,0.0369412899017334
2025-02-20 16:16:05,0.03672456741333008
2025-02-20 16:16:10,0.037210702896118164
2025-02-20 16:16:10,0.03771662712097168
2025-02-20 16:16:15,0.03692746162414551
2025-02-20 16:16:15,0.036676883697509766
2025-02-20 16:16:19,0.03707599639892578
2025-02-20 16:16:20,0.03652071952819824
2025-02-20 16:16:23,0.0369565486907959
2025-02-20 16:16:23,0.03638863563537598
2025-02-20 16:16:26,0.0369720458984375
2025-02-20 16:16:27,0.03637814521789551
2025-02-20 16:16:29,0.03619527816772461
2025-02-20 16:16:29,0.036194801330566406
2025-02-20 16:16:32,0.036226511001586914
2025-02-20 16:16:32,0.03623819351196289
2025-02-20 16:16:34,0.0362398624420166
2025-02-20 16:16:35,0.03604865074157715
2025-02-20 16:16:37,0.03614091873168945
2025-02-20 16:16:37,0.03654146194458008
2025-02-20 16:16:39,0.036473751068115234
2025-02-20 16:16:39,0.036043643951416016
2025-02-20 16:16:42,0.03608846664428711
2025-02-20 16:16:42,0.03654003143310547
2025-02-20 16:16:44,0.03621363639831543
2025-02-20 16:16:44,0.036203622817993164
2025-02-20 16:16:46,0.03652167320251465
2025-02-20 16:16:47,0.03630185127258301
2025-02-20 16:16:49,0.03641915321350098
2025-02-20 16:16:49,0.0362391471862793
2025-02-20 16:16:51,0.0368499755859375
2025-02-20 16:16:52,0.03670215606689453
2025-02-20 16:16:54,0.03614187240600586
2025-02-20 16:16:54,0.03613686561584473
2025-02-20 16:16:56,0.03613567352294922
2025-02-20 16:16:57,0.03614068031311035
2025-02-20 16:16:59,0.03619790077209473
2025-02-20 16:16:59,0.03619194030761719
2025-02-20 16:17:01,0.03621792793273926
2025-02-20 16:17:02,0.036185264587402344
2025-02-20 16:17:04,0.03623032569885254
2025-02-20 16:17:04,0.03609871864318848
2025-02-20 16:17:07,0.03615522384643555
2025-02-20 16:17:07,0.03640866279602051
2025-02-20 16:17:09,0.03632760047912598
2025-02-20 16:17:09,0.036110877990722656
2025-02-20 16:17:11,0.03618121147155762
2025-02-20 16:17:12,0.03612065315246582
2025-02-20 16:17:14,0.03620195388793945
2025-02-20 16:17:14,0.03650093078613281
2025-02-20 16:17:16,0.03641653060913086
2025-02-20 16:17:17,0.036202192306518555
2025-02-20 16:17:19,0.03706479072570801
2025-02-20 16:17:20,0.036586761474609375
2025-02-20 16:17:22,0.03813362121582031
2025-02-20 16:17:23,0.03671383857727051
2025-02-20 16:17:26,0.03703594207763672
2025-02-20 16:17:26,0.03654193878173828
2025-02-20 16:17:29,0.03704500198364258
2025-02-20 16:17:29,0.03646969795227051
2025-02-20 16:17:32,0.03713822364807129
2025-02-20 16:17:32,0.03650617599487305
2025-02-20 16:17:35,0.03700566291809082
2025-02-20 16:17:35,0.03684544563293457
2025-02-20 16:17:39,0.037729740142822266
2025-02-20 16:17:39,0.03674602508544922
2025-02-20 16:17:42,0.037392377853393555
2025-02-20 16:17:43,0.03694438934326172
2025-02-20 16:17:45,0.03643369674682617
2025-02-20 16:17:46,0.03658294677734375
2025-02-20 16:17:48,0.03638315200805664
2025-02-20 16:17:48,0.036309003829956055
2025-02-20 16:17:50,0.03649592399597168
2025-02-20 16:17:50,0.03628277778625488
2025-02-20 16:17:53,0.03635430335998535
2025-02-20 16:17:53,0.036383867263793945
2025-02-20 16:17:55,0.03701639175415039
2025-02-20 16:17:55,0.03606009483337402
2025-02-20 16:17:57,0.036157846450805664
2025-02-20 16:17:58,0.03612184524536133
2025-02-20 16:18:00,0.03618955612182617
2025-02-20 16:18:00,0.03608989715576172
2025-02-20 16:18:02,0.03627586364746094
2025-02-20 16:18:02,0.03628826141357422
2025-02-20 16:18:04,0.03621697425842285
2025-02-20 16:18:05,0.03606104850769043
2025-02-20 16:18:07,0.03625202178955078
2025-02-20 16:18:07,0.03615164756774902
2025-02-20 16:18:09,0.03643345832824707
2025-02-20 16:18:09,0.03637838363647461
2025-02-20 16:18:11,0.03632211685180664
2025-02-20 16:18:12,0.036289215087890625
2025-02-20 16:18:14,0.03897595405578613
2025-02-20 16:18:14,0.03907608985900879
2025-02-20 16:18:16,0.036688804626464844
2025-02-20 16:18:16,0.036599159240722656
2025-02-20 16:18:18,0.03615236282348633
2025-02-20 16:18:19,0.03625774383544922
2025-02-20 16:18:21,0.036812782287597656
2025-02-20 16:18:21,0.03655266761779785
2025-02-20 16:18:24,0.03716468811035156
2025-02-20 16:18:24,0.03646206855773926
2025-02-20 16:18:27,0.036588430404663086
2025-02-20 16:18:27,0.03639364242553711
2025-02-20 16:18:30,0.03724074363708496
2025-02-20 16:18:30,0.03692626953125
2025-02-20 16:18:33,0.036775827407836914
2025-02-20 16:18:34,0.03800463676452637
2025-02-20 16:18:37,0.03782773017883301
2025-02-20 16:18:37,0.036604881286621094
2025-02-20 16:18:41,0.03789687156677246
2025-02-20 16:18:41,0.03676199913024902
2025-02-20 16:18:45,0.03722691535949707
2025-02-20 16:18:45,0.03713393211364746
2025-02-20 16:18:50,0.03728151321411133
2025-02-20 16:18:50,0.03714752197265625
2025-02-20 16:18:54,0.03727579116821289
2025-02-20 16:18:55,0.036914825439453125
2025-02-20 16:18:58,0.037072181701660156
2025-02-20 16:18:59,0.039752960205078125
2025-02-20 16:19:03,0.03730320930480957
2025-02-20 16:19:04,0.03800511360168457
2025-02-20 16:19:06,0.03691220283508301
2025-02-20 16:19:07,0.037984371185302734
2025-02-20 16:19:09,0.036348581314086914
2025-02-20 16:19:09,0.036347389221191406
2025-02-20 16:19:11,0.03639483451843262
2025-02-20 16:19:12,0.036321163177490234
2025-02-20 16:19:14,0.03668045997619629
2025-02-20 16:19:14,0.03703880310058594
2025-02-20 16:19:16,0.036650896072387695
2025-02-20 16:19:16,0.036299705505371094
2025-02-20 16:19:18,0.03625941276550293
2025-02-20 16:19:18,0.03615093231201172
2025-02-20 16:19:20,0.03624582290649414
2025-02-20 16:19:20,0.03618144989013672
2025-02-20 16:19:22,0.03635716438293457
2025-02-20 16:19:22,0.035994768142700195
2025-02-20 16:19:24,0.03658747673034668
2025-02-20 16:19:24,0.03622031211853027
2025-02-20 16:19:26,0.036260366439819336
2025-02-20 16:19:26,0.03610944747924805
2025-02-20 16:19:28,0.03656268119812012
2025-02-20 16:19:28,0.03620147705078125
2025-02-20 16:19:30,0.03759407997131348
2025-02-20 16:19:30,0.03662514686584473
2025-02-20 16:19:33,0.036804914474487305
2025-02-20 16:19:33,0.03718709945678711
2025-02-20 16:19:35,0.03658151626586914
2025-02-20 16:19:35,0.038368940353393555
2025-02-20 16:19:38,0.03667330741882324
2025-02-20 16:19:38,0.03771829605102539
2025-02-20 16:19:40,0.03641176223754883
2025-02-20 16:19:40,0.0364072322845459
2025-02-20 16:19:43,0.03641819953918457
2025-02-20 16:19:43,0.036344289779663086
2025-02-20 16:19:46,0.03932523727416992
2025-02-20 16:19:46,0.039765357971191406
2025-02-20 16:19:48,0.04062938690185547
2025-02-20 16:19:49,0.0394132137298584
2025-02-20 16:19:51,0.03943657875061035
2025-02-20 16:19:52,0.039336204528808594
2025-02-20 16:19:54,0.03937888145446777
2025-02-20 16:19:54,0.03950095176696777
2025-02-20 16:19:57,0.03955078125
2025-02-20 16:19:57,0.03920555114746094
2025-02-20 16:20:00,0.0395052433013916
2025-02-20 16:20:00,0.03974008560180664
2025-02-20 16:20:03,0.04068589210510254
2025-02-20 16:20:03,0.040688514709472656
2025-02-20 16:20:06,0.03942751884460449
2025-02-20 16:20:06,0.03995180130004883
2025-02-20 16:20:08,0.03976845741271973
2025-02-20 16:20:09,0.03967642784118652
2025-02-20 16:20:12,0.04058074951171875
2025-02-20 16:20:12,0.03954887390136719
2025-02-20 16:20:14,0.03992295265197754
2025-02-20 16:20:15,0.03956007957458496
2025-02-20 16:20:17,0.03996872901916504
2025-02-20 16:20:18,0.0393064022064209
2025-02-20 16:20:21,0.04038739204406738
2025-02-20 16:20:21,0.040003061294555664
2025-02-20 16:20:24,0.0412449836730957
2025-02-20 16:20:24,0.04023885726928711
2025-02-20 16:20:28,0.039829254150390625
2025-02-20 16:20:28,0.04069018363952637
2025-02-20 16:20:31,0.04115581512451172
2025-02-20 16:20:31,0.04006338119506836
2025-02-20 16:20:34,0.03993415832519531
2025-02-20 16:20:34,0.039797067642211914
2025-02-20 16:20:36,0.03965926170349121
2025-02-20 16:20:36,0.039220333099365234
2025-02-20 16:20:38,0.03659176826477051
2025-02-20 16:20:38,0.03661799430847168
2025-02-20 16:20:40,0.03674626350402832
2025-02-20 16:20:40,0.0369873046875
2025-02-20 16:20:42,0.03705787658691406
2025-02-20 16:20:42,0.036548614501953125
2025-02-20 16:20:44,0.03656721115112305
2025-02-20 16:20:44,0.03642678260803223
2025-02-20 16:20:46,0.0375216007232666
2025-02-20 16:20:46,0.03677678108215332
2025-02-20 16:20:48,0.036543846130371094
2025-02-20 16:20:49,0.036344051361083984
2025-02-20 16:20:51,0.03635859489440918
2025-02-20 16:20:51,0.036284446716308594
2025-02-20 16:20:53,0.03626227378845215
2025-02-20 16:20:53,0.03636360168457031
2025-02-20 16:20:56,0.03634142875671387
2025-02-20 16:20:56,0.03643369674682617
2025-02-20 16:20:58,0.03643655776977539
2025-02-20 16:20:58,0.03670907020568848
2025-02-20 16:21:00,0.03628826141357422
2025-02-20 16:21:00,0.03635358810424805
2025-02-20 16:21:02,0.03628230094909668
2025-02-20 16:21:02,0.03608560562133789
2025-02-20 16:21:04,0.036049604415893555
2025-02-20 16:21:04,0.036069631576538086
2025-02-20 16:21:06,0.03612232208251953
2025-02-20 16:21:06,0.036234140396118164
2025-02-20 16:21:08,0.03613090515136719
2025-02-20 16:21:08,0.03612947463989258
2025-02-20 16:21:10,0.03872823715209961
2025-02-20 16:21:10,0.03884720802307129
2025-02-20 16:21:12,0.038973331451416016
2025-02-20 16:21:12,0.03882956504821777
2025-02-20 16:21:14,0.039176225662231445
2025-02-20 16:21:14,0.03894472122192383
2025-02-20 16:21:16,0.03639864921569824
2025-02-20 16:21:16,0.03621339797973633
2025-02-20 16:21:19,0.0365293025970459
2025-02-20 16:21:19,0.03644967079162598
2025-02-20 16:21:21,0.03653240203857422
2025-02-20 16:21:21,0.03643059730529785
2025-02-20 16:21:23,0.03657674789428711
2025-02-20 16:21:23,0.03647446632385254
2025-02-20 16:21:25,0.036685943603515625
2025-02-20 16:21:25,0.036481618881225586
2025-02-20 16:21:27,0.0365757942199707
2025-02-20 16:21:27,0.03644704818725586
2025-02-20 16:21:29,0.03653740882873535
2025-02-20 16:21:29,0.036354780197143555
2025-02-20 16:21:31,0.0365447998046875
2025-02-20 16:21:31,0.03620767593383789
2025-02-20 16:21:34,0.0365605354309082
2025-02-20 16:21:34,0.03646969795227051
2025-02-20 16:21:36,0.03648686408996582
2025-02-20 16:21:36,0.036287546157836914
2025-02-20 16:21:38,0.03641700744628906
2025-02-20 16:21:38,0.03641653060913086
2025-02-20 16:21:40,0.03658938407897949
2025-02-20 16:21:41,0.03630208969116211
2025-02-20 16:21:43,0.03669929504394531
2025-02-20 16:21:43,0.03636479377746582
2025-02-20 16:21:45,0.03677177429199219
2025-02-20 16:21:46,0.03653216361999512
2025-02-20 16:21:48,0.036978960037231445
2025-02-20 16:21:48,0.03653430938720703
2025-02-20 16:21:51,0.03688192367553711
2025-02-20 16:21:51,0.03659391403198242
2025-02-20 16:21:54,0.03691506385803223
2025-02-20 16:21:54,0.036670684814453125
2025-02-20 16:21:57,0.037532806396484375
2025-02-20 16:21:57,0.037072181701660156
2025-02-20 16:21:59,0.03645944595336914
2025-02-20 16:22:00,0.03633713722229004
2025-02-20 16:22:01,0.03649401664733887
2025-02-20 16:22:02,0.036158084869384766
2025-02-20 16:22:03,0.03635692596435547
2025-02-20 16:22:04,0.036295413970947266
2025-02-20 16:22:05,0.03625321388244629
2025-02-20 16:22:06,0.03609967231750488
2025-02-20 16:22:08,0.036273956298828125
2025-02-20 16:22:08,0.03621339797973633
2025-02-20 16:22:10,0.036356210708618164
2025-02-20 16:22:10,0.0361480712890625
2025-02-20 16:22:12,0.03634285926818848
2025-02-20 16:22:13,0.03616476058959961
2025-02-20 16:22:15,0.036211252212524414
2025-02-20 16:22:15,0.03615164756774902
2025-02-20 16:22:17,0.03613424301147461
2025-02-20 16:22:17,0.0361485481262207
2025-02-20 16:22:19,0.036299705505371094
2025-02-20 16:22:19,0.03618502616882324
2025-02-20 16:22:21,0.036264896392822266
2025-02-20 16:22:22,0.036355018615722656
2025-02-20 16:22:24,0.03631091117858887
2025-02-20 16:22:24,0.036472320556640625
2025-02-20 16:22:26,0.03631901741027832
2025-02-20 16:22:26,0.036261796951293945
2025-02-20 16:22:28,0.037052154541015625
2025-02-20 16:22:28,0.036380767822265625
2025-02-20 16:22:30,0.036353349685668945
2025-02-20 16:22:31,0.03634309768676758
2025-02-20 16:22:33,0.03635668754577637
2025-02-20 16:22:33,0.03639984130859375
2025-02-20 16:22:35,0.036383628845214844
2025-02-20 16:22:35,0.03623652458190918
2025-02-20 16:22:37,0.0362858772277832
2025-02-20 16:22:37,0.03618264198303223
2025-02-20 16:22:39,0.03628897666931152
2025-02-20 16:22:40,0.03619074821472168
2025-02-20 16:22:42,0.036334991455078125
2025-02-20 16:22:42,0.03625130653381348
2025-02-20 16:22:44,0.03641390800476074
2025-02-20 16:22:44,0.03621840476989746
2025-02-20 16:22:47,0.03653097152709961
2025-02-20 16:22:47,0.03616619110107422
2025-02-20 16:22:49,0.036676883697509766
2025-02-20 16:22:49,0.03633308410644531
2025-02-20 16:22:52,0.036791086196899414
2025-02-20 16:22:52,0.03630948066711426
2025-02-20 16:22:55,0.037296295166015625
2025-02-20 16:22:55,0.03678107261657715
2025-02-20 16:22:58,0.036955833435058594
2025-02-20 16:22:58,0.03650236129760742
2025-02-20 16:23:01,0.0370326042175293
2025-02-20 16:23:01,0.03656816482543945
2025-02-20 16:23:04,0.0372161865234375
2025-02-20 16:23:04,0.03663039207458496
2025-02-20 16:23:07,0.03712320327758789
2025-02-20 16:23:07,0.036530494689941406
2025-02-20 16:23:10,0.03712177276611328
2025-02-20 16:23:10,0.03660011291503906
2025-02-20 16:23:13,0.03648710250854492
2025-02-20 16:23:13,0.03620767593383789
2025-02-20 16:23:15,0.03623247146606445
2025-02-20 16:23:15,0.03615212440490723
2025-02-20 16:23:17,0.036160945892333984
2025-02-20 16:23:17,0.03604912757873535
2025-02-20 16:23:19,0.03610420227050781
2025-02-20 16:23:19,0.03610372543334961
2025-02-20 16:23:21,0.03624892234802246
2025-02-20 16:23:22,0.0360417366027832
2025-02-20 16:23:24,0.03615689277648926
2025-02-20 16:23:24,0.03614616394042969
2025-02-20 16:23:26,0.036257028579711914
2025-02-20 16:23:26,0.03613114356994629
2025-02-20 16:23:28,0.03623604774475098
2025-02-20 16:23:28,0.03616452217102051
2025-02-20 16:23:30,0.03621983528137207
2025-02-20 16:23:30,0.03613877296447754
2025-02-20 16:23:32,0.036228179931640625
2025-02-20 16:23:33,0.03616929054260254
2025-02-20 16:23:34,0.036115169525146484
2025-02-20 16:23:35,0.03606104850769043
2025-02-20 16:23:37,0.03622317314147949
2025-02-20 16:23:37,0.036168575286865234
2025-02-20 16:23:39,0.036191701889038086
2025-02-20 16:23:39,0.03607439994812012
2025-02-20 16:23:41,0.036283016204833984
2025-02-20 16:23:41,0.03620553016662598
2025-02-20 16:23:43,0.03621244430541992
2025-02-20 16:23:44,0.03615403175354004
2025-02-20 16:23:45,0.03633379936218262
2025-02-20 16:23:46,0.0361940860748291
2025-02-20 16:23:48,0.03654646873474121
2025-02-20 16:23:48,0.03637886047363281
2025-02-20 16:23:50,0.03652548789978027
2025-02-20 16:23:50,0.03626513481140137
2025-02-20 16:23:52,0.03629326820373535
2025-02-20 16:23:53,0.036353111267089844
2025-02-20 16:23:55,0.036285400390625
2025-02-20 16:23:55,0.03636360168457031
2025-02-20 16:23:57,0.03655719757080078
2025-02-20 16:23:57,0.036240339279174805
2025-02-20 16:24:00,0.0365602970123291
2025-02-20 16:24:00,0.036356210708618164
2025-02-20 16:24:03,0.03715085983276367
2025-02-20 16:24:03,0.0363459587097168
2025-02-20 16:24:06,0.037554025650024414
2025-02-20 16:24:06,0.03692364692687988
2025-02-20 16:24:09,0.03688979148864746
2025-02-20 16:24:10,0.03654837608337402
2025-02-20 16:24:12,0.037023305892944336
2025-02-20 16:24:13,0.03642702102661133
2025-02-20 16:24:15,0.036951303482055664
2025-02-20 16:24:16,0.0364377498626709
2025-02-20 16:24:19,0.03685188293457031
2025-02-20 16:24:19,0.0363924503326416
2025-02-20 16:24:22,0.03677201271057129
2025-02-20 16:24:22,0.03637504577636719
2025-02-20 16:24:25,0.036371469497680664
2025-02-20 16:24:25,0.03601384162902832
2025-02-20 16:24:27,0.03625631332397461
2025-02-20 16:24:27,0.036141395568847656
2025-02-20 16:24:29,0.036157846450805664
2025-02-20 16:24:29,0.03604602813720703
2025-02-20 16:24:31,0.036220550537109375
2025-02-20 16:24:32,0.03602266311645508
2025-02-20 16:24:33,0.03645157814025879
2025-02-20 16:24:34,0.03614068031311035
2025-02-20 16:24:36,0.03617238998413086
2025-02-20 16:24:36,0.03609943389892578
2025-02-20 16:24:38,0.03626441955566406
2025-02-20 16:24:38,0.03624272346496582
2025-02-20 16:24:40,0.036123037338256836
2025-02-20 16:24:40,0.03608369827270508
2025-02-20 16:24:42,0.03623342514038086
2025-02-20 16:24:42,0.036141395568847656
2025-02-20 16:24:44,0.036287546157836914
2025-02-20 16:24:44,0.036192893981933594
2025-02-20 16:24:46,0.03631758689880371
2025-02-20 16:24:47,0.036249637603759766
2025-02-20 16:24:49,0.03929567337036133
2025-02-20 16:24:49,0.03914690017700195
2025-02-20 16:24:51,0.036325931549072266
2025-02-20 16:24:52,0.036368370056152344
2025-02-20 16:24:54,0.03643369674682617
2025-02-20 16:24:54,0.03669571876525879
2025-02-20 16:24:56,0.03656339645385742
2025-02-20 16:24:57,0.03615212440490723
2025-02-20 16:24:59,0.03641366958618164
2025-02-20 16:24:59,0.036226749420166016
2025-02-20 16:25:01,0.03643941879272461
2025-02-20 16:25:01,0.03620600700378418
2025-02-20 16:25:03,0.03632783889770508
2025-02-20 16:25:04,0.03622794151306152
2025-02-20 16:25:06,0.0361788272857666
2025-02-20 16:25:06,0.03619122505187988
2025-02-20 16:25:09,0.036859989166259766
2025-02-20 16:25:09,0.03603768348693848
2025-02-20 16:25:11,0.03710055351257324
2025-02-20 16:25:11,0.03615260124206543
2025-02-20 16:25:14,0.03621363639831543
2025-02-20 16:25:14,0.03636932373046875
2025-02-20 16:25:18,0.03682303428649902
2025-02-20 16:25:19,0.03673577308654785
2025-02-20 16:25:23,0.03693890571594238
2025-02-20 16:25:23,0.036768436431884766
2025-02-20 16:25:27,0.037160634994506836
2025-02-20 16:25:27,0.0373377799987793
2025-02-20 16:25:31,0.03693127632141113
2025-02-20 16:25:32,0.03678774833679199
2025-02-20 16:25:35,0.037004947662353516
2025-02-20 16:25:35,0.03909730911254883
2025-02-20 16:25:38,0.037275075912475586
2025-02-20 16:25:39,0.03678560256958008
2025-02-20 16:25:41,0.036931753158569336
2025-02-20 16:25:42,0.03645181655883789
2025-02-20 16:25:44,0.0363926887512207
2025-02-20 16:25:44,0.03622245788574219
2025-02-20 16:25:46,0.03628063201904297
2025-02-20 16:25:46,0.0363309383392334
2025-02-20 16:25:48,0.036713361740112305
2025-02-20 16:25:49,0.03631186485290527
2025-02-20 16:25:51,0.03637981414794922
2025-02-20 16:25:51,0.03619503974914551
2025-02-20 16:25:53,0.03614950180053711
2025-02-20 16:25:53,0.03607368469238281
2025-02-20 16:25:55,0.03616762161254883
2025-02-20 16:25:56,0.03617501258850098
2025-02-20 16:25:58,0.036206722259521484
2025-02-20 16:25:58,0.03607439994812012
2025-02-20 16:26:00,0.03626298904418945
2025-02-20 16:26:01,0.03615069389343262
2025-02-20 16:26:03,0.03626370429992676
2025-02-20 16:26:03,0.0362546443939209
2025-02-20 16:26:05,0.03635120391845703
2025-02-20 16:26:06,0.0363311767578125
2025-02-20 16:26:08,0.0365598201751709
2025-02-20 16:26:08,0.03628826141357422
2025-02-20 16:26:10,0.03630971908569336
2025-02-20 16:26:11,0.03630185127258301
2025-02-20 16:26:13,0.036115169525146484
2025-02-20 16:26:13,0.03615164756774902
2025-02-20 16:26:15,0.036278724670410156
2025-02-20 16:26:15,0.03614068031311035
2025-02-20 16:26:18,0.0362696647644043
2025-02-20 16:26:18,0.03612709045410156
2025-02-20 16:26:20,0.03625082969665527
2025-02-20 16:26:21,0.03597521781921387
2025-02-20 16:26:23,0.036119699478149414
2025-02-20 16:26:23,0.03616738319396973
2025-02-20 16:26:26,0.036365509033203125
2025-02-20 16:26:26,0.036182403564453125
2025-02-20 16:26:28,0.03611421585083008
2025-02-20 16:26:29,0.03608059883117676
2025-02-20 16:26:31,0.036299943923950195
2025-02-20 16:26:32,0.03621482849121094
2025-02-20 16:26:34,0.036280155181884766
2025-02-20 16:26:34,0.03626513481140137
2025-02-20 16:26:37,0.036295175552368164
2025-02-20 16:26:37,0.036240577697753906
2025-02-20 16:26:40,0.03678274154663086
2025-02-20 16:26:40,0.036710262298583984
2025-02-20 16:26:42,0.036934614181518555
2025-02-20 16:26:43,0.036509037017822266
2025-02-20 16:26:46,0.03727245330810547
2025-02-20 16:26:47,0.03686404228210449
2025-02-20 16:26:50,0.036932945251464844
2025-02-20 16:26:51,0.036742210388183594
2025-02-20 16:26:54,0.036806344985961914
2025-02-20 16:26:54,0.036383628845214844
2025-02-20 16:26:57,0.0370478630065918
2025-02-20 16:26:58,0.036516427993774414
2025-02-20 16:27:01,0.03671407699584961
2025-02-20 16:27:02,0.03637075424194336
2025-02-20 16:27:05,0.0368804931640625
2025-02-20 16:27:06,0.03665280342102051
2025-02-20 16:27:08,0.03633737564086914
2025-02-20 16:27:09,0.036359548568725586
2025-02-20 16:27:11,0.036286115646362305
2025-02-20 16:27:11,0.036667585372924805
2025-02-20 16:27:14,0.03625130653381348
2025-02-20 16:27:14,0.036295413970947266
2025-02-20 16:27:16,0.03633761405944824
2025-02-20 16:27:17,0.03618574142456055
2025-02-20 16:27:19,0.036385297775268555
2025-02-20 16:27:19,0.03612852096557617
2025-02-20 16:27:22,0.03613448143005371
2025-02-20 16:27:22,0.036080121994018555
2025-02-20 16:27:24,0.036405324935913086
2025-02-20 16:27:25,0.0361328125
2025-02-20 16:27:27,0.03631401062011719
2025-02-20 16:27:27,0.03632616996765137
2025-02-20 16:27:30,0.03636670112609863
2025-02-20 16:27:30,0.037732839584350586
2025-02-20 16:27:32,0.0362551212310791
2025-02-20 16:27:33,0.03639364242553711
2025-02-20 16:27:35,0.03632187843322754
2025-02-20 16:27:35,0.036264896392822266
2025-02-20 16:27:37,0.036397457122802734
2025-02-20 16:27:38,0.03618645668029785
2025-02-20 16:27:40,0.036327362060546875
2025-02-20 16:27:40,0.036284446716308594
2025-02-20 16:27:43,0.036543846130371094
2025-02-20 16:27:43,0.03635978698730469
2025-02-20 16:27:45,0.03643035888671875
2025-02-20 16:27:46,0.036345481872558594
2025-02-20 16:27:48,0.03637194633483887
2025-02-20 16:27:48,0.03629779815673828
2025-02-20 16:27:51,0.03668785095214844
2025-02-20 16:27:51,0.036389827728271484
2025-02-20 16:27:53,0.03655862808227539
2025-02-20 16:27:54,0.036225080490112305
2025-02-20 16:27:56,0.036782026290893555
2025-02-20 16:27:56,0.03654289245605469
2025-02-20 16:27:59,0.03636574745178223
2025-02-20 16:27:59,0.03610587120056152
2025-02-20 16:28:01,0.036527395248413086
2025-02-20 16:28:02,0.036275386810302734
2025-02-20 16:28:04,0.03662991523742676
2025-02-20 16:28:05,0.03641796112060547
2025-02-20 16:28:07,0.036817073822021484
2025-02-20 16:28:08,0.03650784492492676
2025-02-20 16:28:11,0.03709268569946289
2025-02-20 16:28:11,0.0366668701171875
2025-02-20 16:28:14,0.03704404830932617
2025-02-20 16:28:15,0.03662276268005371
2025-02-20 16:28:18,0.03686952590942383
2025-02-20 16:28:18,0.03634381294250488
2025-02-20 16:28:21,0.036314964294433594
2025-02-20 16:28:21,0.036310672760009766
2025-02-20 16:28:23,0.03647947311401367
2025-02-20 16:28:24,0.03637099266052246
2025-02-20 16:28:26,0.03626585006713867
2025-02-20 16:28:26,0.0362703800201416
2025-02-20 16:28:29,0.0362093448638916
2025-02-20 16:28:29,0.03608822822570801
2025-02-20 16:28:31,0.036156654357910156
2025-02-20 16:28:32,0.036125898361206055
2025-02-20 16:28:34,0.036222219467163086
2025-02-20 16:28:34,0.03607749938964844
2025-02-20 16:28:36,0.03614640235900879
2025-02-20 16:28:37,0.03617119789123535
2025-02-20 16:28:39,0.03625607490539551
2025-02-20 16:28:39,0.036069631576538086
2025-02-20 16:28:41,0.03619122505187988
2025-02-20 16:28:41,0.03620791435241699
2025-02-20 16:28:43,0.036240577697753906
2025-02-20 16:28:44,0.03615117073059082
2025-02-20 16:28:46,0.036281585693359375
2025-02-20 16:28:46,0.03611612319946289
2025-02-20 16:28:48,0.03628277778625488
2025-02-20 16:28:49,0.03599047660827637
2025-02-20 16:28:51,0.03616952896118164
2025-02-20 16:28:51,0.0362088680267334
2025-02-20 16:28:53,0.03619527816772461
2025-02-20 16:28:54,0.0361180305480957
2025-02-20 16:28:56,0.03610420227050781
2025-02-20 16:28:56,0.03606247901916504
2025-02-20 16:28:59,0.03625845909118652
2025-02-20 16:28:59,0.03619647026062012
2025-02-20 16:29:01,0.03623080253601074
2025-02-20 16:29:02,0.03633570671081543
2025-02-20 16:29:04,0.036231279373168945
2025-02-20 16:29:04,0.036176443099975586
2025-02-20 16:29:06,0.036188602447509766
2025-02-20 16:29:07,0.0360865592956543
2025-02-20 16:29:09,0.03613734245300293
2025-02-20 16:29:10,0.03621625900268555
2025-02-20 16:29:13,0.037183284759521484
2025-02-20 16:29:13,0.03684067726135254
2025-02-20 16:29:16,0.03739023208618164
2025-02-20 16:29:17,0.036588430404663086
2025-02-20 16:29:20,0.03706860542297363
2025-02-20 16:29:21,0.03754019737243652
2025-02-20 16:29:25,0.037062644958496094
2025-02-20 16:29:25,0.03661036491394043
2025-02-20 16:29:29,0.03690147399902344
2025-02-20 16:29:29,0.036557674407958984
2025-02-20 16:29:32,0.03667473793029785
2025-02-20 16:29:33,0.03648495674133301
2025-02-20 16:29:35,0.03641080856323242
2025-02-20 16:29:36,0.03627800941467285
2025-02-20 16:29:38,0.036469221115112305
2025-02-20 16:29:38,0.03621363639831543
2025-02-20 16:29:40,0.03647947311401367
2025-02-20 16:29:41,0.03634476661682129
2025-02-20 16:29:43,0.03619885444641113
2025-02-20 16:29:44,0.03618431091308594
2025-02-20 16:29:46,0.036278724670410156
2025-02-20 16:29:46,0.03617501258850098
2025-02-20 16:29:48,0.03613591194152832
2025-02-20 16:29:49,0.036101579666137695
2025-02-20 16:29:51,0.03651762008666992
2025-02-20 16:29:51,0.03618597984313965
2025-02-20 16:29:53,0.036322832107543945
2025-02-20 16:29:54,0.036126136779785156
2025-02-20 16:29:56,0.03625082969665527
2025-02-20 16:29:57,0.0361485481262207
2025-02-20 16:29:59,0.03613924980163574
2025-02-20 16:29:59,0.03612256050109863
2025-02-20 16:30:01,0.036188364028930664
2025-02-20 16:30:02,0.036168575286865234
2025-02-20 16:30:04,0.03652215003967285
2025-02-20 16:30:05,0.0364527702331543
2025-02-20 16:30:07,0.03618001937866211
2025-02-20 16:30:08,0.03615260124206543
2025-02-20 16:30:10,0.03625082969665527
2025-02-20 16:30:11,0.03609418869018555
2025-02-20 16:30:13,0.036128997802734375
2025-02-20 16:30:13,0.036316633224487305
2025-02-20 16:30:16,0.03613781929016113
2025-02-20 16:30:16,0.03627514839172363
2025-02-20 16:30:19,0.036507606506347656
2025-02-20 16:30:19,0.03632092475891113
2025-02-20 16:30:22,0.03657126426696777
2025-02-20 16:30:23,0.03634190559387207
2025-02-20 16:30:26,0.036826372146606445
2025-02-20 16:30:27,0.03642988204956055
2025-02-20 16:30:30,0.03700971603393555
2025-02-20 16:30:31,0.036368608474731445
2025-02-20 16:30:33,0.03678464889526367
2025-02-20 16:30:34,0.03635120391845703
2025-02-20 16:30:37,0.037131547927856445
2025-02-20 16:30:38,0.03654646873474121
2025-02-20 16:30:40,0.03631401062011719
2025-02-20 16:30:41,0.03615546226501465
2025-02-20 16:30:43,0.03641057014465332
2025-02-20 16:30:44,0.03648543357849121
2025-02-20 16:30:46,0.036536455154418945
2025-02-20 16:30:46,0.03636884689331055
2025-02-20 16:30:49,0.0362391471862793
2025-02-20 16:30:49,0.03627467155456543
2025-02-20 16:30:52,0.036638736724853516
2025-02-20 16:30:52,0.03652763366699219
2025-02-20 16:30:54,0.03650259971618652
2025-02-20 16:30:55,0.0365450382232666
2025-02-20 16:30:57,0.036264657974243164
2025-02-20 16:30:58,0.036339521408081055
2025-02-20 16:31:00,0.036379337310791016
2025-02-20 16:31:01,0.03633451461791992
2025-02-20 16:31:03,0.03642988204956055
2025-02-20 16:31:03,0.03640913963317871
2025-02-20 16:31:06,0.03653240203857422
2025-02-20 16:31:06,0.036293745040893555
2025-02-20 16:31:08,0.03646731376647949
2025-02-20 16:31:09,0.036356449127197266
2025-02-20 16:31:11,0.03644514083862305
2025-02-20 16:31:12,0.03628969192504883
2025-02-20 16:31:14,0.036244869232177734
2025-02-20 16:31:14,0.0363011360168457
2025-02-20 16:31:17,0.03625202178955078
2025-02-20 16:31:17,0.03627610206604004
2025-02-20 16:31:19,0.036401987075805664
2025-02-20 16:31:20,0.03634381294250488
2025-02-20 16:31:22,0.036362648010253906
2025-02-20 16:31:23,0.03635406494140625
2025-02-20 16:31:25,0.03628087043762207
2025-02-20 16:31:26,0.03635406494140625
2025-02-20 16:31:29,0.03628349304199219
2025-02-20 16:31:30,0.03643918037414551
2025-02-20 16:31:32,0.03629469871520996
2025-02-20 16:31:33,0.03629589080810547
2025-02-20 16:31:35,0.0364229679107666
2025-02-20 16:31:36,0.03638434410095215
2025-02-20 16:31:39,0.03651618957519531
2025-02-20 16:31:39,0.03669881820678711
2025-02-20 16:31:42,0.03620648384094238
2025-02-20 16:31:43,0.036270856857299805
2025-02-20 16:31:45,0.036135196685791016
2025-02-20 16:31:46,0.03613901138305664
2025-02-20 16:31:49,0.03751373291015625
2025-02-20 16:31:50,0.036409854888916016
2025-02-20 16:31:53,0.03664135932922363
2025-02-20 16:31:53,0.0365598201751709
2025-02-20 16:31:56,0.03690695762634277
2025-02-20 16:31:57,0.03623843193054199
2025-02-20 16:32:00,0.036910057067871094
2025-02-20 16:32:01,0.036638736724853516
2025-02-20 16:32:04,0.037093162536621094
2025-02-20 16:32:05,0.036466121673583984
2025-02-20 16:32:08,0.03715777397155762
2025-02-20 16:32:09,0.03633618354797363
2025-02-20 16:32:11,0.03657984733581543
2025-02-20 16:32:12,0.036486148834228516
2025-02-20 16:32:14,0.03690147399902344
2025-02-20 16:32:15,0.03631448745727539
2025-02-20 16:32:17,0.036569833755493164
2025-02-20 16:32:18,0.03659391403198242
2025-02-20 16:32:20,0.036607980728149414
2025-02-20 16:32:21,0.03640031814575195
2025-02-20 16:32:23,0.03682971000671387
2025-02-20 16:32:24,0.03653573989868164
2025-02-20 16:32:26,0.036258697509765625
2025-02-20 16:32:26,0.0361485481262207
2025-02-20 16:32:29,0.03620648384094238
2025-02-20 16:32:29,0.0360567569732666
2025-02-20 16:32:31,0.03624415397644043
2025-02-20 16:32:31,0.03635358810424805
2025-02-20 16:32:34,0.03692197799682617
2025-02-20 16:32:34,0.036237239837646484
2025-02-20 16:32:36,0.03622007369995117
2025-02-20 16:32:37,0.036226749420166016
2025-02-20 16:32:39,0.03614163398742676
2025-02-20 16:32:39,0.03609919548034668
2025-02-20 16:32:41,0.03624773025512695
2025-02-20 16:32:41,0.03613471984863281
2025-02-20 16:32:43,0.03608250617980957
2025-02-20 16:32:43,0.03609275817871094
2025-02-20 16:32:45,0.036106109619140625
2025-02-20 16:32:45,0.036348819732666016
2025-02-20 16:32:47,0.03616929054260254
2025-02-20 16:32:48,0.036046743392944336
2025-02-20 16:32:50,0.03617453575134277
2025-02-20 16:32:50,0.03623604774475098
2025-02-20 16:32:52,0.03625679016113281
2025-02-20 16:32:52,0.03615117073059082
2025-02-20 16:32:54,0.03613877296447754
2025-02-20 16:32:55,0.0360870361328125
2025-02-20 16:32:57,0.03614687919616699
2025-02-20 16:32:57,0.035997629165649414
2025-02-20 16:32:59,0.0362248420715332
2025-02-20 16:32:59,0.0361785888671875
2025-02-20 16:33:02,0.03615069389343262
2025-02-20 16:33:02,0.03641986846923828
2025-02-20 16:33:04,0.036234140396118164
2025-02-20 16:33:05,0.036365509033203125
2025-02-20 16:33:08,0.03967475891113281
2025-02-20 16:33:08,0.03942728042602539
2025-02-20 16:33:12,0.038422584533691406
2025-02-20 16:33:13,0.03808021545410156
2025-02-20 16:33:16,0.03755950927734375
2025-02-20 16:33:16,0.03693199157714844
2025-02-20 16:33:20,0.03716230392456055
2025-02-20 16:33:20,0.036742210388183594
2025-02-20 16:33:23,0.03783392906188965
2025-02-20 16:33:23,0.03679800033569336
2025-02-20 16:33:26,0.038414955139160156
2025-02-20 16:33:26,0.0365602970123291
2025-02-20 16:33:29,0.03725433349609375
2025-02-20 16:33:29,0.036971092224121094
2025-02-20 16:33:32,0.03708529472351074
2025-02-20 16:33:32,0.03666353225708008
2025-02-20 16:33:35,0.03636336326599121
2025-02-20 16:33:35,0.0362546443939209
2025-02-20 16:33:37,0.036424875259399414
2025-02-20 16:33:37,0.036355018615722656
2025-02-20 16:33:39,0.03654742240905762
2025-02-20 16:33:39,0.03645920753479004
2025-02-20 16:33:41,0.03640580177307129
2025-02-20 16:33:42,0.03623652458190918
2025-02-20 16:33:43,0.036197662353515625
2025-02-20 16:33:44,0.03610682487487793
2025-02-20 16:33:45,0.03619575500488281
2025-02-20 16:33:46,0.03616595268249512
2025-02-20 16:33:48,0.03647136688232422
2025-02-20 16:33:48,0.036702632904052734
2025-02-20 16:33:50,0.036757707595825195
2025-02-20 16:33:50,0.03644084930419922
2025-02-20 16:33:52,0.036434173583984375
2025-02-20 16:33:52,0.03657245635986328
2025-02-20 16:33:54,0.03650999069213867
2025-02-20 16:33:55,0.03628182411193848
2025-02-20 16:33:57,0.03638601303100586
2025-02-20 16:33:57,0.037123918533325195
2025-02-20 16:33:59,0.03783822059631348
2025-02-20 16:33:59,0.036339521408081055
2025-02-20 16:34:01,0.03627133369445801
2025-02-20 16:34:02,0.0364842414855957
2025-02-20 16:34:04,0.03631019592285156
2025-02-20 16:34:04,0.0362241268157959
2025-02-20 16:34:06,0.03630781173706055
2025-02-20 16:34:06,0.03618168830871582
2025-02-20 16:34:08,0.03908729553222656
2025-02-20 16:34:09,0.03888654708862305
2025-02-20 16:34:11,0.038922786712646484
2025-02-20 16:34:11,0.03887605667114258
2025-02-20 16:34:13,0.03690910339355469
2025-02-20 16:34:13,0.03673100471496582
2025-02-20 16:34:15,0.03676152229309082
2025-02-20 16:34:16,0.03629136085510254
2025-02-20 16:34:18,0.036589622497558594
2025-02-20 16:34:18,0.0370328426361084
2025-02-20 16:34:20,0.0365595817565918
2025-02-20 16:34:21,0.0362849235534668
2025-02-20 16:34:23,0.036420345306396484
2025-02-20 16:34:23,0.03630232810974121
2025-02-20 16:34:25,0.03644752502441406
2025-02-20 16:34:25,0.036409854888916016
2025-02-20 16:34:28,0.036900997161865234
2025-02-20 16:34:28,0.03666377067565918
2025-02-20 16:34:31,0.0369563102722168
2025-02-20 16:34:32,0.036504268646240234
2025-02-20 16:34:34,0.03704953193664551
2025-02-20 16:34:35,0.036551713943481445
2025-02-20 16:34:37,0.03700447082519531
2025-02-20 16:34:38,0.03648018836975098
2025-02-20 16:34:41,0.03706049919128418
2025-02-20 16:34:41,0.0366063117980957
2025-02-20 16:34:44,0.03723740577697754
2025-02-20 16:34:44,0.036740779876708984
2025-02-20 16:34:46,0.03705430030822754
2025-02-20 16:34:47,0.03655433654785156
2025-02-20 16:34:49,0.03701972961425781
2025-02-20 16:34:50,0.036531925201416016
2025-02-20 16:34:52,0.03720736503601074
2025-02-20 16:34:53,0.03646206855773926
2025-02-20 16:34:55,0.03662467002868652
2025-02-20 16:34:55,0.036620378494262695
2025-02-20 16:34:57,0.03635811805725098
2025-02-20 16:34:57,0.03620791435241699
2025-02-20 16:34:59,0.03626751899719238
2025-02-20 16:34:59,0.03620433807373047
2025-02-20 16:35:01,0.03630518913269043
2025-02-20 16:35:01,0.03631186485290527
2025-02-20 16:35:03,0.036416053771972656
2025-02-20 16:35:04,0.03655409812927246
2025-02-20 16:35:06,0.03634810447692871
2025-02-20 16:35:06,0.03631711006164551
2025-02-20 16:35:08,0.03635835647583008
2025-02-20 16:35:08,0.0362093448638916
2025-02-20 16:35:10,0.03623175621032715
2025-02-20 16:35:10,0.03613567352294922
2025-02-20 16:35:12,0.03627896308898926
2025-02-20 16:35:13,0.03615689277648926
2025-02-20 16:35:15,0.036203622817993164
2025-02-20 16:35:15,0.03604006767272949
2025-02-20 16:35:17,0.03635692596435547
2025-02-20 16:35:17,0.03629302978515625
2025-02-20 16:35:20,0.03637051582336426
2025-02-20 16:35:20,0.03615760803222656
2025-02-20 16:35:22,0.036112308502197266
2025-02-20 16:35:22,0.036031246185302734
2025-02-20 16:35:24,0.03643226623535156
2025-02-20 16:35:24,0.03611588478088379
2025-02-20 16:35:26,0.03620266914367676
2025-02-20 16:35:27,0.03611254692077637
2025-02-20 16:35:29,0.03619956970214844
2025-02-20 16:35:29,0.03612160682678223
2025-02-20 16:35:31,0.03642535209655762
2025-02-20 16:35:31,0.03616166114807129
2025-02-20 16:35:33,0.0362856388092041
2025-02-20 16:35:34,0.03617739677429199
2025-02-20 16:35:36,0.036402225494384766
2025-02-20 16:35:36,0.03631186485290527
2025-02-20 16:35:38,0.03661942481994629
2025-02-20 16:35:38,0.03622603416442871
2025-02-20 16:35:40,0.03665304183959961
2025-02-20 16:35:41,0.03635978698730469
2025-02-20 16:35:43,0.0366973876953125
2025-02-20 16:35:43,0.03645610809326172
2025-02-20 16:35:46,0.036954402923583984
2025-02-20 16:35:46,0.03666543960571289
2025-02-20 16:35:49,0.03691816329956055
2025-02-20 16:35:49,0.03649735450744629
2025-02-20 16:35:52,0.03696441650390625
2025-02-20 16:35:53,0.036469221115112305
2025-02-20 16:35:56,0.037078857421875
2025-02-20 16:35:56,0.036652565002441406
2025-02-20 16:35:59,0.03722953796386719
2025-02-20 16:35:59,0.0367584228515625
2025-02-20 16:36:02,0.03695535659790039
2025-02-20 16:36:02,0.03657722473144531
2025-02-20 16:36:05,0.037029266357421875
2025-02-20 16:36:05,0.0365300178527832
2025-02-20 16:36:08,0.037198543548583984
2025-02-20 16:36:08,0.03713870048522949
2025-02-20 16:36:11,0.03701591491699219
2025-02-20 16:36:11,0.03640866279602051
2025-02-20 16:36:13,0.03627300262451172
2025-02-20 16:36:13,0.03627634048461914
2025-02-20 16:36:15,0.03640294075012207
2025-02-20 16:36:16,0.03636813163757324
2025-02-20 16:36:18,0.036368608474731445
2025-02-20 16:36:18,0.036339759826660156
2025-02-20 16:36:20,0.0364227294921875
2025-02-20 16:36:20,0.036582231521606445
2025-02-20 16:36:22,0.036264896392822266
2025-02-20 16:36:22,0.036185264587402344
2025-02-20 16:36:24,0.03635525703430176
2025-02-20 16:36:24,0.036367177963256836
2025-02-20 16:36:26,0.03645205497741699
2025-02-20 16:36:27,0.03633880615234375
2025-02-20 16:36:29,0.036778926849365234
2025-02-20 16:36:29,0.03643965721130371
2025-02-20 16:36:31,0.03641819953918457
2025-02-20 16:36:31,0.03629493713378906
2025-02-20 16:36:33,0.036572933197021484
2025-02-20 16:36:33,0.0362088680267334
2025-02-20 16:36:35,0.03617453575134277
2025-02-20 16:36:35,0.03618359565734863
2025-02-20 16:36:37,0.036301374435424805
2025-02-20 16:36:37,0.03626298904418945
2025-02-20 16:36:39,0.03625679016113281
2025-02-20 16:36:40,0.036156415939331055
2025-02-20 16:36:41,0.03630828857421875
2025-02-20 16:36:42,0.03616690635681152
2025-02-20 16:36:43,0.036247968673706055
2025-02-20 16:36:44,0.03645443916320801
2025-02-20 16:36:45,0.03618478775024414
2025-02-20 16:36:46,0.03618574142456055
2025-02-20 16:36:48,0.036318063735961914
2025-02-20 16:36:48,0.03603816032409668
2025-02-20 16:36:50,0.036215782165527344
2025-02-20 16:36:50,0.03612256050109863
2025-02-20 16:36:51,0.03610110282897949
2025-02-20 16:36:52,0.03616833686828613
2025-02-20 16:36:53,0.036115407943725586
2025-02-20 16:36:54,0.036072731018066406
2025-02-20 16:36:56,0.03653836250305176
2025-02-20 16:36:56,0.03615617752075195
2025-02-20 16:36:58,0.03666234016418457
2025-02-20 16:36:58,0.036353111267089844
2025-02-20 16:37:00,0.03659558296203613
2025-02-20 16:37:00,0.036371469497680664
2025-02-20 16:37:03,0.036745548248291016
2025-02-20 16:37:03,0.036472320556640625
2025-02-20 16:37:05,0.03666830062866211
2025-02-20 16:37:05,0.03644967079162598
2025-02-20 16:37:08,0.03698015213012695
2025-02-20 16:37:08,0.036515235900878906
2025-02-20 16:37:10,0.03725314140319824
2025-02-20 16:37:10,0.036943912506103516
2025-02-20 16:37:13,0.03985428810119629
2025-02-20 16:37:13,0.0393986701965332
2025-02-20 16:37:16,0.037297725677490234
2025-02-20 16:37:16,0.03705883026123047
2025-02-20 16:37:18,0.03723311424255371
2025-02-20 16:37:19,0.03691840171813965
2025-02-20 16:37:21,0.03715014457702637
2025-02-20 16:37:21,0.036765336990356445
2025-02-20 16:37:24,0.037172555923461914
2025-02-20 16:37:24,0.03662395477294922
2025-02-20 16:37:27,0.037097930908203125
2025-02-20 16:37:27,0.03680825233459473
2025-02-20 16:37:30,0.03655362129211426
2025-02-20 16:37:30,0.036171674728393555
2025-02-20 16:37:32,0.03638911247253418
2025-02-20 16:37:32,0.03620624542236328
2025-02-20 16:37:34,0.03637433052062988
2025-02-20 16:37:34,0.03630638122558594
2025-02-20 16:37:36,0.03644728660583496
2025-02-20 16:37:36,0.036424875259399414
2025-02-20 16:37:38,0.03632926940917969
2025-02-20 16:37:38,0.0363163948059082
2025-02-20 16:37:40,0.036237478256225586
2025-02-20 16:37:40,0.03623151779174805
2025-02-20 16:37:42,0.03643989562988281
2025-02-20 16:37:42,0.03628087043762207
2025-02-20 16:37:44,0.03650808334350586
2025-02-20 16:37:45,0.03634977340698242
2025-02-20 16:37:47,0.03633570671081543
2025-02-20 16:37:47,0.03615856170654297
2025-02-20 16:37:49,0.03628373146057129
2025-02-20 16:37:49,0.03612542152404785
2025-02-20 16:37:51,0.037004709243774414
2025-02-20 16:37:52,0.036316871643066406
2025-02-20 16:37:54,0.036643028259277344
2025-02-20 16:37:54,0.0364990234375
2025-02-20 16:37:57,0.03671598434448242
2025-02-20 16:37:58,0.037095069885253906
2025-02-20 16:38:00,0.03673839569091797
2025-02-20 16:38:00,0.03656435012817383
2025-02-20 16:38:03,0.03640294075012207
2025-02-20 16:38:03,0.036420583724975586
2025-02-20 16:38:05,0.0362699031829834
2025-02-20 16:38:06,0.03621959686279297
2025-02-20 16:38:08,0.03633689880371094
2025-02-20 16:38:08,0.03620624542236328
2025-02-20 16:38:10,0.036472320556640625
2025-02-20 16:38:11,0.036165714263916016
2025-02-20 16:38:13,0.03620719909667969
2025-02-20 16:38:13,0.03611588478088379
2025-02-20 16:38:15,0.03628087043762207
2025-02-20 16:38:16,0.03628396987915039
2025-02-20 16:38:18,0.036264657974243164
2025-02-20 16:38:18,0.03623843193054199
2025-02-20 16:38:20,0.036313772201538086
2025-02-20 16:38:21,0.036229848861694336
2025-02-20 16:38:23,0.03638815879821777
2025-02-20 16:38:23,0.03620338439941406
2025-02-20 16:38:25,0.03628945350646973
2025-02-20 16:38:26,0.03629660606384277
2025-02-20 16:38:28,0.03655672073364258
2025-02-20 16:38:29,0.03650355339050293
2025-02-20 16:38:32,0.0369415283203125
2025-02-20 16:38:32,0.0364527702331543
2025-02-20 16:38:35,0.036858320236206055
2025-02-20 16:38:36,0.036484479904174805
2025-02-20 16:38:39,0.036863088607788086
2025-02-20 16:38:40,0.03649091720581055
2025-02-20 16:38:43,0.03708338737487793
2025-02-20 16:38:43,0.0392608642578125
2025-02-20 16:38:46,0.03706860542297363
2025-02-20 16:38:47,0.036843061447143555
2025-02-20 16:38:50,0.037105560302734375
2025-02-20 16:38:50,0.03668856620788574
2025-02-20 16:38:54,0.03694891929626465
2025-02-20 16:38:54,0.03620004653930664
2025-02-20 16:38:56,0.036330223083496094
2025-02-20 16:38:57,0.03632640838623047
2025-02-20 16:38:59,0.03641176223754883
2025-02-20 16:39:00,0.036390066146850586
2025-02-20 16:39:02,0.03635573387145996
2025-02-20 16:39:02,0.036359548568725586
2025-02-20 16:39:05,0.036275386810302734
2025-02-20 16:39:05,0.03628730773925781
2025-02-20 16:39:07,0.036498308181762695
2025-02-20 16:39:08,0.03643989562988281
2025-02-20 16:39:10,0.03627777099609375
2025-02-20 16:39:10,0.036255836486816406
2025-02-20 16:39:13,0.03643155097961426
2025-02-20 16:39:13,0.03641247749328613
2025-02-20 16:39:15,0.03650188446044922
2025-02-20 16:39:16,0.03634333610534668
2025-02-20 16:39:18,0.036248207092285156
2025-02-20 16:39:18,0.03630423545837402
2025-02-20 16:39:21,0.036314964294433594
2025-02-20 16:39:21,0.03620719909667969
2025-02-20 16:39:24,0.03651690483093262
2025-02-20 16:39:24,0.03629040718078613
2025-02-20 16:39:26,0.036559343338012695
2025-02-20 16:39:27,0.036414146423339844
2025-02-20 16:39:29,0.03666114807128906
2025-02-20 16:39:30,0.036334991455078125
2025-02-20 16:39:32,0.03626751899719238
2025-02-20 16:39:32,0.03612184524536133
2025-02-20 16:39:35,0.036844491958618164
2025-02-20 16:39:36,0.03681492805480957
2025-02-20 16:39:38,0.037244319915771484
2025-02-20 16:39:39,0.036443471908569336
2025-02-20 16:39:41,0.0362701416015625
2025-02-20 16:39:42,0.03608393669128418
2025-02-20 16:39:44,0.03625679016113281
2025-02-20 16:39:44,0.036241769790649414
2025-02-20 16:39:47,0.036075592041015625
2025-02-20 16:39:47,0.036504507064819336
2025-02-20 16:39:50,0.03629803657531738
2025-02-20 16:39:50,0.03653669357299805
2025-02-20 16:39:53,0.03625369071960449
2025-02-20 16:39:54,0.0377197265625
2025-02-20 16:39:57,0.03660702705383301
2025-02-20 16:39:57,0.03628396987915039
2025-02-20 16:40:00,0.036960601806640625
2025-02-20 16:40:01,0.0365908145904541
2025-02-20 16:40:04,0.03700613975524902
2025-02-20 16:40:05,0.03656125068664551
2025-02-20 16:40:08,0.03684043884277344
2025-02-20 16:40:08,0.036401987075805664
2025-02-20 16:40:11,0.036925315856933594
2025-02-20 16:40:12,0.036566972732543945
2025-02-20 16:40:15,0.0368504524230957
2025-02-20 16:40:15,0.03653717041015625
2025-02-20 16:40:18,0.03706932067871094
2025-02-20 16:40:18,0.03930854797363281
2025-02-20 16:40:20,0.036478519439697266
2025-02-20 16:40:21,0.036489248275756836
2025-02-20 16:40:23,0.03633618354797363
2025-02-20 16:40:23,0.03621244430541992
2025-02-20 16:40:25,0.03629350662231445
2025-02-20 16:40:26,0.036295413970947266
2025-02-20 16:40:28,0.03665757179260254
2025-02-20 16:40:28,0.03627490997314453
2025-02-20 16:40:30,0.03637099266052246
2025-02-20 16:40:31,0.03634905815124512
2025-02-20 16:40:33,0.03641557693481445
2025-02-20 16:40:33,0.03625369071960449
2025-02-20 16:40:35,0.036409616470336914
2025-02-20 16:40:36,0.03638958930969238
2025-02-20 16:40:38,0.03631162643432617
2025-02-20 16:40:38,0.03624439239501953
2025-02-20 16:40:40,0.03630232810974121
2025-02-20 16:40:41,0.0362391471862793
2025-02-20 16:40:43,0.03613162040710449
2025-02-20 16:40:43,0.03612542152404785
2025-02-20 16:40:45,0.036212921142578125
2025-02-20 16:40:46,0.03612160682678223
2025-02-20 16:40:48,0.03606247901916504
2025-02-20 16:40:48,0.03626251220703125
2025-02-20 16:40:50,0.036194562911987305
2025-02-20 16:40:51,0.03611135482788086
2025-02-20 16:40:53,0.03625202178955078
2025-02-20 16:40:53,0.036211252212524414
2025-02-20 16:40:55,0.036215782165527344
2025-02-20 16:40:55,0.03622841835021973
2025-02-20 16:40:58,0.036154985427856445
2025-02-20 16:40:58,0.03618121147155762
2025-02-20 16:41:00,0.03606534004211426
2025-02-20 16:41:00,0.03610396385192871
2025-02-20 16:41:02,0.036246299743652344
2025-02-20 16:41:03,0.03623485565185547
2025-02-20 16:41:05,0.036192893981933594
2025-02-20 16:41:05,0.03624725341796875
2025-02-20 16:41:07,0.03617501258850098
2025-02-20 16:41:08,0.036124229431152344
2025-02-20 16:41:10,0.03623509407043457
2025-02-20 16:41:10,0.03607749938964844
2025-02-20 16:41:12,0.03616786003112793
2025-02-20 16:41:13,0.03623533248901367
2025-02-20 16:41:15,0.036435604095458984
2025-02-20 16:41:16,0.03631758689880371
2025-02-20 16:41:18,0.03673243522644043
2025-02-20 16:41:19,0.03645682334899902
2025-02-20 16:41:21,0.03688216209411621
2025-02-20 16:41:22,0.03636002540588379
2025-02-20 16:41:25,0.03667783737182617
2025-02-20 16:41:25,0.039182424545288086
2025-02-20 16:41:28,0.03743267059326172
2025-02-20 16:41:29,0.03702569007873535
2025-02-20 16:41:32,0.03684735298156738
2025-02-20 16:41:32,0.03639578819274902
2025-02-20 16:41:35,0.03691458702087402
2025-02-20 16:41:35,0.03652787208557129
2025-02-20 16:41:38,0.036237478256225586
2025-02-20 16:41:38,0.03606915473937988
2025-02-20 16:41:40,0.03660130500793457
2025-02-20 16:41:41,0.0362393856048584
2025-02-20 16:41:43,0.03618121147155762
2025-02-20 16:41:43,0.036038875579833984
2025-02-20 16:41:45,0.036173105239868164
2025-02-20 16:41:45,0.036194801330566406
2025-02-20 16:41:47,0.036298274993896484
2025-02-20 16:41:48,0.03612327575683594
2025-02-20 16:41:50,0.036067962646484375
2025-02-20 16:41:50,0.03606820106506348
2025-02-20 16:41:52,0.0362091064453125
2025-02-20 16:41:52,0.03629612922668457
2025-02-20 16:41:54,0.036306142807006836
2025-02-20 16:41:55,0.03617358207702637
2025-02-20 16:41:57,0.036225318908691406
2025-02-20 16:41:57,0.036034584045410156
2025-02-20 16:41:59,0.03617978096008301
2025-02-20 16:42:00,0.036164283752441406
2025-02-20 16:42:02,0.03633522987365723
2025-02-20 16:42:02,0.0361483097076416
2025-02-20 16:42:04,0.03619074821472168
2025-02-20 16:42:05,0.03615760803222656
2025-02-20 16:42:07,0.03611445426940918
2025-02-20 16:42:07,0.03608059883117676
2025-02-20 16:42:09,0.03612351417541504
2025-02-20 16:42:10,0.03605508804321289
2025-02-20 16:42:12,0.03619527816772461
2025-02-20 16:42:12,0.03615093231201172
2025-02-20 16:42:14,0.03624320030212402
2025-02-20 16:42:14,0.03608059883117676
2025-02-20 16:42:16,0.03630518913269043
2025-02-20 16:42:17,0.03625607490539551
2025-02-20 16:42:19,0.036417245864868164
2025-02-20 16:42:19,0.03609943389892578
2025-02-20 16:42:21,0.03619980812072754
2025-02-20 16:42:22,0.03604578971862793
2025-02-20 16:42:24,0.03618192672729492
2025-02-20 16:42:24,0.036125898361206055
2025-02-20 16:42:26,0.03622317314147949
2025-02-20 16:42:26,0.03634142875671387
2025-02-20 16:42:28,0.036243438720703125
2025-02-20 16:42:29,0.03614640235900879
2025-02-20 16:42:31,0.03681230545043945
2025-02-20 16:42:32,0.03922152519226074
2025-02-20 16:42:35,0.036869049072265625
2025-02-20 16:42:35,0.0364382266998291
2025-02-20 16:42:38,0.03712034225463867
2025-02-20 16:42:39,0.03676748275756836
2025-02-20 16:42:42,0.0368952751159668
2025-02-20 16:42:42,0.0365300178527832
2025-02-20 16:42:46,0.03695082664489746
2025-02-20 16:42:46,0.036705970764160156
2025-02-20 16:42:49,0.0378422737121582
2025-02-20 16:42:50,0.036957740783691406
2025-02-20 16:42:54,0.037104129791259766
2025-02-20 16:42:54,0.036661386489868164
2025-02-20 16:42:57,0.03640604019165039
2025-02-20 16:42:57,0.036373138427734375
2025-02-20 16:43:00,0.03630232810974121
2025-02-20 16:43:00,0.036242008209228516
2025-02-20 16:43:02,0.036255598068237305
2025-02-20 16:43:03,0.03669142723083496
2025-02-20 16:43:05,0.0363764762878418
2025-02-20 16:43:05,0.03637528419494629
2025-02-20 16:43:07,0.03657341003417969
2025-02-20 16:43:07,0.03647661209106445
2025-02-20 16:43:10,0.03665733337402344
2025-02-20 16:43:10,0.0368349552154541
2025-02-20 16:43:12,0.03687238693237305
2025-02-20 16:43:13,0.03629446029663086
2025-02-20 16:43:15,0.03804516792297363
2025-02-20 16:43:15,0.03681445121765137
2025-02-20 16:43:18,0.03772425651550293
2025-02-20 16:43:18,0.036675453186035156
2025-02-20 16:43:21,0.03675985336303711
2025-02-20 16:43:21,0.03665733337402344
2025-02-20 16:43:24,0.03759431838989258
2025-02-20 16:43:25,0.036345720291137695
2025-02-20 16:43:27,0.036348581314086914
2025-02-20 16:43:28,0.036421775817871094
2025-02-20 16:43:30,0.036328792572021484
2025-02-20 16:43:31,0.03610420227050781
2025-02-20 16:43:33,0.03629016876220703
2025-02-20 16:43:34,0.03680062294006348
2025-02-20 16:43:36,0.03630471229553223
2025-02-20 16:43:37,0.03641700744628906
2025-02-20 16:43:39,0.03634238243103027
2025-02-20 16:43:39,0.03635358810424805
2025-02-20 16:43:42,0.03617525100708008
2025-02-20 16:43:42,0.037801504135131836
2025-02-20 16:43:45,0.03632760047912598
2025-02-20 16:43:46,0.03665757179260254
2025-02-20 16:43:48,0.03638148307800293
2025-02-20 16:43:48,0.03682851791381836
2025-02-20 16:43:51,0.03651547431945801
2025-02-20 16:43:51,0.03652358055114746
2025-02-20 16:43:54,0.037609100341796875
2025-02-20 16:43:55,0.03651738166809082
2025-02-20 16:43:58,0.03729557991027832
2025-02-20 16:43:59,0.03728079795837402
2025-02-20 16:44:03,0.037075042724609375
2025-02-20 16:44:03,0.0366973876953125
2025-02-20 16:44:07,0.04079461097717285
2025-02-20 16:44:08,0.0393824577331543
2025-02-20 16:44:12,0.03736543655395508
2025-02-20 16:44:12,0.0373225212097168
2025-02-20 16:44:16,0.038793087005615234
2025-02-20 16:44:17,0.0368502140045166
2025-02-20 16:44:20,0.03704357147216797
2025-02-20 16:44:21,0.036113739013671875
2025-02-20 16:44:23,0.0362241268157959
2025-02-20 16:44:23,0.036142587661743164
2025-02-20 16:44:25,0.036434173583984375
2025-02-20 16:44:25,0.03621411323547363
2025-02-20 16:44:28,0.03635048866271973
2025-02-20 16:44:28,0.03632187843322754
2025-02-20 16:44:30,0.036424875259399414
2025-02-20 16:44:31,0.03625917434692383
2025-02-20 16:44:33,0.036377906799316406
2025-02-20 16:44:33,0.03634238243103027
2025-02-20 16:44:35,0.0363926887512207
2025-02-20 16:44:35,0.03632807731628418
2025-02-20 16:44:37,0.03653216361999512
2025-02-20 16:44:38,0.036356210708618164
2025-02-20 16:44:40,0.03646659851074219
2025-02-20 16:44:40,0.036284685134887695
2025-02-20 16:44:42,0.03628873825073242
2025-02-20 16:44:43,0.03615117073059082
2025-02-20 16:44:45,0.036364078521728516
2025-02-20 16:44:45,0.036229610443115234
2025-02-20 16:44:47,0.03615617752075195
2025-02-20 16:44:47,0.036153316497802734
2025-02-20 16:44:49,0.036302804946899414
2025-02-20 16:44:49,0.036179542541503906
2025-02-20 16:44:52,0.03617095947265625
2025-02-20 16:44:52,0.03600764274597168
2025-02-20 16:44:54,0.03622174263000488
2025-02-20 16:44:54,0.0361628532409668
2025-02-20 16:44:56,0.036272525787353516
2025-02-20 16:44:56,0.03609800338745117
2025-02-20 16:44:58,0.03635120391845703
2025-02-20 16:44:59,0.03611278533935547
2025-02-20 16:45:01,0.036428213119506836
2025-02-20 16:45:01,0.036218881607055664
2025-02-20 16:45:03,0.036377668380737305
2025-02-20 16:45:03,0.036324501037597656
2025-02-20 16:45:05,0.03662371635437012
2025-02-20 16:45:06,0.03628849983215332
2025-02-20 16:45:08,0.03638195991516113
2025-02-20 16:45:08,0.036229848861694336
2025-02-20 16:45:10,0.03624534606933594
2025-02-20 16:45:11,0.0360870361328125
2025-02-20 16:45:13,0.03624367713928223
2025-02-20 16:45:13,0.036138296127319336
2025-02-20 16:45:15,0.03612399101257324
2025-02-20 16:45:15,0.0366663932800293
2025-02-20 16:45:17,0.0364992618560791
2025-02-20 16:45:17,0.0361781120300293
2025-02-20 16:45:20,0.03667473793029785
2025-02-20 16:45:20,0.03628110885620117
2025-02-20 16:45:23,0.03751492500305176
2025-02-20 16:45:23,0.03706550598144531
2025-02-20 16:45:26,0.03700590133666992
2025-02-20 16:45:26,0.03668546676635742
2025-02-20 16:45:29,0.037101030349731445
2025-02-20 16:45:29,0.03670692443847656
2025-02-20 16:45:32,0.03702211380004883
2025-02-20 16:45:32,0.036713600158691406
2025-02-20 16:45:35,0.03708052635192871
2025-02-20 16:45:35,0.03665924072265625
2025-02-20 16:45:38,0.03713393211364746
2025-02-20 16:45:39,0.03670501708984375
2025-02-20 16:45:41,0.036529541015625
2025-02-20 16:45:41,0.036301374435424805
2025-02-20 16:45:43,0.03628206253051758
2025-02-20 16:45:43,0.036260366439819336
2025-02-20 16:45:45,0.03635525703430176
2025-02-20 16:45:45,0.036254167556762695
2025-02-20 16:45:47,0.03640246391296387
2025-02-20 16:45:48,0.036237478256225586
2025-02-20 16:45:49,0.03643488883972168
2025-02-20 16:45:50,0.03624224662780762
2025-02-20 16:45:52,0.036554813385009766
2025-02-20 16:45:52,0.036225080490112305
2025-02-20 16:45:54,0.03625178337097168
2025-02-20 16:45:54,0.036240339279174805
2025-02-20 16:45:56,0.03621482849121094
2025-02-20 16:45:56,0.0362088680267334
2025-02-20 16:45:58,0.036211252212524414
2025-02-20 16:45:59,0.03608345985412598
2025-02-20 16:46:00,0.0363311767578125
2025-02-20 16:46:01,0.03603863716125488
2025-02-20 16:46:03,0.036203622817993164
2025-02-20 16:46:03,0.036188602447509766
2025-02-20 16:46:05,0.03623771667480469
2025-02-20 16:46:05,0.03621697425842285
2025-02-20 16:46:07,0.039041996002197266
2025-02-20 16:46:07,0.03882122039794922
2025-02-20 16:46:09,0.03638601303100586
2025-02-20 16:46:09,0.03627181053161621
2025-02-20 16:46:11,0.03642773628234863
2025-02-20 16:46:11,0.036295413970947266
2025-02-20 16:46:13,0.03647136688232422
2025-02-20 16:46:14,0.03630185127258301
2025-02-20 16:46:15,0.036314964294433594
2025-02-20 16:46:16,0.0361785888671875
2025-02-20 16:46:18,0.03627443313598633
2025-02-20 16:46:18,0.03620314598083496
2025-02-20 16:46:20,0.03650546073913574
2025-02-20 16:46:20,0.03618788719177246
2025-02-20 16:46:22,0.036345481872558594
2025-02-20 16:46:23,0.03617525100708008
2025-02-20 16:46:25,0.03638339042663574
2025-02-20 16:46:25,0.036195993423461914
2025-02-20 16:46:27,0.03647875785827637
2025-02-20 16:46:28,0.03623557090759277
2025-02-20 16:46:30,0.03658008575439453
2025-02-20 16:46:30,0.03631329536437988
2025-02-20 16:46:32,0.03687906265258789
2025-02-20 16:46:33,0.03642416000366211
2025-02-20 16:46:36,0.03758049011230469
2025-02-20 16:46:36,0.037129878997802734
2025-02-20 16:46:39,0.03712582588195801
2025-02-20 16:46:39,0.03686928749084473
2025-02-20 16:46:42,0.036904096603393555
2025-02-20 16:46:43,0.036537885665893555
2025-02-20 16:46:45,0.036930084228515625
2025-02-20 16:46:46,0.036478281021118164
2025-02-20 16:46:49,0.036956071853637695
2025-02-20 16:46:49,0.03643631935119629
2025-02-20 16:46:52,0.03637838363647461
2025-02-20 16:46:52,0.036162376403808594
2025-02-20 16:46:54,0.0363621711730957
2025-02-20 16:46:55,0.036322593688964844
2025-02-20 16:46:57,0.03646731376647949
2025-02-20 16:46:57,0.0363309383392334
