2025-02-26 13:57:03,0.23219752311706543
2025-02-26 13:57:04,0.029369592666625977
2025-02-26 13:57:05,0.02433943748474121
2025-02-26 13:57:06,0.023671865463256836
2025-02-26 13:57:16,0.08785128593444824
2025-02-26 13:57:16,0.0710611343383789
2025-02-26 13:57:18,0.025600910186767578
2025-02-26 13:57:19,0.025382518768310547
2025-02-26 13:57:20,0.018168926239013672
2025-02-26 13:57:21,0.0177609920501709
2025-02-26 13:57:32,0.04489731788635254
2025-02-26 13:57:33,0.036699533462524414
2025-02-26 13:57:35,0.01799321174621582
2025-02-26 13:57:38,0.01848316192626953
2025-02-26 13:57:39,0.018149614334106445
2025-02-26 13:57:40,0.01774740219116211
2025-02-26 13:57:46,0.030204296112060547
2025-02-26 13:57:46,0.02867722511291504
2025-02-26 13:57:53,0.03074169158935547
2025-02-26 13:57:54,0.02497410774230957
2025-02-26 13:57:56,0.018366575241088867
2025-02-26 13:57:56,0.017807722091674805
2025-02-26 13:58:00,0.018351316452026367
2025-02-26 13:58:00,0.01889514923095703
2025-02-26 13:58:02,0.01799798011779785
2025-02-26 13:58:02,0.017921924591064453
2025-02-26 13:58:08,0.04479026794433594
2025-02-26 13:58:15,0.34372544288635254
2025-02-26 13:58:16,0.02916431427001953
2025-02-26 13:58:17,0.028456687927246094
2025-02-26 13:58:18,0.02397322654724121
2025-02-26 13:58:19,0.023729324340820312
2025-02-26 13:58:23,0.022826194763183594
2025-02-26 13:58:23,0.01776719093322754
2025-02-26 13:58:24,0.01802659034729004
2025-02-26 13:58:29,0.06489062309265137
2025-02-26 13:58:37,0.06265640258789062
2025-02-26 13:58:38,0.043819427490234375
2025-02-26 13:58:39,0.0239565372467041
2025-02-26 13:58:40,0.024227619171142578
2025-02-26 13:58:41,0.018033742904663086
2025-02-26 13:58:42,0.01781320571899414
2025-02-26 13:58:45,0.018086671829223633
2025-02-26 13:58:46,0.017775774002075195
2025-02-26 13:58:51,0.07167387008666992
2025-02-26 13:58:52,0.05794930458068848
2025-02-26 13:58:59,0.028985023498535156
2025-02-26 13:59:00,0.032156944274902344
2025-02-26 13:59:01,0.02579975128173828
2025-02-26 13:59:02,0.023868560791015625
2025-02-26 13:59:06,0.018437862396240234
2025-02-26 13:59:06,0.01785564422607422
2025-02-26 13:59:08,0.01806163787841797
2025-02-26 13:59:08,0.017835378646850586
2025-02-26 13:59:14,0.031481027603149414
2025-02-26 13:59:20,0.23794078826904297
2025-02-26 13:59:22,0.019284486770629883
2025-02-26 13:59:22,0.019163131713867188
2025-02-26 13:59:24,0.01822066307067871
2025-02-26 13:59:24,0.01794576644897461
2025-02-26 13:59:28,0.03882956504821777
2025-02-26 13:59:29,0.04371476173400879
2025-02-26 13:59:35,0.06797027587890625
2025-02-26 13:59:42,0.06796479225158691
2025-02-26 13:59:44,0.06157326698303223
2025-02-26 13:59:45,0.05867266654968262
2025-02-26 13:59:46,0.029102325439453125
2025-02-26 13:59:47,0.028680801391601562
2025-02-26 13:59:50,0.019418716430664062
2025-02-26 13:59:51,0.019155025482177734
2025-02-26 13:59:52,0.018059492111206055
2025-02-26 13:59:57,0.07029080390930176
2025-02-26 14:00:04,0.07359027862548828
2025-02-26 14:00:05,0.044394493103027344
2025-02-26 14:00:07,0.033010244369506836
2025-02-26 14:00:07,0.02700352668762207
2025-02-26 14:00:09,0.025701045989990234
2025-02-26 14:00:11,0.02742791175842285
2025-02-26 14:00:13,0.018543481826782227
2025-02-26 14:00:13,0.018285751342773438
2025-02-26 14:00:19,0.07264947891235352
2025-02-26 14:00:19,0.04215192794799805
2025-02-26 14:00:28,0.0259549617767334
2025-02-26 14:00:28,0.02681422233581543
2025-02-26 14:00:30,0.01914215087890625
2025-02-26 14:00:30,0.01804494857788086
2025-02-26 14:00:31,0.01806807518005371
2025-02-26 14:00:32,0.018068790435791016
2025-02-26 14:00:33,0.017974138259887695
2025-02-26 14:00:34,0.023050546646118164
2025-02-26 14:00:35,0.018326282501220703
2025-02-26 14:00:35,0.01782369613647461
2025-02-26 14:00:37,0.01847243309020996
2025-02-26 14:00:37,0.01811838150024414
2025-02-26 14:00:38,0.01799631118774414
2025-02-26 14:00:39,0.018099069595336914
2025-02-26 14:00:41,0.018363237380981445
2025-02-26 14:00:41,0.018614768981933594
2025-02-26 14:00:42,0.018949031829833984
2025-02-26 14:00:43,0.01820087432861328
2025-02-26 14:00:44,0.018099069595336914
2025-02-26 14:00:45,0.018309831619262695
2025-02-26 14:00:46,0.018346071243286133
2025-02-26 14:00:47,0.01832294464111328
2025-02-26 14:00:48,0.01845526695251465
2025-02-26 14:00:49,0.018232345581054688
2025-02-26 14:00:50,0.018405675888061523
2025-02-26 14:00:50,0.018642187118530273
2025-02-26 14:00:52,0.018109798431396484
2025-02-26 14:00:52,0.01800084114074707
2025-02-26 14:00:54,0.018018007278442383
2025-02-26 14:00:54,0.018027782440185547
2025-02-26 14:00:55,0.0180819034576416
2025-02-26 14:00:56,0.018004894256591797
2025-02-26 14:00:57,0.018253326416015625
2025-02-26 14:00:58,0.01825547218322754
2025-02-26 14:00:59,0.018107175827026367
2025-02-26 14:01:00,0.01801156997680664
2025-02-26 14:01:01,0.018126964569091797
2025-02-26 14:01:02,0.018398046493530273
2025-02-26 14:01:03,0.018044471740722656
2025-02-26 14:01:04,0.01803421974182129
2025-02-26 14:01:05,0.018282413482666016
2025-02-26 14:01:06,0.018322229385375977
2025-02-26 14:01:07,0.018618106842041016
2025-02-26 14:01:08,0.018013715744018555
2025-02-26 14:01:09,0.018190383911132812
2025-02-26 14:01:10,0.01819133758544922
2025-02-26 14:01:11,0.01836419105529785
2025-02-26 14:01:12,0.01790308952331543
2025-02-26 14:01:13,0.01825118064880371
2025-02-26 14:01:14,0.017867326736450195
2025-02-26 14:01:15,0.018522024154663086
2025-02-26 14:01:16,0.017900705337524414
2025-02-26 14:01:17,0.018148422241210938
2025-02-26 14:01:17,0.018164873123168945
2025-02-26 14:01:19,0.018344402313232422
2025-02-26 14:01:19,0.018184900283813477
2025-02-26 14:01:21,0.018045902252197266
2025-02-26 14:01:21,0.01788926124572754
2025-02-26 14:01:23,0.018915653228759766
2025-02-26 14:01:23,0.01814413070678711
2025-02-26 14:01:25,0.018141984939575195
2025-02-26 14:01:25,0.017949581146240234
2025-02-26 14:01:26,0.018049240112304688
2025-02-26 14:01:27,0.01790142059326172
2025-02-26 14:01:28,0.020380020141601562
2025-02-26 14:01:29,0.01791691780090332
2025-02-26 14:01:30,0.018022537231445312
2025-02-26 14:01:31,0.01795816421508789
2025-02-26 14:01:32,0.0181429386138916
2025-02-26 14:01:33,0.018008947372436523
2025-02-26 14:01:34,0.018161773681640625
2025-02-26 14:01:35,0.017936229705810547
2025-02-26 14:01:36,0.018299341201782227
2025-02-26 14:01:36,0.018299341201782227
2025-02-26 14:01:38,0.022156238555908203
2025-02-26 14:01:38,0.017836809158325195
2025-02-26 14:01:40,0.018016576766967773
2025-02-26 14:01:40,0.018259525299072266
2025-02-26 14:01:41,0.018955469131469727
2025-02-26 14:01:42,0.017956256866455078
2025-02-26 14:01:43,0.01821732521057129
2025-02-26 14:01:44,0.01799941062927246
2025-02-26 14:01:45,0.01846909523010254
2025-02-26 14:01:45,0.01828169822692871
2025-02-26 14:01:47,0.018034934997558594
2025-02-26 14:01:47,0.018040895462036133
2025-02-26 14:01:49,0.01817488670349121
2025-02-26 14:01:49,0.018377304077148438
2025-02-26 14:01:51,0.018328189849853516
2025-02-26 14:01:52,0.0203249454498291
2025-02-26 14:01:53,0.018200159072875977
2025-02-26 14:01:54,0.01803278923034668
2025-02-26 14:01:55,0.01836848258972168
2025-02-26 14:01:55,0.017879247665405273
2025-02-26 14:01:57,0.018245458602905273
2025-02-26 14:01:57,0.01800370216369629
2025-02-26 14:01:59,0.018177032470703125
2025-02-26 14:02:00,0.017992734909057617
2025-02-26 14:02:01,0.018170833587646484
2025-02-26 14:02:02,0.018149375915527344
2025-02-26 14:02:03,0.018301725387573242
2025-02-26 14:02:04,0.01785588264465332
2025-02-26 14:02:05,0.01830124855041504
2025-02-26 14:02:05,0.017845869064331055
2025-02-26 14:02:07,0.018168210983276367
2025-02-26 14:02:07,0.01796126365661621
2025-02-26 14:02:09,0.0180206298828125
2025-02-26 14:02:09,0.018114566802978516
2025-02-26 14:02:10,0.018268585205078125
2025-02-26 14:02:11,0.01778268814086914
2025-02-26 14:02:12,0.01836085319519043
2025-02-26 14:02:12,0.017825603485107422
2025-02-26 14:02:14,0.018169403076171875
2025-02-26 14:02:14,0.018132925033569336
2025-02-26 14:02:15,0.018216609954833984
2025-02-26 14:02:16,0.017961502075195312
2025-02-26 14:02:17,0.01844191551208496
2025-02-26 14:02:18,0.01787400245666504
2025-02-26 14:02:19,0.018130779266357422
2025-02-26 14:02:19,0.017908573150634766
2025-02-26 14:02:21,0.018071413040161133
2025-02-26 14:02:21,0.017792701721191406
2025-02-26 14:02:23,0.018052339553833008
2025-02-26 14:02:23,0.01783442497253418
2025-02-26 14:02:24,0.01812434196472168
2025-02-26 14:02:25,0.01793074607849121
2025-02-26 14:02:26,0.018021583557128906
2025-02-26 14:02:27,0.017891883850097656
2025-02-26 14:02:28,0.018070697784423828
2025-02-26 14:02:28,0.01778721809387207
2025-02-26 14:02:30,0.018031835556030273
2025-02-26 14:02:30,0.017837047576904297
2025-02-26 14:02:32,0.018076658248901367
2025-02-26 14:02:32,0.01782083511352539
2025-02-26 14:02:34,0.018040895462036133
2025-02-26 14:02:34,0.017855405807495117
2025-02-26 14:02:35,0.018072843551635742
2025-02-26 14:02:36,0.01815485954284668
2025-02-26 14:02:37,0.01808619499206543
2025-02-26 14:02:38,0.017817974090576172
2025-02-26 14:02:39,0.018174409866333008
2025-02-26 14:02:40,0.018932104110717773
2025-02-26 14:02:41,0.018096923828125
2025-02-26 14:02:42,0.018160104751586914
2025-02-26 14:02:43,0.018041372299194336
2025-02-26 14:02:44,0.017901897430419922
2025-02-26 14:02:45,0.01802968978881836
2025-02-26 14:02:45,0.01777052879333496
2025-02-26 14:02:47,0.019419431686401367
2025-02-26 14:02:47,0.01787543296813965
2025-02-26 14:02:48,0.018586158752441406
2025-02-26 14:02:49,0.018123388290405273
2025-02-26 14:02:50,0.01807570457458496
2025-02-26 14:02:51,0.019133329391479492
2025-02-26 14:02:52,0.018044471740722656
2025-02-26 14:02:52,0.0178987979888916
2025-02-26 14:02:54,0.0240323543548584
2025-02-26 14:02:54,0.018183231353759766
2025-02-26 14:02:56,0.018285751342773438
2025-02-26 14:02:56,0.017905712127685547
2025-02-26 14:02:57,0.01878046989440918
2025-02-26 14:02:58,0.019446611404418945
2025-02-26 14:02:59,0.02449631690979004
2025-02-26 14:03:00,0.023937463760375977
2025-02-26 14:03:01,0.018024206161499023
2025-02-26 14:03:01,0.01786661148071289
2025-02-26 14:03:03,0.018787622451782227
2025-02-26 14:03:03,0.017816543579101562
2025-02-26 14:03:04,0.01807379722595215
2025-02-26 14:03:05,0.018139123916625977
2025-02-26 14:03:06,0.01811957359313965
2025-02-26 14:03:07,0.017865896224975586
2025-02-26 14:03:08,0.0180356502532959
2025-02-26 14:03:08,0.01783919334411621
2025-02-26 14:03:09,0.01813030242919922
2025-02-26 14:03:10,0.018247604370117188
2025-02-26 14:03:11,0.01840496063232422
2025-02-26 14:03:12,0.0179135799407959
2025-02-26 14:03:13,0.018282651901245117
2025-02-26 14:03:14,0.017923355102539062
2025-02-26 14:03:15,0.018042802810668945
2025-02-26 14:03:16,0.017876148223876953
2025-02-26 14:03:17,0.018169403076171875
2025-02-26 14:03:18,0.01786351203918457
2025-02-26 14:03:19,0.018018245697021484
2025-02-26 14:03:20,0.01787400245666504
2025-02-26 14:03:21,0.018059492111206055
2025-02-26 14:03:22,0.017954111099243164
2025-02-26 14:03:23,0.018033266067504883
2025-02-26 14:03:24,0.018059253692626953
2025-02-26 14:03:25,0.018076181411743164
2025-02-26 14:03:26,0.018071413040161133
2025-02-26 14:03:27,0.018061399459838867
2025-02-26 14:03:28,0.017920255661010742
2025-02-26 14:03:29,0.01812887191772461
2025-02-26 14:03:30,0.01798415184020996
2025-02-26 14:03:31,0.01808786392211914
2025-02-26 14:03:32,0.018148183822631836
2025-02-26 14:03:33,0.018317461013793945
2025-02-26 14:03:34,0.017947912216186523
2025-02-26 14:03:35,0.018345117568969727
2025-02-26 14:03:36,0.01809978485107422
2025-02-26 14:03:37,0.0181121826171875
2025-02-26 14:03:38,0.017914533615112305
2025-02-26 14:03:39,0.018229246139526367
2025-02-26 14:03:40,0.02146291732788086
2025-02-26 14:03:41,0.018158674240112305
2025-02-26 14:03:42,0.0178835391998291
2025-02-26 14:03:43,0.018212080001831055
2025-02-26 14:03:43,0.017905473709106445
2025-02-26 14:03:45,0.018550634384155273
2025-02-26 14:03:46,0.017915010452270508
2025-02-26 14:03:47,0.018419265747070312
2025-02-26 14:03:48,0.018436908721923828
2025-02-26 14:03:49,0.01872086524963379
2025-02-26 14:03:50,0.018618345260620117
2025-02-26 14:03:51,0.018060922622680664
2025-02-26 14:03:52,0.018190622329711914
2025-02-26 14:03:53,0.01830434799194336
2025-02-26 14:03:54,0.018137216567993164
2025-02-26 14:03:55,0.01822805404663086
2025-02-26 14:03:56,0.017998218536376953
2025-02-26 14:03:57,0.018378019332885742
2025-02-26 14:03:58,0.018095016479492188
2025-02-26 14:03:59,0.01833033561706543
2025-02-26 14:03:59,0.017925024032592773
2025-02-26 14:04:01,0.018093109130859375
2025-02-26 14:04:01,0.017893552780151367
2025-02-26 14:04:02,0.018995046615600586
2025-02-26 14:04:03,0.017915964126586914
2025-02-26 14:04:04,0.018229961395263672
2025-02-26 14:04:05,0.01804971694946289
2025-02-26 14:04:06,0.018224239349365234
2025-02-26 14:04:07,0.01801753044128418
2025-02-26 14:04:08,0.01837635040283203
2025-02-26 14:04:08,0.018088817596435547
2025-02-26 14:04:10,0.018110275268554688
2025-02-26 14:04:10,0.017812728881835938
2025-02-26 14:04:11,0.019041061401367188
2025-02-26 14:04:12,0.018203258514404297
2025-02-26 14:04:13,0.018210411071777344
2025-02-26 14:04:14,0.018221378326416016
2025-02-26 14:04:15,0.018095016479492188
2025-02-26 14:04:16,0.01788043975830078
2025-02-26 14:04:17,0.018067121505737305
2025-02-26 14:04:17,0.017910242080688477
2025-02-26 14:04:19,0.01823139190673828
2025-02-26 14:04:19,0.017847537994384766
2025-02-26 14:04:20,0.018054485321044922
2025-02-26 14:04:21,0.018080472946166992
2025-02-26 14:04:22,0.018358945846557617
2025-02-26 14:04:23,0.017897844314575195
2025-02-26 14:04:24,0.01833200454711914
2025-02-26 14:04:24,0.01799798011779785
2025-02-26 14:04:26,0.018133163452148438
2025-02-26 14:04:26,0.017910480499267578
2025-02-26 14:04:27,0.018349647521972656
2025-02-26 14:04:28,0.018283605575561523
2025-02-26 14:04:29,0.018366098403930664
2025-02-26 14:04:30,0.01788949966430664
2025-02-26 14:04:31,0.018299102783203125
2025-02-26 14:04:31,0.017949819564819336
2025-02-26 14:04:33,0.01807999610900879
2025-02-26 14:04:33,0.018050432205200195
2025-02-26 14:04:35,0.018088340759277344
2025-02-26 14:04:35,0.017862558364868164
2025-02-26 14:04:36,0.018214941024780273
2025-02-26 14:04:37,0.017853260040283203
2025-02-26 14:04:38,0.018129587173461914
2025-02-26 14:04:39,0.017863750457763672
2025-02-26 14:04:40,0.018337488174438477
2025-02-26 14:04:40,0.017864465713500977
2025-02-26 14:04:42,0.018131732940673828
2025-02-26 14:04:42,0.017847776412963867
2025-02-26 14:04:43,0.018359661102294922
2025-02-26 14:04:44,0.017950057983398438
2025-02-26 14:04:45,0.018078327178955078
2025-02-26 14:04:46,0.01811957359313965
2025-02-26 14:04:47,0.01832127571105957
2025-02-26 14:04:47,0.01800370216369629
2025-02-26 14:04:49,0.018099069595336914
2025-02-26 14:04:49,0.01814889907836914
2025-02-26 14:04:50,0.018241405487060547
2025-02-26 14:04:51,0.018136978149414062
2025-02-26 14:04:52,0.018085479736328125
2025-02-26 14:04:52,0.0178525447845459
2025-02-26 14:04:54,0.01813983917236328
2025-02-26 14:04:54,0.017830848693847656
2025-02-26 14:04:55,0.018062591552734375
2025-02-26 14:04:56,0.02558159828186035
2025-02-26 14:04:57,0.01822519302368164
2025-02-26 14:04:57,0.017878293991088867
2025-02-26 14:04:58,0.0185394287109375
2025-02-26 14:04:59,0.017818450927734375
2025-02-26 14:05:00,0.018239498138427734
2025-02-26 14:05:00,0.01806187629699707
2025-02-26 14:05:02,0.01812744140625
2025-02-26 14:05:02,0.017936229705810547
2025-02-26 14:05:03,0.018061161041259766
2025-02-26 14:05:04,0.01789116859436035
2025-02-26 14:05:05,0.019550561904907227
2025-02-26 14:05:05,0.017879247665405273
2025-02-26 14:05:06,0.018162965774536133
2025-02-26 14:05:07,0.017985820770263672
2025-02-26 14:05:08,0.018358945846557617
2025-02-26 14:05:08,0.01792430877685547
2025-02-26 14:05:09,0.018024444580078125
2025-02-26 14:05:10,0.017912864685058594
2025-02-26 14:05:11,0.018070459365844727
2025-02-26 14:05:11,0.017806291580200195
2025-02-26 14:05:12,0.018134117126464844
2025-02-26 14:05:13,0.022469043731689453
2025-02-26 14:05:14,0.018060922622680664
2025-02-26 14:05:14,0.01798725128173828
2025-02-26 14:05:16,0.018152236938476562
2025-02-26 14:05:16,0.0178525447845459
2025-02-26 14:05:17,0.018115758895874023
2025-02-26 14:05:18,0.017952919006347656
2025-02-26 14:05:19,0.01806950569152832
2025-02-26 14:05:19,0.017957448959350586
2025-02-26 14:05:20,0.018037080764770508
2025-02-26 14:05:21,0.018035173416137695
2025-02-26 14:05:22,0.01824331283569336
2025-02-26 14:05:22,0.017974376678466797
2025-02-26 14:05:23,0.018261432647705078
2025-02-26 14:05:24,0.018053531646728516
2025-02-26 14:05:25,0.018049955368041992
2025-02-26 14:05:25,0.01796436309814453
2025-02-26 14:05:26,0.018203020095825195
2025-02-26 14:05:27,0.017846345901489258
2025-02-26 14:05:28,0.01815485954284668
2025-02-26 14:05:28,0.017962217330932617
2025-02-26 14:05:29,0.018176555633544922
2025-02-26 14:05:30,0.017887353897094727
2025-02-26 14:05:31,0.018029451370239258
2025-02-26 14:05:31,0.018023014068603516
2025-02-26 14:05:32,0.018082380294799805
2025-02-26 14:05:33,0.01793193817138672
2025-02-26 14:05:34,0.01810288429260254
2025-02-26 14:05:34,0.017982959747314453
2025-02-26 14:05:35,0.01819753646850586
2025-02-26 14:05:35,0.017813444137573242
2025-02-26 14:05:37,0.018224716186523438
2025-02-26 14:05:37,0.018222808837890625
2025-02-26 14:05:38,0.018187999725341797
2025-02-26 14:05:38,0.018158912658691406
2025-02-26 14:05:39,0.018137216567993164
2025-02-26 14:05:40,0.018047332763671875
2025-02-26 14:05:41,0.018132925033569336
2025-02-26 14:05:41,0.017939090728759766
2025-02-26 14:05:42,0.01808333396911621
2025-02-26 14:05:43,0.01801896095275879
2025-02-26 14:05:44,0.018128156661987305
2025-02-26 14:05:44,0.018070220947265625
2025-02-26 14:05:45,0.018314123153686523
2025-02-26 14:05:45,0.01808929443359375
2025-02-26 14:05:47,0.018296480178833008
2025-02-26 14:05:47,0.017870187759399414
2025-02-26 14:05:48,0.018336772918701172
2025-02-26 14:05:48,0.017930984497070312
2025-02-26 14:05:49,0.018334150314331055
2025-02-26 14:05:50,0.017893552780151367
2025-02-26 14:05:51,0.02227044105529785
2025-02-26 14:05:51,0.01807093620300293
2025-02-26 14:05:52,0.018390655517578125
2025-02-26 14:05:52,0.017792463302612305
2025-02-26 14:05:54,0.018431425094604492
2025-02-26 14:05:54,0.022113561630249023
2025-02-26 14:05:55,0.01833510398864746
2025-02-26 14:05:55,0.017989635467529297
2025-02-26 14:05:56,0.018547534942626953
2025-02-26 14:05:57,0.018373727798461914
2025-02-26 14:05:58,0.01933574676513672
2025-02-26 14:05:58,0.019321203231811523
2025-02-26 14:05:59,0.01866316795349121
2025-02-26 14:06:00,0.018337488174438477
2025-02-26 14:06:01,0.0185086727142334
2025-02-26 14:06:01,0.018280982971191406
2025-02-26 14:06:02,0.01809239387512207
2025-02-26 14:06:03,0.017818689346313477
2025-02-26 14:06:04,0.01807403564453125
2025-02-26 14:06:04,0.01782965660095215
2025-02-26 14:06:05,0.019458770751953125
2025-02-26 14:06:06,0.019064903259277344
2025-02-26 14:06:07,0.019261598587036133
2025-02-26 14:06:07,0.019119977951049805
2025-02-26 14:06:08,0.019381999969482422
2025-02-26 14:06:09,0.01934528350830078
2025-02-26 14:06:10,0.019354581832885742
2025-02-26 14:06:10,0.019136428833007812
2025-02-26 14:06:12,0.019295215606689453
2025-02-26 14:06:12,0.019254684448242188
2025-02-26 14:06:13,0.019428253173828125
2025-02-26 14:06:14,0.01911020278930664
2025-02-26 14:06:15,0.019533872604370117
2025-02-26 14:06:16,0.019127368927001953
2025-02-26 14:06:17,0.019294261932373047
2025-02-26 14:06:17,0.019266128540039062
2025-02-26 14:06:18,0.01945662498474121
2025-02-26 14:06:19,0.019411325454711914
2025-02-26 14:06:20,0.01875901222229004
2025-02-26 14:06:21,0.018407344818115234
2025-02-26 14:06:22,0.018613100051879883
2025-02-26 14:06:23,0.01858210563659668
2025-02-26 14:06:24,0.018621206283569336
2025-02-26 14:06:24,0.018393754959106445
2025-02-26 14:06:26,0.019193410873413086
2025-02-26 14:06:26,0.023787498474121094
2025-02-26 14:06:28,0.019286155700683594
2025-02-26 14:06:28,0.019189119338989258
2025-02-26 14:06:30,0.019274473190307617
2025-02-26 14:06:30,0.019174814224243164
2025-02-26 14:06:32,0.019552946090698242
2025-02-26 14:06:33,0.019306659698486328
2025-02-26 14:06:34,0.01809096336364746
2025-02-26 14:06:35,0.017882823944091797
2025-02-26 14:06:36,0.01829385757446289
2025-02-26 14:06:37,0.018149375915527344
2025-02-26 14:06:38,0.018222570419311523
2025-02-26 14:06:39,0.017838716506958008
2025-02-26 14:06:40,0.018352985382080078
2025-02-26 14:06:41,0.01794719696044922
2025-02-26 14:06:42,0.018082857131958008
2025-02-26 14:06:43,0.017838239669799805
2025-02-26 14:06:44,0.01808643341064453
2025-02-26 14:06:45,0.01789689064025879
2025-02-26 14:06:46,0.018096446990966797
2025-02-26 14:06:47,0.01791524887084961
2025-02-26 14:06:48,0.018141746520996094
2025-02-26 14:06:49,0.01795053482055664
2025-02-26 14:06:50,0.018181800842285156
2025-02-26 14:06:51,0.017893552780151367
2025-02-26 14:06:52,0.01811528205871582
2025-02-26 14:06:52,0.017911195755004883
2025-02-26 14:06:54,0.01804947853088379
2025-02-26 14:06:54,0.017957210540771484
2025-02-26 14:06:56,0.018206357955932617
2025-02-26 14:06:56,0.017951488494873047
2025-02-26 14:06:58,0.018390655517578125
2025-02-26 14:06:58,0.018094778060913086
2025-02-26 14:06:59,0.018251895904541016
2025-02-26 14:07:00,0.01790452003479004
2025-02-26 14:07:01,0.018107175827026367
2025-02-26 14:07:02,0.017836570739746094
2025-02-26 14:07:03,0.01812458038330078
2025-02-26 14:07:04,0.017889022827148438
2025-02-26 14:07:05,0.024784326553344727
2025-02-26 14:07:05,0.01797938346862793
2025-02-26 14:07:07,0.01823592185974121
2025-02-26 14:07:07,0.01787114143371582
2025-02-26 14:07:08,0.01813507080078125
2025-02-26 14:07:09,0.01788616180419922
2025-02-26 14:07:10,0.01813220977783203
2025-02-26 14:07:11,0.017797231674194336
2025-02-26 14:07:12,0.018349170684814453
2025-02-26 14:07:13,0.017897844314575195
2025-02-26 14:07:14,0.018114328384399414
2025-02-26 14:07:14,0.017765045166015625
2025-02-26 14:07:16,0.018447399139404297
2025-02-26 14:07:16,0.017861127853393555
2025-02-26 14:07:18,0.018068552017211914
2025-02-26 14:07:18,0.017870187759399414
2025-02-26 14:07:20,0.01813364028930664
2025-02-26 14:07:20,0.017969131469726562
2025-02-26 14:07:22,0.01818084716796875
2025-02-26 14:07:22,0.017927169799804688
2025-02-26 14:07:23,0.018338441848754883
2025-02-26 14:07:24,0.021462202072143555
2025-02-26 14:07:25,0.0181429386138916
2025-02-26 14:07:26,0.01791977882385254
2025-02-26 14:07:27,0.018359899520874023
2025-02-26 14:07:27,0.017958879470825195
2025-02-26 14:07:29,0.0181124210357666
2025-02-26 14:07:29,0.017985820770263672
2025-02-26 14:07:30,0.018230438232421875
2025-02-26 14:07:31,0.017989397048950195
2025-02-26 14:07:32,0.018465518951416016
2025-02-26 14:07:33,0.017814159393310547
2025-02-26 14:07:34,0.018299579620361328
2025-02-26 14:07:35,0.017873764038085938
2025-02-26 14:07:36,0.01813220977783203
2025-02-26 14:07:36,0.0178372859954834
2025-02-26 14:07:37,0.018206357955932617
2025-02-26 14:07:38,0.017907381057739258
2025-02-26 14:07:39,0.01809096336364746
2025-02-26 14:07:39,0.01839447021484375
2025-02-26 14:07:40,0.018249034881591797
2025-02-26 14:07:41,0.017856597900390625
2025-02-26 14:07:42,0.018212080001831055
2025-02-26 14:07:42,0.01781940460205078
2025-02-26 14:07:44,0.01807689666748047
2025-02-26 14:07:44,0.02222919464111328
2025-02-26 14:07:45,0.018255949020385742
2025-02-26 14:07:45,0.017919063568115234
2025-02-26 14:07:47,0.018416404724121094
2025-02-26 14:07:47,0.017818450927734375
2025-02-26 14:07:49,0.018065690994262695
2025-02-26 14:07:49,0.017973899841308594
2025-02-26 14:07:50,0.018306255340576172
2025-02-26 14:07:51,0.018084287643432617
2025-02-26 14:07:52,0.02472829818725586
2025-02-26 14:07:52,0.01797199249267578
2025-02-26 14:07:53,0.018254756927490234
2025-02-26 14:07:54,0.021076202392578125
2025-02-26 14:07:55,0.01836705207824707
2025-02-26 14:07:56,0.017939090728759766
2025-02-26 14:07:57,0.018324851989746094
2025-02-26 14:07:57,0.018261432647705078
2025-02-26 14:07:58,0.0180356502532959
2025-02-26 14:07:59,0.01782059669494629
2025-02-26 14:08:00,0.018105745315551758
2025-02-26 14:08:00,0.017817020416259766
2025-02-26 14:08:01,0.01854419708251953
2025-02-26 14:08:02,0.018754243850708008
2025-02-26 14:08:03,0.018067598342895508
2025-02-26 14:08:03,0.018078088760375977
2025-02-26 14:08:05,0.018171310424804688
2025-02-26 14:08:05,0.021594762802124023
2025-02-26 14:08:06,0.018080711364746094
2025-02-26 14:08:06,0.018122434616088867
2025-02-26 14:08:08,0.018652677536010742
2025-02-26 14:08:08,0.018099308013916016
2025-02-26 14:08:09,0.018099546432495117
2025-02-26 14:08:10,0.01787710189819336
2025-02-26 14:08:11,0.018086910247802734
2025-02-26 14:08:11,0.01782703399658203
2025-02-26 14:08:12,0.01814126968383789
2025-02-26 14:08:13,0.017854928970336914
2025-02-26 14:08:14,0.018419981002807617
2025-02-26 14:08:14,0.017873525619506836
2025-02-26 14:08:16,0.018425703048706055
2025-02-26 14:08:16,0.01793527603149414
2025-02-26 14:08:17,0.0183107852935791
2025-02-26 14:08:18,0.017796754837036133
2025-02-26 14:08:19,0.01805281639099121
2025-02-26 14:08:19,0.017801284790039062
2025-02-26 14:08:20,0.018471956253051758
2025-02-26 14:08:21,0.017992734909057617
2025-02-26 14:08:22,0.018567800521850586
2025-02-26 14:08:22,0.018433094024658203
2025-02-26 14:08:23,0.018563270568847656
2025-02-26 14:08:24,0.018424510955810547
2025-02-26 14:08:25,0.018567323684692383
2025-02-26 14:08:25,0.01836252212524414
2025-02-26 14:08:27,0.01886892318725586
2025-02-26 14:08:27,0.018484115600585938
2025-02-26 14:08:28,0.018378257751464844
2025-02-26 14:08:29,0.01796269416809082
2025-02-26 14:08:30,0.01816868782043457
2025-02-26 14:08:30,0.017910480499267578
2025-02-26 14:08:32,0.0182340145111084
2025-02-26 14:08:32,0.01792168617248535
2025-02-26 14:08:33,0.01818680763244629
2025-02-26 14:08:33,0.017813682556152344
2025-02-26 14:08:34,0.018182992935180664
2025-02-26 14:08:35,0.0180051326751709
2025-02-26 14:08:36,0.0185244083404541
2025-02-26 14:08:36,0.018422842025756836
2025-02-26 14:08:37,0.018648624420166016
2025-02-26 14:08:37,0.018620014190673828
2025-02-26 14:08:38,0.018509387969970703
2025-02-26 14:08:39,0.018422842025756836
2025-02-26 14:08:40,0.018639326095581055
2025-02-26 14:08:40,0.01830267906188965
2025-02-26 14:08:41,0.018675804138183594
2025-02-26 14:08:41,0.020828962326049805
2025-02-26 14:08:42,0.018607139587402344
2025-02-26 14:08:42,0.01844477653503418
2025-02-26 14:08:43,0.019657373428344727
2025-02-26 14:08:43,0.018265485763549805
2025-02-26 14:08:44,0.01850748062133789
2025-02-26 14:08:44,0.018401145935058594
2025-02-26 14:08:45,0.01860809326171875
2025-02-26 14:08:45,0.018768310546875
2025-02-26 14:08:46,0.018596887588500977
2025-02-26 14:08:46,0.018369674682617188
2025-02-26 14:08:47,0.018481731414794922
2025-02-26 14:08:47,0.018651723861694336
2025-02-26 14:08:48,0.01856398582458496
2025-02-26 14:08:49,0.018581867218017578
2025-02-26 14:08:49,0.018616437911987305
2025-02-26 14:08:50,0.018349647521972656
2025-02-26 14:08:51,0.018654346466064453
2025-02-26 14:08:51,0.018257856369018555
2025-02-26 14:08:52,0.018946170806884766
2025-02-26 14:08:52,0.018361330032348633
2025-02-26 14:08:53,0.019456863403320312
2025-02-26 14:08:53,0.01900458335876465
2025-02-26 14:08:54,0.019459962844848633
2025-02-26 14:08:54,0.019124746322631836
2025-02-26 14:08:55,0.025765419006347656
2025-02-26 14:08:55,0.018595218658447266
2025-02-26 14:08:56,0.01880359649658203
2025-02-26 14:08:57,0.018416881561279297
2025-02-26 14:08:58,0.018949508666992188
2025-02-26 14:08:58,0.018320798873901367
2025-02-26 14:08:59,0.01838374137878418
2025-02-26 14:08:59,0.018022775650024414
2025-02-26 14:09:00,0.018286705017089844
2025-02-26 14:09:00,0.017767906188964844
2025-02-26 14:09:01,0.018104076385498047
2025-02-26 14:09:01,0.017856836318969727
2025-02-26 14:09:02,0.018337011337280273
2025-02-26 14:09:02,0.017838239669799805
2025-02-26 14:09:03,0.018903017044067383
2025-02-26 14:09:03,0.017884492874145508
2025-02-26 14:09:04,0.018073558807373047
2025-02-26 14:09:04,0.017863750457763672
2025-02-26 14:09:05,0.018096923828125
2025-02-26 14:09:05,0.018020153045654297
2025-02-26 14:09:06,0.01800394058227539
2025-02-26 14:09:06,0.017756938934326172
2025-02-26 14:09:06,0.01805901527404785
2025-02-26 14:09:07,0.017770767211914062
2025-02-26 14:09:07,0.01796722412109375
2025-02-26 14:09:07,0.01787877082824707
2025-02-26 14:09:08,0.01812911033630371
2025-02-26 14:09:08,0.01786041259765625
2025-02-26 14:09:09,0.018268823623657227
2025-02-26 14:09:09,0.017804861068725586
2025-02-26 14:09:10,0.018015146255493164
2025-02-26 14:09:10,0.01796889305114746
2025-02-26 14:09:11,0.020279645919799805
2025-02-26 14:09:11,0.017830848693847656
2025-02-26 14:09:12,0.017941951751708984
2025-02-26 14:09:12,0.020072221755981445
2025-02-26 14:09:13,0.018387794494628906
2025-02-26 14:09:13,0.017854690551757812
2025-02-26 14:09:14,0.01807236671447754
2025-02-26 14:09:14,0.018004179000854492
2025-02-26 14:09:15,0.01816391944885254
2025-02-26 14:09:15,0.018238306045532227
2025-02-26 14:09:16,0.018253564834594727
2025-02-26 14:09:16,0.018870115280151367
2025-02-26 14:09:17,0.017945051193237305
2025-02-26 14:09:17,0.01811051368713379
2025-02-26 14:09:18,0.018147945404052734
2025-02-26 14:09:18,0.018158912658691406
2025-02-26 14:09:19,0.01811361312866211
2025-02-26 14:09:19,0.018259525299072266
2025-02-26 14:09:19,0.018226146697998047
2025-02-26 14:09:20,0.017870664596557617
2025-02-26 14:09:21,0.018300294876098633
2025-02-26 14:09:21,0.017998218536376953
2025-02-26 14:09:22,0.018335342407226562
2025-02-26 14:09:22,0.017960071563720703
2025-02-26 14:09:23,0.01832413673400879
2025-02-26 14:09:24,0.01811528205871582
2025-02-26 14:09:25,0.018246889114379883
2025-02-26 14:09:25,0.017873048782348633
2025-02-26 14:09:26,0.01835322380065918
2025-02-26 14:09:26,0.017851591110229492
2025-02-26 14:09:28,0.018415212631225586
2025-02-26 14:09:28,0.020038843154907227
2025-02-26 14:09:29,0.020991802215576172
2025-02-26 14:09:29,0.017960786819458008
2025-02-26 14:09:30,0.018253564834594727
2025-02-26 14:09:30,0.01797199249267578
2025-02-26 14:09:31,0.018308162689208984
2025-02-26 14:09:31,0.017951488494873047
2025-02-26 14:09:32,0.01832723617553711
2025-02-26 14:09:32,0.017989635467529297
2025-02-26 14:09:33,0.01828932762145996
2025-02-26 14:09:33,0.017976999282836914
2025-02-26 14:09:34,0.018299102783203125
2025-02-26 14:09:35,0.01783895492553711
2025-02-26 14:09:36,0.01801776885986328
2025-02-26 14:09:36,0.018030405044555664
2025-02-26 14:09:37,0.018359899520874023
2025-02-26 14:09:37,0.01830291748046875
2025-02-26 14:09:38,0.018531084060668945
2025-02-26 14:09:38,0.01813817024230957
2025-02-26 14:09:39,0.018104076385498047
2025-02-26 14:09:39,0.01818394660949707
2025-02-26 14:09:40,0.018337249755859375
2025-02-26 14:09:41,0.018191814422607422
2025-02-26 14:09:42,0.018524885177612305
2025-02-26 14:09:42,0.018324851989746094
2025-02-26 14:09:43,0.018050432205200195
2025-02-26 14:09:43,0.02514815330505371
2025-02-26 14:09:44,0.018140554428100586
2025-02-26 14:09:44,0.018127918243408203
2025-02-26 14:09:45,0.018375396728515625
2025-02-26 14:09:46,0.018097877502441406
2025-02-26 14:09:47,0.018048763275146484
2025-02-26 14:09:47,0.017850160598754883
2025-02-26 14:09:48,0.018067598342895508
2025-02-26 14:09:48,0.017973899841308594
2025-02-26 14:09:49,0.01871776580810547
2025-02-26 14:09:50,0.01872563362121582
2025-02-26 14:09:51,0.018515825271606445
2025-02-26 14:09:51,0.018485307693481445
2025-02-26 14:09:52,0.020033597946166992
2025-02-26 14:09:52,0.018599748611450195
2025-02-26 14:09:53,0.01864910125732422
2025-02-26 14:09:54,0.01883983612060547
2025-02-26 14:09:55,0.018269062042236328
2025-02-26 14:09:55,0.018136262893676758
2025-02-26 14:09:57,0.018336057662963867
2025-02-26 14:09:57,0.017973661422729492
2025-02-26 14:09:58,0.018414735794067383
2025-02-26 14:09:59,0.017823219299316406
2025-02-26 14:10:00,0.01800060272216797
2025-02-26 14:10:01,0.01793217658996582
2025-02-26 14:10:02,0.018124103546142578
2025-02-26 14:10:03,0.018112659454345703
2025-02-26 14:10:04,0.018173933029174805
2025-02-26 14:10:04,0.018181324005126953
2025-02-26 14:10:05,0.018062829971313477
2025-02-26 14:10:06,0.017932415008544922
2025-02-26 14:10:07,0.018014907836914062
2025-02-26 14:10:07,0.017958641052246094
2025-02-26 14:10:08,0.018120765686035156
2025-02-26 14:10:09,0.017841815948486328
2025-02-26 14:10:10,0.018099069595336914
2025-02-26 14:10:10,0.017887115478515625
2025-02-26 14:10:11,0.018082857131958008
2025-02-26 14:10:12,0.017889022827148438
2025-02-26 14:10:13,0.018080472946166992
2025-02-26 14:10:13,0.017859220504760742
2025-02-26 14:10:14,0.018070220947265625
2025-02-26 14:10:15,0.01790785789489746
2025-02-26 14:10:16,0.01806354522705078
2025-02-26 14:10:16,0.017791032791137695
2025-02-26 14:10:17,0.01817941665649414
2025-02-26 14:10:17,0.017914295196533203
2025-02-26 14:10:18,0.018166780471801758
2025-02-26 14:10:19,0.017843008041381836
2025-02-26 14:10:20,0.018912076950073242
2025-02-26 14:10:20,0.017860889434814453
2025-02-26 14:10:21,0.01813507080078125
2025-02-26 14:10:22,0.01784062385559082
2025-02-26 14:10:23,0.01829814910888672
2025-02-26 14:10:23,0.017903566360473633
2025-02-26 14:10:24,0.018053770065307617
2025-02-26 14:10:25,0.017815589904785156
2025-02-26 14:10:26,0.01813960075378418
2025-02-26 14:10:26,0.01778388023376465
2025-02-26 14:10:28,0.018073558807373047
2025-02-26 14:10:28,0.017957210540771484
2025-02-26 14:10:29,0.018257856369018555
2025-02-26 14:10:30,0.018079280853271484
2025-02-26 14:10:31,0.018119096755981445
2025-02-26 14:10:31,0.0179898738861084
2025-02-26 14:10:33,0.018052101135253906
2025-02-26 14:10:33,0.01816248893737793
2025-02-26 14:10:34,0.01807117462158203
2025-02-26 14:10:35,0.017798662185668945
2025-02-26 14:10:36,0.018058061599731445
2025-02-26 14:10:36,0.017843961715698242
2025-02-26 14:10:37,0.01804375648498535
2025-02-26 14:10:38,0.0178678035736084
2025-02-26 14:10:39,0.018112897872924805
2025-02-26 14:10:39,0.01795196533203125
2025-02-26 14:10:41,0.018122196197509766
2025-02-26 14:10:41,0.017838478088378906
2025-02-26 14:10:42,0.018049001693725586
2025-02-26 14:10:43,0.01782059669494629
2025-02-26 14:10:44,0.01823139190673828
2025-02-26 14:10:44,0.017956972122192383
2025-02-26 14:10:45,0.018079042434692383
2025-02-26 14:10:46,0.017844200134277344
2025-02-26 14:10:47,0.018242359161376953
2025-02-26 14:10:47,0.01782083511352539
2025-02-26 14:10:49,0.01813364028930664
2025-02-26 14:10:49,0.01795673370361328
2025-02-26 14:10:50,0.018076419830322266
2025-02-26 14:10:50,0.01783156394958496
2025-02-26 14:10:52,0.018015623092651367
2025-02-26 14:10:52,0.01781439781188965
2025-02-26 14:10:53,0.018126249313354492
2025-02-26 14:10:54,0.01852869987487793
2025-02-26 14:10:55,0.018087148666381836
2025-02-26 14:10:55,0.01812291145324707
2025-02-26 14:10:56,0.018294572830200195
2025-02-26 14:10:57,0.017971515655517578
2025-02-26 14:10:58,0.019364356994628906
2025-02-26 14:10:58,0.017955780029296875
2025-02-26 14:11:00,0.01838207244873047
2025-02-26 14:11:00,0.01797032356262207
2025-02-26 14:11:01,0.018065214157104492
2025-02-26 14:11:02,0.018212318420410156
2025-02-26 14:11:03,0.018367528915405273
2025-02-26 14:11:03,0.017932415008544922
2025-02-26 14:11:05,0.018054723739624023
2025-02-26 14:11:05,0.01814889907836914
2025-02-26 14:11:06,0.018114566802978516
2025-02-26 14:11:07,0.018229961395263672
2025-02-26 14:11:08,0.018128633499145508
2025-02-26 14:11:08,0.01790332794189453
2025-02-26 14:11:10,0.018069982528686523
2025-02-26 14:11:10,0.01825118064880371
2025-02-26 14:11:11,0.018012046813964844
2025-02-26 14:11:12,0.017920732498168945
2025-02-26 14:11:13,0.01812601089477539
2025-02-26 14:11:13,0.017866849899291992
2025-02-26 14:11:15,0.01809835433959961
2025-02-26 14:11:15,0.0178530216217041
2025-02-26 14:11:16,0.01820993423461914
2025-02-26 14:11:17,0.01794600486755371
2025-02-26 14:11:18,0.01834583282470703
2025-02-26 14:11:18,0.01819157600402832
2025-02-26 14:11:19,0.018155813217163086
2025-02-26 14:11:20,0.017884016036987305
2025-02-26 14:11:21,0.01801323890686035
2025-02-26 14:11:22,0.018189430236816406
2025-02-26 14:11:23,0.018361806869506836
2025-02-26 14:11:23,0.01788330078125
2025-02-26 14:11:25,0.018018722534179688
2025-02-26 14:11:25,0.017835140228271484
2025-02-26 14:11:26,0.018415451049804688
2025-02-26 14:11:27,0.017813444137573242
2025-02-26 14:11:28,0.018047809600830078
2025-02-26 14:11:28,0.018051624298095703
2025-02-26 14:11:30,0.018085718154907227
2025-02-26 14:11:30,0.01785111427307129
2025-02-26 14:11:31,0.01835465431213379
2025-02-26 14:11:32,0.017896652221679688
2025-02-26 14:11:33,0.01805257797241211
2025-02-26 14:11:33,0.018016815185546875
2025-02-26 14:11:34,0.018001079559326172
2025-02-26 14:11:35,0.018144845962524414
2025-02-26 14:11:36,0.01808452606201172
2025-02-26 14:11:36,0.017868757247924805
2025-02-26 14:11:37,0.018047094345092773
2025-02-26 14:11:38,0.018773317337036133
2025-02-26 14:11:39,0.018079042434692383
2025-02-26 14:11:39,0.01789689064025879
2025-02-26 14:11:40,0.018253803253173828
2025-02-26 14:11:41,0.018294811248779297
2025-02-26 14:11:42,0.018331050872802734
2025-02-26 14:11:43,0.017908334732055664
2025-02-26 14:11:44,0.01827526092529297
2025-02-26 14:11:44,0.018049240112304688
2025-02-26 14:11:45,0.01809549331665039
2025-02-26 14:11:46,0.01793670654296875
2025-02-26 14:11:47,0.01830887794494629
2025-02-26 14:11:47,0.018269777297973633
2025-02-26 14:11:48,0.018385648727416992
2025-02-26 14:11:49,0.018198013305664062
2025-02-26 14:11:50,0.01809859275817871
2025-02-26 14:11:50,0.018153667449951172
2025-02-26 14:11:51,0.018171310424804688
2025-02-26 14:11:52,0.017996549606323242
2025-02-26 14:11:53,0.01807689666748047
2025-02-26 14:11:53,0.017830610275268555
2025-02-26 14:11:55,0.01819610595703125
2025-02-26 14:11:55,0.017841577529907227
2025-02-26 14:11:57,0.01805567741394043
2025-02-26 14:11:57,0.018095731735229492
2025-02-26 14:11:59,0.018108367919921875
2025-02-26 14:11:59,0.018010616302490234
2025-02-26 14:12:01,0.018367528915405273
2025-02-26 14:12:01,0.01795673370361328
2025-02-26 14:12:03,0.018061161041259766
2025-02-26 14:12:03,0.01842355728149414
2025-02-26 14:12:05,0.01805901527404785
2025-02-26 14:12:05,0.017873764038085938
2025-02-26 14:12:06,0.018126249313354492
2025-02-26 14:12:07,0.017949819564819336
2025-02-26 14:12:08,0.01820206642150879
2025-02-26 14:12:09,0.01784038543701172
2025-02-26 14:12:10,0.018239974975585938
2025-02-26 14:12:10,0.017870426177978516
2025-02-26 14:12:12,0.018195629119873047
2025-02-26 14:12:12,0.017854690551757812
2025-02-26 14:12:14,0.018201351165771484
2025-02-26 14:12:14,0.01814413070678711
2025-02-26 14:12:15,0.01819133758544922
2025-02-26 14:12:16,0.017879009246826172
2025-02-26 14:12:17,0.018261432647705078
2025-02-26 14:12:18,0.018334388732910156
2025-02-26 14:12:19,0.018057823181152344
2025-02-26 14:12:20,0.01788949966430664
2025-02-26 14:12:21,0.018092870712280273
2025-02-26 14:12:21,0.01804351806640625
2025-02-26 14:12:23,0.018033504486083984
2025-02-26 14:12:23,0.017921924591064453
2025-02-26 14:12:24,0.018092870712280273
2025-02-26 14:12:25,0.01785564422607422
2025-02-26 14:12:26,0.01806020736694336
2025-02-26 14:12:27,0.02222919464111328
2025-02-26 14:12:28,0.01811528205871582
2025-02-26 14:12:29,0.01790785789489746
2025-02-26 14:12:30,0.018064260482788086
2025-02-26 14:12:31,0.017890214920043945
2025-02-26 14:12:32,0.018100261688232422
2025-02-26 14:12:33,0.017830610275268555
2025-02-26 14:12:34,0.018007516860961914
2025-02-26 14:12:35,0.01784801483154297
2025-02-26 14:12:36,0.018051862716674805
2025-02-26 14:12:37,0.01784658432006836
2025-02-26 14:12:38,0.018062829971313477
2025-02-26 14:12:39,0.01830458641052246
2025-02-26 14:12:41,0.018044710159301758
2025-02-26 14:12:41,0.01800823211669922
2025-02-26 14:12:43,0.018349409103393555
2025-02-26 14:12:44,0.017970800399780273
2025-02-26 14:12:45,0.01806950569152832
2025-02-26 14:12:46,0.01799631118774414
2025-02-26 14:12:47,0.018054962158203125
2025-02-26 14:12:48,0.017959117889404297
2025-02-26 14:12:50,0.018552303314208984
2025-02-26 14:12:51,0.017917871475219727
2025-02-26 14:12:52,0.018284320831298828
2025-02-26 14:12:53,0.01794719696044922
2025-02-26 14:12:55,0.018072843551635742
2025-02-26 14:12:55,0.018059968948364258
2025-02-26 14:12:57,0.018125057220458984
2025-02-26 14:12:58,0.01794266700744629
2025-02-26 14:12:59,0.01803874969482422
2025-02-26 14:13:00,0.01793980598449707
2025-02-26 14:13:02,0.018084049224853516
2025-02-26 14:13:02,0.01796698570251465
2025-02-26 14:13:04,0.018425464630126953
2025-02-26 14:13:05,0.018086671829223633
2025-02-26 14:13:06,0.018024444580078125
2025-02-26 14:13:07,0.017928361892700195
2025-02-26 14:13:08,0.018039464950561523
2025-02-26 14:13:09,0.017987489700317383
2025-02-26 14:13:10,0.018023014068603516
2025-02-26 14:13:11,0.01817941665649414
2025-02-26 14:13:13,0.01818084716796875
2025-02-26 14:13:14,0.017960548400878906
2025-02-26 14:13:15,0.018143653869628906
2025-02-26 14:13:16,0.018021345138549805
2025-02-26 14:13:17,0.01808762550354004
2025-02-26 14:13:18,0.01803874969482422
2025-02-26 14:13:20,0.018006324768066406
2025-02-26 14:13:21,0.01798391342163086
2025-02-26 14:13:22,0.019222021102905273
2025-02-26 14:13:23,0.02410888671875
2025-02-26 14:13:24,0.018050432205200195
2025-02-26 14:13:25,0.018006324768066406
2025-02-26 14:13:27,0.01821446418762207
2025-02-26 14:13:27,0.017937183380126953
2025-02-26 14:13:29,0.01807570457458496
2025-02-26 14:13:29,0.018019914627075195
2025-02-26 14:13:31,0.018062591552734375
2025-02-26 14:13:31,0.018033504486083984
2025-02-26 14:13:33,0.018103599548339844
2025-02-26 14:13:34,0.017968416213989258
2025-02-26 14:13:35,0.01805567741394043
2025-02-26 14:13:36,0.017994403839111328
2025-02-26 14:13:37,0.018057584762573242
2025-02-26 14:13:38,0.018050670623779297
2025-02-26 14:13:39,0.018938302993774414
2025-02-26 14:13:40,0.017958879470825195
2025-02-26 14:13:41,0.018100261688232422
2025-02-26 14:13:42,0.017868995666503906
2025-02-26 14:13:43,0.01809072494506836
2025-02-26 14:13:44,0.01793980598449707
2025-02-26 14:13:45,0.018130064010620117
2025-02-26 14:13:45,0.018041372299194336
2025-02-26 14:13:47,0.018095016479492188
2025-02-26 14:13:47,0.017934799194335938
2025-02-26 14:13:49,0.01810002326965332
2025-02-26 14:13:49,0.01795172691345215
2025-02-26 14:13:51,0.018012523651123047
2025-02-26 14:13:51,0.01789093017578125
2025-02-26 14:13:52,0.018140077590942383
2025-02-26 14:13:53,0.017879486083984375
2025-02-26 14:13:54,0.01811361312866211
2025-02-26 14:13:55,0.017970800399780273
2025-02-26 14:13:56,0.018064498901367188
2025-02-26 14:13:57,0.018308162689208984
2025-02-26 14:13:58,0.01915287971496582
2025-02-26 14:13:59,0.018007516860961914
2025-02-26 14:14:00,0.018108844757080078
2025-02-26 14:14:01,0.017908573150634766
2025-02-26 14:14:02,0.018108606338500977
2025-02-26 14:14:03,0.018065214157104492
2025-02-26 14:14:04,0.019208192825317383
2025-02-26 14:14:05,0.01831197738647461
2025-02-26 14:14:06,0.01806950569152832
2025-02-26 14:14:07,0.01784968376159668
2025-02-26 14:14:09,0.018048763275146484
2025-02-26 14:14:10,0.017914533615112305
2025-02-26 14:14:11,0.018072843551635742
2025-02-26 14:14:12,0.01784515380859375
2025-02-26 14:14:13,0.01809549331665039
2025-02-26 14:14:14,0.017879962921142578
2025-02-26 14:14:15,0.01807999610900879
2025-02-26 14:14:16,0.017877578735351562
2025-02-26 14:14:17,0.018201828002929688
2025-02-26 14:14:18,0.017900466918945312
2025-02-26 14:14:20,0.01808333396911621
2025-02-26 14:14:21,0.01787710189819336
2025-02-26 14:14:22,0.01810455322265625
2025-02-26 14:14:22,0.018062591552734375
2025-02-26 14:14:24,0.018233537673950195
2025-02-26 14:14:24,0.018002033233642578
2025-02-26 14:14:26,0.018067121505737305
2025-02-26 14:14:26,0.018370866775512695
2025-02-26 14:14:27,0.018335819244384766
2025-02-26 14:14:28,0.01795029640197754
2025-02-26 14:14:29,0.018048763275146484
2025-02-26 14:14:30,0.018323183059692383
2025-02-26 14:14:31,0.018282413482666016
2025-02-26 14:14:32,0.018025636672973633
2025-02-26 14:14:33,0.018187999725341797
2025-02-26 14:14:34,0.018047571182250977
2025-02-26 14:14:35,0.01835918426513672
2025-02-26 14:14:36,0.0182802677154541
2025-02-26 14:14:38,0.018306493759155273
2025-02-26 14:14:38,0.0181581974029541
2025-02-26 14:14:40,0.01816558837890625
2025-02-26 14:14:40,0.01809859275817871
2025-02-26 14:14:42,0.018474340438842773
2025-02-26 14:14:42,0.01805424690246582
2025-02-26 14:14:44,0.01852583885192871
2025-02-26 14:14:44,0.018236160278320312
2025-02-26 14:14:46,0.01809859275817871
2025-02-26 14:14:47,0.018347501754760742
2025-02-26 14:14:49,0.01822185516357422
2025-02-26 14:14:50,0.018103361129760742
2025-02-26 14:14:51,0.018123388290405273
2025-02-26 14:14:52,0.018207311630249023
2025-02-26 14:14:54,0.018640995025634766
2025-02-26 14:14:54,0.0183260440826416
2025-02-26 14:14:56,0.018606185913085938
2025-02-26 14:14:57,0.01970648765563965
2025-02-26 14:14:59,0.019411802291870117
2025-02-26 14:14:59,0.023827791213989258
2025-02-26 14:15:01,0.02439284324645996
2025-02-26 14:15:02,0.02382516860961914
2025-02-26 14:15:03,0.01994800567626953
2025-02-26 14:15:04,0.019297122955322266
2025-02-26 14:15:06,0.019593238830566406
2025-02-26 14:15:07,0.019097328186035156
2025-02-26 14:15:08,0.019272327423095703
2025-02-26 14:15:09,0.019365787506103516
2025-02-26 14:15:11,0.019359111785888672
2025-02-26 14:15:12,0.019171714782714844
2025-02-26 14:15:13,0.018057584762573242
2025-02-26 14:15:14,0.018064260482788086
2025-02-26 14:15:15,0.018105030059814453
2025-02-26 14:15:16,0.017904996871948242
2025-02-26 14:15:18,0.018180370330810547
2025-02-26 14:15:18,0.01807403564453125
2025-02-26 14:15:20,0.01822209358215332
2025-02-26 14:15:21,0.01793050765991211
2025-02-26 14:15:22,0.01818680763244629
2025-02-26 14:15:23,0.01795816421508789
2025-02-26 14:15:24,0.01812911033630371
2025-02-26 14:15:25,0.017945528030395508
2025-02-26 14:15:27,0.018157958984375
2025-02-26 14:15:27,0.017929792404174805
2025-02-26 14:15:29,0.01826024055480957
2025-02-26 14:15:30,0.018100738525390625
2025-02-26 14:15:32,0.01885223388671875
2025-02-26 14:15:33,0.018213510513305664
2025-02-26 14:15:35,0.01805257797241211
2025-02-26 14:15:35,0.017890453338623047
2025-02-26 14:15:37,0.018082141876220703
2025-02-26 14:15:38,0.017967939376831055
2025-02-26 14:15:40,0.0181124210357666
2025-02-26 14:15:40,0.017984867095947266
2025-02-26 14:15:42,0.01901078224182129
2025-02-26 14:15:43,0.01805877685546875
2025-02-26 14:15:44,0.018016338348388672
2025-02-26 14:15:45,0.01795792579650879
2025-02-26 14:15:47,0.018077611923217773
2025-02-26 14:15:48,0.019962787628173828
2025-02-26 14:15:50,0.018059730529785156
2025-02-26 14:15:51,0.018316268920898438
2025-02-26 14:15:52,0.019246816635131836
2025-02-26 14:15:53,0.018005847930908203
2025-02-26 14:15:55,0.017999887466430664
2025-02-26 14:15:55,0.01794576644897461
2025-02-26 14:15:57,0.018099546432495117
2025-02-26 14:15:58,0.0180356502532959
2025-02-26 14:16:00,0.018257856369018555
2025-02-26 14:16:00,0.022050857543945312
2025-02-26 14:16:02,0.01808452606201172
2025-02-26 14:16:03,0.01831650733947754
2025-02-26 14:16:05,0.01816868782043457
2025-02-26 14:16:05,0.021273374557495117
2025-02-26 14:16:07,0.01819777488708496
2025-02-26 14:16:08,0.017870187759399414
2025-02-26 14:16:10,0.018053531646728516
2025-02-26 14:16:11,0.017914533615112305
2025-02-26 14:16:12,0.01827836036682129
2025-02-26 14:16:13,0.01793980598449707
2025-02-26 14:16:15,0.018021821975708008
2025-02-26 14:16:16,0.017966032028198242
2025-02-26 14:16:17,0.018140554428100586
2025-02-26 14:16:18,0.017876148223876953
2025-02-26 14:16:20,0.01801609992980957
2025-02-26 14:16:21,0.0182955265045166
2025-02-26 14:16:23,0.018157005310058594
2025-02-26 14:16:24,0.017911672592163086
2025-02-26 14:16:25,0.01801156997680664
2025-02-26 14:16:26,0.018018245697021484
2025-02-26 14:16:28,0.018514633178710938
2025-02-26 14:16:29,0.017963171005249023
2025-02-26 14:16:30,0.018003225326538086
2025-02-26 14:16:31,0.017888307571411133
2025-02-26 14:16:33,0.017980098724365234
2025-02-26 14:16:34,0.017993450164794922
2025-02-26 14:16:35,0.018166065216064453
2025-02-26 14:16:36,0.01788616180419922
2025-02-26 14:16:38,0.01794910430908203
2025-02-26 14:16:38,0.018038272857666016
2025-02-26 14:16:40,0.02124309539794922
2025-02-26 14:16:41,0.017951011657714844
2025-02-26 14:16:43,0.017993927001953125
2025-02-26 14:16:44,0.018010854721069336
2025-02-26 14:16:46,0.018360376358032227
2025-02-26 14:16:47,0.017905712127685547
2025-02-26 14:16:50,0.018405437469482422
2025-02-26 14:16:51,0.018006563186645508
2025-02-26 14:16:52,0.018134117126464844
2025-02-26 14:16:53,0.020060062408447266
2025-02-26 14:16:55,0.018223285675048828
2025-02-26 14:16:57,0.01791667938232422
2025-02-26 14:16:59,0.018062829971313477
2025-02-26 14:17:00,0.017890214920043945
2025-02-26 14:17:02,0.01797342300415039
2025-02-26 14:17:02,0.017906665802001953
2025-02-26 14:17:04,0.018148183822631836
2025-02-26 14:17:05,0.018010377883911133
2025-02-26 14:17:06,0.017960071563720703
2025-02-26 14:17:07,0.017956256866455078
2025-02-26 14:17:08,0.01805901527404785
2025-02-26 14:17:10,0.017974376678466797
2025-02-26 14:17:11,0.018040180206298828
2025-02-26 14:17:12,0.017877578735351562
2025-02-26 14:17:14,0.01798415184020996
2025-02-26 14:17:15,0.017857789993286133
2025-02-26 14:17:16,0.018168926239013672
2025-02-26 14:17:17,0.01793193817138672
2025-02-26 14:17:19,0.017991065979003906
2025-02-26 14:17:19,0.017896652221679688
2025-02-26 14:17:21,0.018178224563598633
2025-02-26 14:17:22,0.017876625061035156
2025-02-26 14:17:23,0.01818561553955078
2025-02-26 14:17:24,0.017969608306884766
2025-02-26 14:17:25,0.01811361312866211
2025-02-26 14:17:26,0.0180356502532959
2025-02-26 14:17:28,0.018357038497924805
2025-02-26 14:17:28,0.017891645431518555
2025-02-26 14:17:30,0.018067121505737305
2025-02-26 14:17:30,0.018111467361450195
2025-02-26 14:17:31,0.01804518699645996
2025-02-26 14:17:32,0.017874956130981445
2025-02-26 14:17:33,0.020429372787475586
2025-02-26 14:17:34,0.018598079681396484
2025-02-26 14:17:35,0.018168210983276367
2025-02-26 14:17:36,0.017867565155029297
2025-02-26 14:17:37,0.01804661750793457
2025-02-26 14:17:37,0.018150806427001953
2025-02-26 14:17:38,0.019260883331298828
2025-02-26 14:17:39,0.017894506454467773
2025-02-26 14:17:40,0.01810145378112793
2025-02-26 14:17:41,0.01796746253967285
2025-02-26 14:17:42,0.018019676208496094
2025-02-26 14:17:42,0.01828598976135254
2025-02-26 14:17:43,0.018018722534179688
2025-02-26 14:17:44,0.01818990707397461
2025-02-26 14:17:45,0.01808476448059082
2025-02-26 14:17:45,0.017981529235839844
2025-02-26 14:17:46,0.018132448196411133
2025-02-26 14:17:47,0.01795220375061035
2025-02-26 14:17:48,0.018143177032470703
2025-02-26 14:17:48,0.017987966537475586
2025-02-26 14:17:49,0.018117427825927734
2025-02-26 14:17:49,0.018034696578979492
2025-02-26 14:17:51,0.018245220184326172
2025-02-26 14:17:51,0.018115997314453125
2025-02-26 14:17:52,0.018164396286010742
2025-02-26 14:17:52,0.017920970916748047
2025-02-26 14:17:53,0.018055200576782227
2025-02-26 14:17:54,0.017868518829345703
2025-02-26 14:17:55,0.018219470977783203
2025-02-26 14:17:55,0.01795482635498047
2025-02-26 14:17:56,0.0183718204498291
2025-02-26 14:17:57,0.017879247665405273
2025-02-26 14:17:58,0.018630027770996094
2025-02-26 14:17:58,0.018536090850830078
2025-02-26 14:17:59,0.018517732620239258
2025-02-26 14:17:59,0.018396854400634766
2025-02-26 14:18:00,0.018791913986206055
2025-02-26 14:18:00,0.018620014190673828
2025-02-26 14:18:01,0.01883673667907715
2025-02-26 14:18:02,0.01829981803894043
2025-02-26 14:18:03,0.01821112632751465
2025-02-26 14:18:03,0.01783132553100586
2025-02-26 14:18:04,0.018159866333007812
2025-02-26 14:18:04,0.017779827117919922
2025-02-26 14:18:05,0.018253087997436523
2025-02-26 14:18:06,0.017802953720092773
2025-02-26 14:18:07,0.018305540084838867
2025-02-26 14:18:07,0.017716646194458008
2025-02-26 14:18:08,0.0181124210357666
2025-02-26 14:18:08,0.017802715301513672
2025-02-26 14:18:10,0.018150806427001953
2025-02-26 14:18:10,0.01799774169921875
2025-02-26 14:18:11,0.018322229385375977
2025-02-26 14:18:11,0.017786741256713867
2025-02-26 14:18:12,0.018196582794189453
2025-02-26 14:18:13,0.018024921417236328
2025-02-26 14:18:14,0.018158912658691406
2025-02-26 14:18:14,0.017806291580200195
2025-02-26 14:18:15,0.018192052841186523
2025-02-26 14:18:16,0.018095970153808594
2025-02-26 14:18:17,0.018136978149414062
2025-02-26 14:18:17,0.017954587936401367
2025-02-26 14:18:18,0.01826024055480957
2025-02-26 14:18:19,0.01795363426208496
2025-02-26 14:18:20,0.018227815628051758
2025-02-26 14:18:20,0.01810312271118164
2025-02-26 14:18:21,0.01798868179321289
2025-02-26 14:18:22,0.017984390258789062
2025-02-26 14:18:23,0.018045425415039062
2025-02-26 14:18:23,0.01902318000793457
2025-02-26 14:18:25,0.018123865127563477
2025-02-26 14:18:25,0.017888784408569336
2025-02-26 14:18:26,0.018581151962280273
2025-02-26 14:18:26,0.018442630767822266
2025-02-26 14:18:28,0.01873922348022461
2025-02-26 14:18:28,0.01836419105529785
2025-02-26 14:18:29,0.018389225006103516
2025-02-26 14:18:30,0.01806783676147461
2025-02-26 14:18:31,0.018119096755981445
2025-02-26 14:18:31,0.017951250076293945
2025-02-26 14:18:32,0.018115758895874023
2025-02-26 14:18:33,0.01795172691345215
2025-02-26 14:18:34,0.018353939056396484
2025-02-26 14:18:35,0.017852783203125
2025-02-26 14:18:36,0.018160581588745117
2025-02-26 14:18:36,0.017847776412963867
2025-02-26 14:18:37,0.01810431480407715
2025-02-26 14:18:38,0.017888545989990234
2025-02-26 14:18:39,0.018486976623535156
2025-02-26 14:18:39,0.01792311668395996
2025-02-26 14:18:40,0.018182039260864258
2025-02-26 14:18:41,0.01779007911682129
2025-02-26 14:18:42,0.018962383270263672
2025-02-26 14:18:42,0.018062114715576172
2025-02-26 14:18:44,0.018323421478271484
2025-02-26 14:18:44,0.0184023380279541
2025-02-26 14:18:45,0.018224000930786133
2025-02-26 14:18:46,0.017845869064331055
2025-02-26 14:18:47,0.01812458038330078
2025-02-26 14:18:47,0.01807570457458496
2025-02-26 14:18:48,0.01824951171875
2025-02-26 14:18:49,0.01797199249267578
2025-02-26 14:18:50,0.0180814266204834
2025-02-26 14:18:50,0.017989158630371094
2025-02-26 14:18:51,0.018883228302001953
2025-02-26 14:18:52,0.018035888671875
2025-02-26 14:18:53,0.018366575241088867
2025-02-26 14:18:53,0.018117666244506836
2025-02-26 14:18:54,0.018349647521972656
2025-02-26 14:18:55,0.01811504364013672
2025-02-26 14:18:56,0.018216371536254883
2025-02-26 14:18:56,0.017986536026000977
2025-02-26 14:18:57,0.018208980560302734
2025-02-26 14:18:58,0.018283605575561523
2025-02-26 14:18:59,0.018391847610473633
2025-02-26 14:18:59,0.01786661148071289
2025-02-26 14:19:00,0.018424510955810547
2025-02-26 14:19:01,0.01796412467956543
2025-02-26 14:19:02,0.018268346786499023
2025-02-26 14:19:02,0.01845693588256836
2025-02-26 14:19:03,0.018100261688232422
2025-02-26 14:19:04,0.01791977882385254
2025-02-26 14:19:05,0.01813673973083496
2025-02-26 14:19:05,0.017877817153930664
2025-02-26 14:19:06,0.018169641494750977
2025-02-26 14:19:07,0.017921924591064453
2025-02-26 14:19:08,0.018059730529785156
2025-02-26 14:19:08,0.01781439781188965
2025-02-26 14:19:10,0.018013954162597656
2025-02-26 14:19:10,0.017968416213989258
2025-02-26 14:19:11,0.018024206161499023
2025-02-26 14:19:12,0.018204450607299805
2025-02-26 14:19:13,0.018283605575561523
2025-02-26 14:19:13,0.018192529678344727
2025-02-26 14:19:14,0.018027305603027344
2025-02-26 14:19:15,0.01795506477355957
2025-02-26 14:19:16,0.01822209358215332
2025-02-26 14:19:16,0.01792001724243164
2025-02-26 14:19:18,0.01842474937438965
2025-02-26 14:19:18,0.018058061599731445
2025-02-26 14:19:19,0.018161773681640625
2025-02-26 14:19:20,0.017932891845703125
2025-02-26 14:19:21,0.018189430236816406
2025-02-26 14:19:22,0.018250703811645508
2025-02-26 14:19:23,0.018260955810546875
2025-02-26 14:19:23,0.017867565155029297
2025-02-26 14:19:24,0.018160581588745117
2025-02-26 14:19:25,0.017871856689453125
2025-02-26 14:19:26,0.018051624298095703
2025-02-26 14:19:26,0.018276453018188477
2025-02-26 14:19:27,0.018321990966796875
2025-02-26 14:19:27,0.01812577247619629
2025-02-26 14:19:29,0.018567562103271484
2025-02-26 14:19:29,0.018368005752563477
2025-02-26 14:19:30,0.01847362518310547
2025-02-26 14:19:30,0.01862955093383789
2025-02-26 14:19:32,0.0186614990234375
2025-02-26 14:19:32,0.018355607986450195
2025-02-26 14:19:33,0.01872563362121582
2025-02-26 14:19:33,0.018491744995117188
2025-02-26 14:19:35,0.018754243850708008
2025-02-26 14:19:35,0.018471956253051758
2025-02-26 14:19:37,0.023375749588012695
2025-02-26 14:19:37,0.018459081649780273
2025-02-26 14:19:38,0.018845081329345703
2025-02-26 14:19:38,0.01860976219177246
2025-02-26 14:19:39,0.01852107048034668
2025-02-26 14:19:40,0.018718719482421875
2025-02-26 14:19:41,0.018524646759033203
2025-02-26 14:19:41,0.018541336059570312
2025-02-26 14:19:42,0.018756866455078125
2025-02-26 14:19:43,0.018501996994018555
2025-02-26 14:19:44,0.018457651138305664
2025-02-26 14:19:44,0.018044471740722656
2025-02-26 14:19:45,0.018228769302368164
2025-02-26 14:19:46,0.017887353897094727
2025-02-26 14:19:47,0.018529891967773438
2025-02-26 14:19:47,0.017873287200927734
2025-02-26 14:19:49,0.018071651458740234
2025-02-26 14:19:49,0.018105745315551758
2025-02-26 14:19:50,0.018176794052124023
2025-02-26 14:19:50,0.01887655258178711
2025-02-26 14:19:52,0.018280029296875
2025-02-26 14:19:52,0.01893925666809082
2025-02-26 14:19:53,0.019281864166259766
2025-02-26 14:19:54,0.019401073455810547
2025-02-26 14:19:55,0.019652605056762695
2025-02-26 14:19:55,0.01965618133544922
2025-02-26 14:19:56,0.020421266555786133
2025-02-26 14:19:57,0.01929640769958496
2025-02-26 14:19:58,0.019678354263305664
2025-02-26 14:19:58,0.019404172897338867
2025-02-26 14:19:59,0.019942283630371094
2025-02-26 14:19:59,0.01984548568725586
2025-02-26 14:20:00,0.019683837890625
2025-02-26 14:20:01,0.019434690475463867
2025-02-26 14:20:02,0.01952505111694336
2025-02-26 14:20:02,0.019222736358642578
2025-02-26 14:20:03,0.01849508285522461
2025-02-26 14:20:04,0.018125534057617188
2025-02-26 14:20:05,0.018433094024658203
2025-02-26 14:20:05,0.018115758895874023
2025-02-26 14:20:06,0.018056631088256836
2025-02-26 14:20:06,0.01800847053527832
2025-02-26 14:20:07,0.018453121185302734
2025-02-26 14:20:08,0.017971038818359375
2025-02-26 14:20:09,0.018291711807250977
2025-02-26 14:20:09,0.018003463745117188
2025-02-26 14:20:10,0.018045902252197266
2025-02-26 14:20:10,0.017899751663208008
2025-02-26 14:20:11,0.018314599990844727
2025-02-26 14:20:11,0.01795220375061035
2025-02-26 14:20:12,0.018126249313354492
2025-02-26 14:20:12,0.017984867095947266
2025-02-26 14:20:13,0.018082618713378906
2025-02-26 14:20:14,0.021616220474243164
2025-02-26 14:20:15,0.02357625961303711
2025-02-26 14:20:15,0.017911911010742188
2025-02-26 14:20:16,0.01814723014831543
2025-02-26 14:20:16,0.01822686195373535
2025-02-26 14:20:17,0.018317699432373047
2025-02-26 14:20:17,0.017946481704711914
2025-02-26 14:20:18,0.018455028533935547
2025-02-26 14:20:18,0.017887115478515625
2025-02-26 14:20:19,0.018123388290405273
2025-02-26 14:20:19,0.018146753311157227
2025-02-26 14:20:20,0.018022537231445312
2025-02-26 14:20:20,0.022705078125
2025-02-26 14:20:21,0.018003463745117188
2025-02-26 14:20:22,0.01784205436706543
2025-02-26 14:20:23,0.021226167678833008
2025-02-26 14:20:23,0.017917633056640625
2025-02-26 14:20:24,0.01827096939086914
2025-02-26 14:20:24,0.01780557632446289
2025-02-26 14:20:25,0.01825428009033203
2025-02-26 14:20:25,0.018235206604003906
2025-02-26 14:20:27,0.0183563232421875
2025-02-26 14:20:27,0.017941951751708984
2025-02-26 14:20:28,0.018142223358154297
2025-02-26 14:20:28,0.01798844337463379
2025-02-26 14:20:29,0.01822686195373535
2025-02-26 14:20:30,0.01813030242919922
2025-02-26 14:20:31,0.01809239387512207
2025-02-26 14:20:31,0.0178530216217041
2025-02-26 14:20:32,0.018133878707885742
2025-02-26 14:20:32,0.017795562744140625
2025-02-26 14:20:34,0.018013477325439453
2025-02-26 14:20:34,0.017960071563720703
2025-02-26 14:20:35,0.01810312271118164
2025-02-26 14:20:35,0.017991304397583008
2025-02-26 14:20:37,0.018061399459838867
2025-02-26 14:20:37,0.017893075942993164
2025-02-26 14:20:38,0.018105745315551758
2025-02-26 14:20:39,0.017778635025024414
2025-02-26 14:20:40,0.018058061599731445
2025-02-26 14:20:40,0.01781940460205078
2025-02-26 14:20:42,0.018037080764770508
2025-02-26 14:20:42,0.017796754837036133
2025-02-26 14:20:44,0.01815485954284668
2025-02-26 14:20:44,0.017792463302612305
2025-02-26 14:20:46,0.018006086349487305
2025-02-26 14:20:47,0.01781630516052246
2025-02-26 14:20:48,0.018016338348388672
2025-02-26 14:20:49,0.017819881439208984
2025-02-26 14:20:50,0.018054485321044922
2025-02-26 14:20:51,0.018126964569091797
2025-02-26 14:20:52,0.018938064575195312
2025-02-26 14:20:53,0.017824411392211914
2025-02-26 14:20:54,0.018031597137451172
2025-02-26 14:20:55,0.017817974090576172
2025-02-26 14:20:57,0.01815056800842285
2025-02-26 14:20:57,0.01794886589050293
2025-02-26 14:20:59,0.018103837966918945
2025-02-26 14:20:59,0.018033742904663086
2025-02-26 14:21:01,0.017971515655517578
2025-02-26 14:21:01,0.017841100692749023
2025-02-26 14:21:03,0.018054485321044922
2025-02-26 14:21:03,0.018186092376708984
2025-02-26 14:21:05,0.018062591552734375
2025-02-26 14:21:05,0.01812458038330078
2025-02-26 14:21:07,0.018069744110107422
2025-02-26 14:21:07,0.018047571182250977
2025-02-26 14:21:09,0.018036842346191406
2025-02-26 14:21:09,0.017988204956054688
2025-02-26 14:21:11,0.018152713775634766
2025-02-26 14:21:11,0.017830371856689453
2025-02-26 14:21:13,0.018203258514404297
2025-02-26 14:21:14,0.02050638198852539
2025-02-26 14:21:15,0.018192052841186523
2025-02-26 14:21:16,0.018496990203857422
2025-02-26 14:21:17,0.018598556518554688
2025-02-26 14:21:18,0.01839900016784668
2025-02-26 14:21:19,0.01808452606201172
2025-02-26 14:21:20,0.017970800399780273
2025-02-26 14:21:21,0.018148422241210938
2025-02-26 14:21:22,0.017992734909057617
2025-02-26 14:21:24,0.018166065216064453
2025-02-26 14:21:24,0.017859697341918945
2025-02-26 14:21:26,0.01816415786743164
2025-02-26 14:21:27,0.017832040786743164
2025-02-26 14:21:28,0.018146038055419922
2025-02-26 14:21:29,0.017916440963745117
2025-02-26 14:21:31,0.01817631721496582
2025-02-26 14:21:32,0.017887353897094727
2025-02-26 14:21:33,0.01840519905090332
2025-02-26 14:21:34,0.017990589141845703
2025-02-26 14:21:36,0.018117189407348633
2025-02-26 14:21:36,0.01793646812438965
2025-02-26 14:21:38,0.031107425689697266
2025-02-26 14:21:38,0.01783585548400879
2025-02-26 14:21:40,0.018014907836914062
2025-02-26 14:21:41,0.017893552780151367
2025-02-26 14:21:42,0.018125057220458984
2025-02-26 14:21:43,0.0179750919342041
2025-02-26 14:21:44,0.01802539825439453
2025-02-26 14:21:45,0.01795172691345215
2025-02-26 14:21:46,0.018094778060913086
2025-02-26 14:21:47,0.017871379852294922
2025-02-26 14:21:49,0.018030881881713867
2025-02-26 14:21:50,0.018118619918823242
2025-02-26 14:21:51,0.01798081398010254
2025-02-26 14:21:52,0.01778554916381836
2025-02-26 14:21:53,0.018130064010620117
2025-02-26 14:21:54,0.01804208755493164
2025-02-26 14:21:56,0.01799607276916504
2025-02-26 14:21:57,0.01796746253967285
2025-02-26 14:21:59,0.02097630500793457
2025-02-26 14:21:59,0.018022537231445312
2025-02-26 14:22:01,0.01821422576904297
2025-02-26 14:22:02,0.018069982528686523
2025-02-26 14:22:03,0.0180208683013916
2025-02-26 14:22:04,0.017946481704711914
2025-02-26 14:22:05,0.0180513858795166
2025-02-26 14:22:06,0.017899036407470703
2025-02-26 14:22:08,0.018084049224853516
2025-02-26 14:22:08,0.017930984497070312
2025-02-26 14:22:10,0.017973661422729492
2025-02-26 14:22:10,0.017899274826049805
2025-02-26 14:22:12,0.01817631721496582
2025-02-26 14:22:13,0.017935514450073242
2025-02-26 14:22:14,0.018059968948364258
2025-02-26 14:22:15,0.018057584762573242
2025-02-26 14:22:16,0.018378257751464844
2025-02-26 14:22:17,0.01790642738342285
2025-02-26 14:22:18,0.01804208755493164
2025-02-26 14:22:19,0.018030166625976562
2025-02-26 14:22:21,0.018395423889160156
2025-02-26 14:22:21,0.017888784408569336
2025-02-26 14:22:23,0.018030405044555664
2025-02-26 14:22:23,0.017990589141845703
2025-02-26 14:22:25,0.02361917495727539
2025-02-26 14:22:25,0.018238306045532227
2025-02-26 14:22:26,0.018063783645629883
2025-02-26 14:22:27,0.01796889305114746
2025-02-26 14:22:28,0.018043994903564453
2025-02-26 14:22:29,0.017902135848999023
2025-02-26 14:22:30,0.019176959991455078
2025-02-26 14:22:31,0.019293785095214844
2025-02-26 14:22:32,0.018548965454101562
2025-02-26 14:22:33,0.0185086727142334
2025-02-26 14:22:34,0.018469572067260742
2025-02-26 14:22:35,0.018497228622436523
2025-02-26 14:22:36,0.018158435821533203
2025-02-26 14:22:37,0.01795029640197754
2025-02-26 14:22:38,0.017975568771362305
2025-02-26 14:22:39,0.017913103103637695
2025-02-26 14:22:40,0.018173933029174805
2025-02-26 14:22:41,0.017874956130981445
2025-02-26 14:22:42,0.01801013946533203
2025-02-26 14:22:43,0.018075227737426758
2025-02-26 14:22:45,0.018058061599731445
2025-02-26 14:22:45,0.01791095733642578
2025-02-26 14:22:46,0.01797938346862793
2025-02-26 14:22:47,0.01792168617248535
2025-02-26 14:22:48,0.018036842346191406
2025-02-26 14:22:49,0.018047094345092773
2025-02-26 14:22:50,0.018480777740478516
2025-02-26 14:22:51,0.017931699752807617
2025-02-26 14:22:52,0.018185138702392578
2025-02-26 14:22:53,0.017900705337524414
2025-02-26 14:22:54,0.018037796020507812
2025-02-26 14:22:55,0.017824649810791016
2025-02-26 14:22:56,0.018199920654296875
2025-02-26 14:22:56,0.017919301986694336
2025-02-26 14:22:58,0.018109560012817383
2025-02-26 14:22:58,0.017922639846801758
2025-02-26 14:23:00,0.018435239791870117
2025-02-26 14:23:00,0.018520593643188477
2025-02-26 14:23:01,0.018566131591796875
2025-02-26 14:23:02,0.018414974212646484
2025-02-26 14:23:03,0.018529415130615234
2025-02-26 14:23:04,0.018339157104492188
2025-02-26 14:23:05,0.018579721450805664
2025-02-26 14:23:05,0.01837444305419922
2025-02-26 14:23:07,0.019237518310546875
2025-02-26 14:23:08,0.019350528717041016
2025-02-26 14:23:09,0.018519878387451172
2025-02-26 14:23:10,0.018369436264038086
2025-02-26 14:23:11,0.01844644546508789
2025-02-26 14:23:12,0.0183718204498291
2025-02-26 14:23:13,0.018552541732788086
2025-02-26 14:23:13,0.018428802490234375
2025-02-26 14:23:15,0.01851677894592285
2025-02-26 14:23:15,0.018370866775512695
2025-02-26 14:23:17,0.024346590042114258
2025-02-26 14:23:17,0.019202232360839844
2025-02-26 14:23:19,0.019144773483276367
2025-02-26 14:23:20,0.019650697708129883
2025-02-26 14:23:21,0.019422292709350586
2025-02-26 14:23:21,0.019107580184936523
2025-02-26 14:23:23,0.01854538917541504
2025-02-26 14:23:23,0.01838994026184082
2025-02-26 14:23:25,0.018657207489013672
2025-02-26 14:23:25,0.01842355728149414
2025-02-26 14:23:27,0.018795490264892578
2025-02-26 14:23:27,0.018306493759155273
2025-02-26 14:23:28,0.018023967742919922
2025-02-26 14:23:29,0.017938613891601562
2025-02-26 14:23:30,0.018009662628173828
2025-02-26 14:23:31,0.017803668975830078
2025-02-26 14:23:32,0.017967939376831055
2025-02-26 14:23:33,0.01778125762939453
2025-02-26 14:23:34,0.01800847053527832
2025-02-26 14:23:34,0.01790165901184082
2025-02-26 14:23:36,0.017953872680664062
2025-02-26 14:23:36,0.017783164978027344
2025-02-26 14:23:38,0.018073081970214844
2025-02-26 14:23:38,0.01789259910583496
2025-02-26 14:23:39,0.01801156997680664
2025-02-26 14:23:40,0.017868995666503906
2025-02-26 14:23:41,0.01795816421508789
2025-02-26 14:23:42,0.0178070068359375
2025-02-26 14:23:43,0.01801323890686035
2025-02-26 14:23:44,0.021802902221679688
2025-02-26 14:23:45,0.018021345138549805
2025-02-26 14:23:45,0.017835378646850586
2025-02-26 14:23:47,0.01813340187072754
2025-02-26 14:23:47,0.017754077911376953
2025-02-26 14:23:49,0.018012285232543945
2025-02-26 14:23:49,0.017839670181274414
2025-02-26 14:23:50,0.018177509307861328
2025-02-26 14:23:51,0.01798701286315918
2025-02-26 14:23:52,0.018154144287109375
2025-02-26 14:23:53,0.017861366271972656
2025-02-26 14:23:54,0.01813507080078125
2025-02-26 14:23:55,0.01817774772644043
2025-02-26 14:23:56,0.018047332763671875
2025-02-26 14:23:56,0.018157005310058594
2025-02-26 14:23:58,0.018052339553833008
2025-02-26 14:23:58,0.017835378646850586
2025-02-26 14:24:00,0.018219947814941406
2025-02-26 14:24:00,0.01782059669494629
2025-02-26 14:24:01,0.018184185028076172
2025-02-26 14:24:02,0.0179293155670166
2025-02-26 14:24:03,0.017991065979003906
2025-02-26 14:24:04,0.01781439781188965
2025-02-26 14:24:05,0.018189191818237305
2025-02-26 14:24:05,0.01782679557800293
2025-02-26 14:24:07,0.01804041862487793
2025-02-26 14:24:07,0.017839908599853516
2025-02-26 14:24:09,0.017975330352783203
2025-02-26 14:24:09,0.017835378646850586
2025-02-26 14:24:10,0.01810598373413086
2025-02-26 14:24:11,0.01780986785888672
2025-02-26 14:24:12,0.01804971694946289
2025-02-26 14:24:13,0.017894506454467773
2025-02-26 14:24:14,0.018034696578979492
2025-02-26 14:24:15,0.017841100692749023
2025-02-26 14:24:16,0.018053293228149414
2025-02-26 14:24:17,0.017809391021728516
2025-02-26 14:24:18,0.01796579360961914
2025-02-26 14:24:19,0.017888307571411133
2025-02-26 14:24:20,0.01803278923034668
2025-02-26 14:24:21,0.018999338150024414
2025-02-26 14:24:22,0.01805853843688965
2025-02-26 14:24:23,0.022785663604736328
2025-02-26 14:24:24,0.018360137939453125
2025-02-26 14:24:24,0.018076658248901367
2025-02-26 14:24:26,0.018059253692626953
2025-02-26 14:24:26,0.01834416389465332
2025-02-26 14:24:28,0.0180666446685791
2025-02-26 14:24:28,0.017784595489501953
2025-02-26 14:24:30,0.017989397048950195
2025-02-26 14:24:30,0.017927885055541992
2025-02-26 14:24:31,0.018050670623779297
2025-02-26 14:24:32,0.01798391342163086
2025-02-26 14:24:33,0.018010377883911133
2025-02-26 14:24:34,0.017772912979125977
2025-02-26 14:24:35,0.018009424209594727
2025-02-26 14:24:36,0.017968177795410156
2025-02-26 14:24:37,0.01804375648498535
2025-02-26 14:24:38,0.017963647842407227
2025-02-26 14:24:39,0.017952442169189453
2025-02-26 14:24:40,0.0179293155670166
2025-02-26 14:24:42,0.018074989318847656
2025-02-26 14:24:42,0.017882108688354492
2025-02-26 14:24:44,0.01814746856689453
2025-02-26 14:24:44,0.01786184310913086
2025-02-26 14:24:46,0.018030405044555664
2025-02-26 14:24:47,0.02070784568786621
2025-02-26 14:24:48,0.01796746253967285
2025-02-26 14:24:49,0.017775535583496094
2025-02-26 14:24:50,0.018011808395385742
2025-02-26 14:24:51,0.0178985595703125
2025-02-26 14:24:52,0.018143892288208008
2025-02-26 14:24:53,0.017840862274169922
2025-02-26 14:24:54,0.017986297607421875
2025-02-26 14:24:55,0.017844438552856445
2025-02-26 14:24:56,0.018034696578979492
2025-02-26 14:24:57,0.017802953720092773
2025-02-26 14:24:58,0.01802229881286621
2025-02-26 14:24:59,0.017846345901489258
2025-02-26 14:25:00,0.017956018447875977
2025-02-26 14:25:01,0.017860889434814453
2025-02-26 14:25:02,0.01802849769592285
2025-02-26 14:25:02,0.01782059669494629
2025-02-26 14:25:04,0.018170833587646484
2025-02-26 14:25:04,0.017771244049072266
2025-02-26 14:25:06,0.01798558235168457
2025-02-26 14:25:06,0.01784539222717285
2025-02-26 14:25:07,0.017980098724365234
2025-02-26 14:25:08,0.017838239669799805
2025-02-26 14:25:09,0.018145322799682617
2025-02-26 14:25:10,0.017940998077392578
2025-02-26 14:25:11,0.018129587173461914
2025-02-26 14:25:11,0.017824888229370117
2025-02-26 14:25:13,0.018041610717773438
2025-02-26 14:25:13,0.017821788787841797
2025-02-26 14:25:15,0.018004655838012695
2025-02-26 14:25:15,0.017820119857788086
2025-02-26 14:25:16,0.01814103126525879
2025-02-26 14:25:17,0.018026351928710938
2025-02-26 14:25:18,0.017976999282836914
2025-02-26 14:25:19,0.017784833908081055
2025-02-26 14:25:20,0.017986536026000977
2025-02-26 14:25:21,0.017904281616210938
2025-02-26 14:25:22,0.01809382438659668
2025-02-26 14:25:23,0.017792940139770508
2025-02-26 14:25:24,0.0180206298828125
2025-02-26 14:25:24,0.017873764038085938
2025-02-26 14:25:26,0.018102407455444336
2025-02-26 14:25:26,0.017870664596557617
2025-02-26 14:25:28,0.017969369888305664
2025-02-26 14:25:28,0.017770051956176758
2025-02-26 14:25:29,0.018075942993164062
2025-02-26 14:25:30,0.01903820037841797
2025-02-26 14:25:31,0.01801156997680664
2025-02-26 14:25:32,0.018105745315551758
2025-02-26 14:25:33,0.0207366943359375
2025-02-26 14:25:33,0.01785564422607422
2025-02-26 14:25:34,0.018006324768066406
2025-02-26 14:25:35,0.017828941345214844
2025-02-26 14:25:36,0.018007755279541016
2025-02-26 14:25:37,0.0178678035736084
2025-02-26 14:25:38,0.018070220947265625
2025-02-26 14:25:38,0.017892837524414062
2025-02-26 14:25:40,0.01836252212524414
2025-02-26 14:25:40,0.017818212509155273
2025-02-26 14:25:41,0.01810002326965332
2025-02-26 14:25:42,0.01778435707092285
2025-02-26 14:25:43,0.018004179000854492
2025-02-26 14:25:44,0.01784062385559082
2025-02-26 14:25:45,0.017998456954956055
2025-02-26 14:25:46,0.017902374267578125
2025-02-26 14:25:47,0.01802349090576172
2025-02-26 14:25:47,0.017882347106933594
2025-02-26 14:25:49,0.018042802810668945
2025-02-26 14:25:49,0.0178680419921875
2025-02-26 14:25:50,0.018022537231445312
2025-02-26 14:25:51,0.017841577529907227
2025-02-26 14:25:52,0.01805257797241211
2025-02-26 14:25:52,0.01783919334411621
2025-02-26 14:25:53,0.01799798011779785
2025-02-26 14:25:54,0.01784348487854004
2025-02-26 14:25:55,0.01802992820739746
2025-02-26 14:25:56,0.017926931381225586
2025-02-26 14:25:57,0.018019676208496094
2025-02-26 14:25:57,0.017876148223876953
2025-02-26 14:25:58,0.017950057983398438
2025-02-26 14:25:59,0.01810598373413086
2025-02-26 14:26:00,0.017986536026000977
2025-02-26 14:26:00,0.01782965660095215
2025-02-26 14:26:01,0.0180056095123291
2025-02-26 14:26:02,0.018341064453125
2025-02-26 14:26:03,0.018019914627075195
2025-02-26 14:26:03,0.017803668975830078
2025-02-26 14:26:04,0.018047571182250977
2025-02-26 14:26:04,0.0181887149810791
2025-02-26 14:26:06,0.018242597579956055
2025-02-26 14:26:06,0.01784491539001465
2025-02-26 14:26:07,0.017992734909057617
2025-02-26 14:26:08,0.017841100692749023
2025-02-26 14:26:09,0.01799774169921875
2025-02-26 14:26:09,0.017859697341918945
2025-02-26 14:26:10,0.018072843551635742
2025-02-26 14:26:11,0.01779794692993164
2025-02-26 14:26:12,0.017993450164794922
2025-02-26 14:26:12,0.01783299446105957
2025-02-26 14:26:13,0.018045663833618164
2025-02-26 14:26:14,0.017798900604248047
2025-02-26 14:26:15,0.01813507080078125
2025-02-26 14:26:15,0.017837047576904297
2025-02-26 14:26:16,0.018095970153808594
2025-02-26 14:26:16,0.017797470092773438
2025-02-26 14:26:17,0.0180206298828125
2025-02-26 14:26:18,0.017803668975830078
2025-02-26 14:26:19,0.018079519271850586
2025-02-26 14:26:19,0.01782512664794922
2025-02-26 14:26:20,0.01802659034729004
2025-02-26 14:26:20,0.017894983291625977
2025-02-26 14:26:21,0.01803421974182129
2025-02-26 14:26:22,0.01779961585998535
2025-02-26 14:26:23,0.018028974533081055
2025-02-26 14:26:23,0.017823457717895508
2025-02-26 14:26:24,0.01800060272216797
2025-02-26 14:26:24,0.017781972885131836
2025-02-26 14:26:25,0.01808929443359375
2025-02-26 14:26:26,0.017809152603149414
2025-02-26 14:26:27,0.01802825927734375
2025-02-26 14:26:27,0.01780247688293457
2025-02-26 14:26:29,0.018163681030273438
2025-02-26 14:26:29,0.022968769073486328
2025-02-26 14:26:30,0.01800704002380371
2025-02-26 14:26:30,0.01776885986328125
2025-02-26 14:26:31,0.018043041229248047
2025-02-26 14:26:32,0.021329879760742188
2025-02-26 14:26:33,0.017989158630371094
2025-02-26 14:26:33,0.01773548126220703
2025-02-26 14:26:34,0.018004179000854492
2025-02-26 14:26:35,0.01782965660095215
2025-02-26 14:26:36,0.018051624298095703
2025-02-26 14:26:36,0.017780065536499023
2025-02-26 14:26:37,0.018473148345947266
2025-02-26 14:26:38,0.01828765869140625
2025-02-26 14:26:39,0.018475055694580078
2025-02-26 14:26:39,0.018329381942749023
2025-02-26 14:26:40,0.01853156089782715
2025-02-26 14:26:41,0.018236160278320312
2025-02-26 14:26:42,0.018787622451782227
2025-02-26 14:26:42,0.018336772918701172
2025-02-26 14:26:44,0.018501996994018555
2025-02-26 14:26:44,0.01834869384765625
2025-02-26 14:26:45,0.017966032028198242
2025-02-26 14:26:46,0.017847776412963867
2025-02-26 14:26:47,0.018015623092651367
2025-02-26 14:26:48,0.022150039672851562
2025-02-26 14:26:49,0.018013954162597656
2025-02-26 14:26:50,0.017860889434814453
2025-02-26 14:26:51,0.02092909812927246
2025-02-26 14:26:51,0.017803430557250977
2025-02-26 14:26:53,0.01803135871887207
2025-02-26 14:26:53,0.0179598331451416
