2025-03-10 13:54:29,0.06467509269714355
2025-03-10 13:54:30,0.047637939453125
2025-03-10 13:54:30,0.04523301124572754
2025-03-10 13:54:30,0.044411659240722656
2025-03-10 13:54:31,0.04594850540161133
2025-03-10 13:54:31,0.04722952842712402
2025-03-10 13:54:32,0.0444035530090332
2025-03-10 13:54:32,0.04347538948059082
2025-03-10 13:54:33,0.046845436096191406
2025-03-10 13:54:33,0.046457529067993164
2025-03-10 13:54:34,0.05037832260131836
2025-03-10 13:54:34,0.0479128360748291
2025-03-10 13:54:34,0.0473482608795166
2025-03-10 13:54:35,0.049341678619384766
2025-03-10 13:54:35,0.050608158111572266
2025-03-10 13:54:36,0.050672054290771484
2025-03-10 13:54:36,0.0497283935546875
2025-03-10 13:54:36,0.046019554138183594
2025-03-10 13:54:37,0.04339003562927246
2025-03-10 13:54:37,0.0442507266998291
2025-03-10 13:54:38,0.04558229446411133
2025-03-10 13:54:38,0.04134082794189453
2025-03-10 13:54:39,0.04220223426818848
2025-03-10 13:54:39,0.043846845626831055
2025-03-10 13:54:40,0.04638814926147461
2025-03-10 13:54:40,0.045642852783203125
2025-03-10 13:54:40,0.04409027099609375
2025-03-10 13:54:41,0.044202327728271484
2025-03-10 13:54:41,0.0458836555480957
2025-03-10 13:54:42,0.04388999938964844
2025-03-10 13:54:42,0.04290056228637695
2025-03-10 13:54:43,0.04460263252258301
2025-03-10 13:54:43,0.04456520080566406
2025-03-10 13:54:44,0.04324603080749512
2025-03-10 13:54:44,0.04221963882446289
2025-03-10 13:54:45,0.04166531562805176
2025-03-10 13:54:45,0.043129920959472656
2025-03-10 13:54:46,0.04286456108093262
2025-03-10 13:54:46,0.044228553771972656
2025-03-10 13:54:47,0.045287370681762695
2025-03-10 13:54:47,0.04555320739746094
2025-03-10 13:54:47,0.04408717155456543
2025-03-10 13:54:48,0.046819448471069336
2025-03-10 13:54:48,0.045523881912231445
2025-03-10 13:54:49,0.04731297492980957
2025-03-10 13:54:49,0.04926490783691406
2025-03-10 13:54:50,0.04877924919128418
2025-03-10 13:54:50,0.04838895797729492
2025-03-10 13:54:51,0.05001425743103027
2025-03-10 13:54:51,0.049730777740478516
2025-03-10 13:54:52,0.04534554481506348
2025-03-10 13:54:52,0.04556465148925781
2025-03-10 13:54:53,0.04771089553833008
2025-03-10 13:54:53,0.049395084381103516
2025-03-10 13:54:54,0.04763031005859375
2025-03-10 13:54:54,0.04794025421142578
2025-03-10 13:54:54,0.04949069023132324
2025-03-10 13:54:55,0.048519134521484375
2025-03-10 13:54:55,0.050096750259399414
2025-03-10 13:54:56,0.051691293716430664
2025-03-10 13:54:56,0.05228614807128906
2025-03-10 13:54:57,0.04961419105529785
2025-03-10 13:54:57,0.04993772506713867
2025-03-10 13:54:58,0.04980039596557617
2025-03-10 13:54:58,0.054495811462402344
2025-03-10 13:54:59,0.056526899337768555
2025-03-10 13:54:59,0.05041003227233887
2025-03-10 13:55:00,0.051058053970336914
2025-03-10 13:55:00,0.05763840675354004
2025-03-10 13:55:01,0.057268381118774414
2025-03-10 13:55:01,0.05257463455200195
2025-03-10 13:55:01,0.05022168159484863
2025-03-10 13:55:02,0.05002617835998535
2025-03-10 13:55:02,0.05094552040100098
2025-03-10 13:55:03,0.05112314224243164
2025-03-10 13:55:03,0.051688194274902344
2025-03-10 13:55:04,0.050340890884399414
2025-03-10 13:55:04,0.051598310470581055
2025-03-10 13:55:05,0.05801105499267578
2025-03-10 13:55:05,0.05713295936584473
2025-03-10 13:55:06,0.052689552307128906
2025-03-10 13:55:06,0.05259394645690918
2025-03-10 13:55:07,0.05180692672729492
2025-03-10 13:55:07,0.051052093505859375
2025-03-10 13:55:08,0.04759049415588379
2025-03-10 13:55:08,0.051969289779663086
2025-03-10 13:55:09,0.04715418815612793
2025-03-10 13:55:09,0.05116987228393555
2025-03-10 13:55:10,0.052460432052612305
2025-03-10 13:55:10,0.05003762245178223
2025-03-10 13:55:11,0.04545855522155762
2025-03-10 13:55:11,0.047936439514160156
2025-03-10 13:55:11,0.050742387771606445
2025-03-10 13:55:12,0.04777860641479492
2025-03-10 13:55:12,0.047872066497802734
2025-03-10 13:55:13,0.042748451232910156
2025-03-10 13:55:13,0.042038917541503906
2025-03-10 13:55:14,0.046498775482177734
2025-03-10 13:55:14,0.04403543472290039
2025-03-10 13:55:15,0.04678535461425781
2025-03-10 13:55:15,0.042899131774902344
2025-03-10 13:55:16,0.04544782638549805
2025-03-10 13:55:16,0.04777193069458008
2025-03-10 13:55:17,0.044214487075805664
2025-03-10 13:55:17,0.04887890815734863
2025-03-10 13:55:17,0.046477317810058594
2025-03-10 13:55:18,0.04673266410827637
2025-03-10 13:55:18,0.0452725887298584
2025-03-10 13:55:19,0.047997474670410156
2025-03-10 13:55:19,0.047524452209472656
2025-03-10 13:55:20,0.04601240158081055
2025-03-10 13:55:20,0.04510068893432617
2025-03-10 13:55:21,0.04063677787780762
2025-03-10 13:55:21,0.04692411422729492
2025-03-10 13:55:22,0.050185441970825195
2025-03-10 13:55:22,0.04996132850646973
2025-03-10 13:55:22,0.046210289001464844
2025-03-10 13:55:23,0.04665684700012207
2025-03-10 13:55:23,0.04381990432739258
2025-03-10 13:55:24,0.048029422760009766
2025-03-10 13:55:24,0.03981900215148926
2025-03-10 13:55:25,0.04799509048461914
2025-03-10 13:55:25,0.043248891830444336
2025-03-10 13:55:26,0.03971576690673828
2025-03-10 13:55:26,0.04015469551086426
2025-03-10 13:55:26,0.04333019256591797
2025-03-10 13:55:27,0.0494844913482666
2025-03-10 13:55:27,0.04874563217163086
2025-03-10 13:55:28,0.047171831130981445
2025-03-10 13:55:28,0.04719805717468262
2025-03-10 13:55:29,0.040963172912597656
2025-03-10 13:55:29,0.04420304298400879
2025-03-10 13:55:29,0.0438079833984375
2025-03-10 13:55:30,0.04202914237976074
2025-03-10 13:55:30,0.03716135025024414
2025-03-10 13:55:31,0.0405426025390625
2025-03-10 13:55:31,0.03953814506530762
2025-03-10 13:55:31,0.040506601333618164
2025-03-10 13:55:32,0.03991365432739258
2025-03-10 13:55:32,0.04036903381347656
2025-03-10 13:55:33,0.04500102996826172
2025-03-10 13:55:33,0.046483516693115234
2025-03-10 13:55:34,0.042438507080078125
2025-03-10 13:55:34,0.04207921028137207
2025-03-10 13:55:34,0.043866872787475586
2025-03-10 13:55:35,0.046129703521728516
2025-03-10 13:55:35,0.04441428184509277
2025-03-10 13:55:36,0.042574405670166016
2025-03-10 13:55:36,0.04261660575866699
2025-03-10 13:55:37,0.04848957061767578
2025-03-10 13:55:37,0.048140764236450195
2025-03-10 13:55:37,0.043448448181152344
2025-03-10 13:55:38,0.04819154739379883
2025-03-10 13:55:38,0.044732093811035156
2025-03-10 13:55:39,0.045102596282958984
2025-03-10 13:55:39,0.04421067237854004
2025-03-10 13:55:40,0.04481911659240723
2025-03-10 13:55:40,0.04205441474914551
2025-03-10 13:55:40,0.041274070739746094
2025-03-10 13:55:41,0.04274630546569824
2025-03-10 13:55:41,0.042577266693115234
2025-03-10 13:55:42,0.03982806205749512
2025-03-10 13:55:42,0.043076515197753906
2025-03-10 13:55:43,0.04429340362548828
2025-03-10 13:55:43,0.04265141487121582
2025-03-10 13:55:43,0.03906679153442383
2025-03-10 13:55:44,0.041582584381103516
2025-03-10 13:55:44,0.04202389717102051
2025-03-10 13:55:45,0.04257559776306152
2025-03-10 13:55:45,0.043590545654296875
2025-03-10 13:55:46,0.043799638748168945
2025-03-10 13:55:46,0.042281150817871094
2025-03-10 13:55:46,0.0480656623840332
2025-03-10 13:55:47,0.04598665237426758
2025-03-10 13:55:47,0.04980778694152832
2025-03-10 13:55:48,0.04918670654296875
2025-03-10 13:55:48,0.04657173156738281
2025-03-10 13:55:49,0.05389904975891113
2025-03-10 13:55:49,0.05425834655761719
2025-03-10 13:55:50,0.058461904525756836
2025-03-10 13:55:50,0.05904746055603027
2025-03-10 13:55:51,0.05521798133850098
2025-03-10 13:55:51,0.05416226387023926
2025-03-10 13:55:51,0.05382227897644043
2025-03-10 13:55:52,0.046534061431884766
2025-03-10 13:55:52,0.05057525634765625
2025-03-10 13:55:53,0.04971170425415039
2025-03-10 13:55:53,0.04878735542297363
2025-03-10 13:55:54,0.04956483840942383
2025-03-10 13:55:54,0.04659771919250488
2025-03-10 13:55:55,0.047032833099365234
2025-03-10 13:55:55,0.05008125305175781
2025-03-10 13:55:55,0.0517115592956543
2025-03-10 13:55:56,0.0442500114440918
2025-03-10 13:55:56,0.04812455177307129
2025-03-10 13:55:57,0.05138516426086426
2025-03-10 13:55:57,0.050475358963012695
2025-03-10 13:55:58,0.045755624771118164
2025-03-10 13:55:58,0.050218820571899414
2025-03-10 13:55:59,0.0448453426361084
2025-03-10 13:55:59,0.04989027976989746
2025-03-10 13:56:00,0.05041909217834473
2025-03-10 13:56:00,0.04966592788696289
2025-03-10 13:56:01,0.04536938667297363
2025-03-10 13:56:01,0.04459404945373535
2025-03-10 13:56:02,0.04632925987243652
2025-03-10 13:56:02,0.05205178260803223
2025-03-10 13:56:03,0.05038309097290039
2025-03-10 13:56:03,0.04618072509765625
2025-03-10 13:56:04,0.04877424240112305
2025-03-10 13:56:04,0.050787925720214844
2025-03-10 13:56:05,0.05506587028503418
2025-03-10 13:56:05,0.06249213218688965
2025-03-10 13:56:06,0.06374597549438477
2025-03-10 13:56:06,0.06347775459289551
2025-03-10 13:56:07,0.062455177307128906
2025-03-10 13:56:07,0.06332778930664062
2025-03-10 13:56:08,0.059736013412475586
2025-03-10 13:56:08,0.059636592864990234
2025-03-10 13:56:09,0.05568051338195801
2025-03-10 13:56:09,0.057938575744628906
2025-03-10 13:56:10,0.0601348876953125
2025-03-10 13:56:10,0.05642580986022949
2025-03-10 13:56:11,0.05802106857299805
2025-03-10 13:56:11,0.057341814041137695
2025-03-10 13:56:12,0.05028986930847168
2025-03-10 13:56:12,0.05168867111206055
2025-03-10 13:56:13,0.0599977970123291
2025-03-10 13:56:13,0.0640251636505127
2025-03-10 13:56:14,0.0628960132598877
2025-03-10 13:56:14,0.06188607215881348
2025-03-10 13:56:15,0.05787801742553711
2025-03-10 13:56:15,0.05235600471496582
2025-03-10 13:56:16,0.045395851135253906
2025-03-10 13:56:16,0.0442662239074707
2025-03-10 13:56:17,0.04729437828063965
2025-03-10 13:56:17,0.0414731502532959
2025-03-10 13:56:18,0.04160189628601074
2025-03-10 13:56:18,0.041736602783203125
2025-03-10 13:56:19,0.043901681900024414
2025-03-10 13:56:19,0.04753398895263672
2025-03-10 13:56:20,0.05126523971557617
2025-03-10 13:56:20,0.05305051803588867
2025-03-10 13:56:20,0.05497336387634277
2025-03-10 13:56:21,0.05349135398864746
2025-03-10 13:56:21,0.053689002990722656
2025-03-10 13:56:22,0.04729866981506348
2025-03-10 13:56:22,0.05123472213745117
2025-03-10 13:56:23,0.05710124969482422
2025-03-10 13:56:23,0.05738353729248047
2025-03-10 13:56:24,0.048392534255981445
2025-03-10 13:56:24,0.049167633056640625
2025-03-10 13:56:25,0.04530215263366699
2025-03-10 13:56:25,0.04749798774719238
2025-03-10 13:56:25,0.04634428024291992
2025-03-10 13:56:26,0.04397392272949219
2025-03-10 13:56:26,0.04103541374206543
2025-03-10 13:56:27,0.039530038833618164
2025-03-10 13:56:27,0.03468751907348633
2025-03-10 13:56:28,0.03189420700073242
2025-03-10 13:56:28,0.0279390811920166
2025-03-10 13:56:28,0.029292821884155273
2025-03-10 13:56:29,0.027906179428100586
2025-03-10 13:56:29,0.027852296829223633
2025-03-10 13:56:29,0.028170347213745117
2025-03-10 13:56:30,0.028328895568847656
2025-03-10 13:56:30,0.02358269691467285
2025-03-10 13:56:31,0.027881622314453125
2025-03-10 13:56:31,0.027935504913330078
2025-03-10 13:56:31,0.028012990951538086
2025-03-10 13:56:32,0.02769947052001953
2025-03-10 13:56:32,0.02793598175048828
2025-03-10 13:56:32,0.027973413467407227
2025-03-10 13:56:33,0.02789473533630371
2025-03-10 13:56:33,0.027840614318847656
2025-03-10 13:56:34,0.027965068817138672
2025-03-10 13:56:34,0.028015613555908203
2025-03-10 13:56:34,0.0283660888671875
2025-03-10 13:56:35,0.027950763702392578
2025-03-10 13:56:35,0.02900075912475586
2025-03-10 13:56:35,0.03446555137634277
2025-03-10 13:56:36,0.0397953987121582
2025-03-10 13:56:36,0.04001045227050781
2025-03-10 13:56:37,0.051213979721069336
2025-03-10 13:56:37,0.053598880767822266
2025-03-10 13:56:38,0.05323076248168945
2025-03-10 13:56:38,0.05442523956298828
2025-03-10 13:56:39,0.062441349029541016
2025-03-10 13:56:39,0.0618128776550293
2025-03-10 13:56:40,0.06208491325378418
2025-03-10 13:56:41,0.05909442901611328
2025-03-10 13:56:41,0.06030893325805664
2025-03-10 13:56:42,0.05687212944030762
2025-03-10 13:56:42,0.05431556701660156
2025-03-10 13:56:43,0.05537009239196777
2025-03-10 13:56:43,0.05562329292297363
2025-03-10 13:56:44,0.05370688438415527
2025-03-10 13:56:44,0.051619529724121094
2025-03-10 13:56:45,0.04925251007080078
2025-03-10 13:56:45,0.05561566352844238
2025-03-10 13:56:46,0.06162738800048828
2025-03-10 13:56:46,0.057268619537353516
2025-03-10 13:56:47,0.054343223571777344
2025-03-10 13:56:47,0.053414106369018555
2025-03-10 13:56:48,0.056348562240600586
2025-03-10 13:56:48,0.055364370346069336
2025-03-10 13:56:49,0.05207347869873047
2025-03-10 13:56:49,0.05415534973144531
2025-03-10 13:56:50,0.053949832916259766
2025-03-10 13:56:50,0.04772615432739258
2025-03-10 13:56:50,0.0458071231842041
2025-03-10 13:56:51,0.05218029022216797
2025-03-10 13:56:51,0.05359387397766113
2025-03-10 13:56:52,0.05224108695983887
2025-03-10 13:56:52,0.04826545715332031
2025-03-10 13:56:53,0.04765796661376953
2025-03-10 13:56:53,0.05008435249328613
2025-03-10 13:56:54,0.04352617263793945
2025-03-10 13:56:54,0.04238557815551758
2025-03-10 13:56:55,0.04280805587768555
2025-03-10 13:56:55,0.04579877853393555
2025-03-10 13:56:56,0.04354715347290039
2025-03-10 13:56:56,0.03716230392456055
2025-03-10 13:56:57,0.03690385818481445
2025-03-10 13:56:57,0.03169679641723633
2025-03-10 13:56:58,0.03155112266540527
2025-03-10 13:56:58,0.030891895294189453
2025-03-10 13:56:58,0.029636859893798828
2025-03-10 13:56:59,0.0296633243560791
2025-03-10 13:56:59,0.02911233901977539
2025-03-10 13:57:00,0.028914213180541992
2025-03-10 13:57:00,0.028951168060302734
2025-03-10 13:57:01,0.0242002010345459
2025-03-10 13:57:01,0.024005413055419922
2025-03-10 13:57:01,0.028809547424316406
2025-03-10 13:57:02,0.028896570205688477
2025-03-10 13:57:02,0.029049396514892578
2025-03-10 13:57:03,0.02479839324951172
2025-03-10 13:57:03,0.029706954956054688
2025-03-10 13:57:03,0.0301511287689209
2025-03-10 13:57:04,0.028472900390625
2025-03-10 13:57:04,0.02827000617980957
2025-03-10 13:57:05,0.02900409698486328
2025-03-10 13:57:05,0.028809785842895508
2025-03-10 13:57:05,0.028717041015625
2025-03-10 13:57:06,0.024049997329711914
2025-03-10 13:57:06,0.0291290283203125
2025-03-10 13:57:07,0.028405427932739258
2025-03-10 13:57:07,0.029094934463500977
2025-03-10 13:57:08,0.030048608779907227
2025-03-10 13:57:08,0.02901148796081543
2025-03-10 13:57:08,0.029017925262451172
2025-03-10 13:57:09,0.028720855712890625
2025-03-10 13:57:09,0.02876877784729004
2025-03-10 13:57:10,0.02862262725830078
2025-03-10 13:57:10,0.0243074893951416
2025-03-10 13:57:11,0.028528213500976562
2025-03-10 13:57:11,0.02363896369934082
2025-03-10 13:57:12,0.028569459915161133
2025-03-10 13:57:12,0.0283963680267334
2025-03-10 13:57:12,0.02843618392944336
2025-03-10 13:57:13,0.028157949447631836
2025-03-10 13:57:13,0.028401851654052734
2025-03-10 13:57:14,0.02809906005859375
2025-03-10 13:57:14,0.028512001037597656
2025-03-10 13:57:15,0.028362274169921875
2025-03-10 13:57:15,0.028608322143554688
2025-03-10 13:57:16,0.02830791473388672
2025-03-10 13:57:16,0.02800893783569336
2025-03-10 13:57:17,0.02832651138305664
2025-03-10 13:57:17,0.027998924255371094
2025-03-10 13:57:17,0.028060436248779297
2025-03-10 13:57:18,0.028278350830078125
2025-03-10 13:57:18,0.028087615966796875
2025-03-10 13:57:18,0.027951717376708984
2025-03-10 13:57:19,0.02815842628479004
2025-03-10 13:57:19,0.0280301570892334
2025-03-10 13:57:20,0.02817559242248535
2025-03-10 13:57:20,0.023540973663330078
2025-03-10 13:57:20,0.023310184478759766
2025-03-10 13:57:21,0.027931928634643555
2025-03-10 13:57:21,0.02808213233947754
2025-03-10 13:57:21,0.027925968170166016
2025-03-10 13:57:22,0.02787160873413086
2025-03-10 13:57:22,0.02789592742919922
2025-03-10 13:57:23,0.028257131576538086
2025-03-10 13:57:23,0.02779221534729004
2025-03-10 13:57:23,0.02809929847717285
2025-03-10 13:57:24,0.023263931274414062
2025-03-10 13:57:24,0.02828359603881836
2025-03-10 13:57:24,0.027936458587646484
2025-03-10 13:57:25,0.023276329040527344
2025-03-10 13:57:25,0.027820110321044922
2025-03-10 13:57:25,0.027790307998657227
2025-03-10 13:57:26,0.027776718139648438
2025-03-10 13:57:26,0.027910232543945312
2025-03-10 13:57:27,0.023207426071166992
2025-03-10 13:57:27,0.027927398681640625
2025-03-10 13:57:27,0.027371883392333984
2025-03-10 13:57:28,0.027454614639282227
2025-03-10 13:57:28,0.02330923080444336
2025-03-10 13:57:28,0.028162479400634766
2025-03-10 13:57:29,0.02791428565979004
2025-03-10 13:57:29,0.02773571014404297
2025-03-10 13:57:29,0.02788400650024414
2025-03-10 13:57:30,0.028624773025512695
2025-03-10 13:57:30,0.023653507232666016
2025-03-10 13:57:31,0.027220487594604492
2025-03-10 13:57:31,0.027283191680908203
2025-03-10 13:57:31,0.02784276008605957
2025-03-10 13:57:32,0.02317357063293457
2025-03-10 13:57:32,0.023143529891967773
2025-03-10 13:57:32,0.02830219268798828
2025-03-10 13:57:33,0.028239727020263672
2025-03-10 13:57:33,0.0283200740814209
2025-03-10 13:57:34,0.028174877166748047
2025-03-10 13:57:34,0.02800273895263672
2025-03-10 13:57:34,0.0237579345703125
2025-03-10 13:57:35,0.027891159057617188
2025-03-10 13:57:35,0.027878761291503906
2025-03-10 13:57:36,0.028191328048706055
2025-03-10 13:57:36,0.02807760238647461
2025-03-10 13:57:37,0.027758121490478516
2025-03-10 13:57:37,0.027963638305664062
2025-03-10 13:57:37,0.023126602172851562
2025-03-10 13:57:38,0.028149127960205078
2025-03-10 13:57:38,0.02775430679321289
2025-03-10 13:57:39,0.023172616958618164
2025-03-10 13:57:39,0.023249149322509766
2025-03-10 13:57:40,0.023612499237060547
2025-03-10 13:57:40,0.02784132957458496
2025-03-10 13:57:40,0.027852296829223633
2025-03-10 13:57:41,0.028209924697875977
2025-03-10 13:57:41,0.028076171875
2025-03-10 13:57:42,0.028120994567871094
2025-03-10 13:57:42,0.028018474578857422
2025-03-10 13:57:43,0.023422718048095703
2025-03-10 13:57:43,0.02787494659423828
2025-03-10 13:57:43,0.02801990509033203
2025-03-10 13:57:44,0.027852773666381836
2025-03-10 13:57:44,0.028141498565673828
2025-03-10 13:57:45,0.028270244598388672
2025-03-10 13:57:45,0.028595685958862305
2025-03-10 13:57:46,0.02882242202758789
2025-03-10 13:57:46,0.028336048126220703
2025-03-10 13:57:47,0.028551101684570312
2025-03-10 13:57:47,0.02840709686279297
2025-03-10 13:57:48,0.0282442569732666
2025-03-10 13:57:48,0.023804426193237305
2025-03-10 13:57:49,0.028658628463745117
2025-03-10 13:57:49,0.028841257095336914
2025-03-10 13:57:50,0.028847694396972656
2025-03-10 13:57:50,0.02392411231994629
2025-03-10 13:57:51,0.02841329574584961
2025-03-10 13:57:51,0.02814507484436035
2025-03-10 13:57:52,0.030026912689208984
2025-03-10 13:57:52,0.02313971519470215
2025-03-10 13:57:53,0.02886486053466797
2025-03-10 13:57:53,0.02828836441040039
2025-03-10 13:57:53,0.023673057556152344
2025-03-10 13:57:54,0.027868986129760742
2025-03-10 13:57:55,0.027897119522094727
2025-03-10 13:57:55,0.027541160583496094
2025-03-10 13:57:55,0.023137331008911133
2025-03-10 13:57:56,0.028502225875854492
2025-03-10 13:57:56,0.028004169464111328
2025-03-10 13:57:57,0.02782440185546875
2025-03-10 13:57:57,0.02815103530883789
2025-03-10 13:57:58,0.027879953384399414
2025-03-10 13:57:58,0.027729272842407227
2025-03-10 13:57:59,0.0276491641998291
2025-03-10 13:57:59,0.023235321044921875
2025-03-10 13:58:00,0.02815389633178711
2025-03-10 13:58:00,0.023350954055786133
2025-03-10 13:58:01,0.02337932586669922
2025-03-10 13:58:01,0.023461341857910156
2025-03-10 13:58:02,0.028584957122802734
2025-03-10 13:58:02,0.023337841033935547
2025-03-10 13:58:03,0.023234128952026367
2025-03-10 13:58:03,0.02388787269592285
2025-03-10 13:58:04,0.02879476547241211
2025-03-10 13:58:04,0.028119325637817383
2025-03-10 13:58:05,0.028531312942504883
2025-03-10 13:58:05,0.02902984619140625
2025-03-10 13:58:06,0.028008222579956055
2025-03-10 13:58:06,0.023609161376953125
2025-03-10 13:58:07,0.02358722686767578
2025-03-10 13:58:07,0.029091835021972656
2025-03-10 13:58:08,0.02955937385559082
2025-03-10 13:58:08,0.025005102157592773
2025-03-10 13:58:09,0.02946925163269043
2025-03-10 13:58:10,0.02988886833190918
2025-03-10 13:58:10,0.02490067481994629
2025-03-10 13:58:11,0.028986215591430664
2025-03-10 13:58:11,0.02406001091003418
2025-03-10 13:58:12,0.03032708168029785
2025-03-10 13:58:12,0.030336618423461914
2025-03-10 13:58:13,0.024727582931518555
2025-03-10 13:58:13,0.02917957305908203
2025-03-10 13:58:14,0.02461528778076172
2025-03-10 13:58:14,0.023757457733154297
2025-03-10 13:58:15,0.02380847930908203
2025-03-10 13:58:15,0.023526668548583984
2025-03-10 13:58:16,0.023869037628173828
2025-03-10 13:58:16,0.02318716049194336
2025-03-10 13:58:17,0.02348780632019043
2025-03-10 13:58:17,0.027880430221557617
2025-03-10 13:58:18,0.02373504638671875
2025-03-10 13:58:18,0.02763819694519043
2025-03-10 13:58:18,0.02790212631225586
2025-03-10 13:58:19,0.02783799171447754
2025-03-10 13:58:19,0.027692794799804688
2025-03-10 13:58:20,0.023105621337890625
2025-03-10 13:58:20,0.027805328369140625
2025-03-10 13:58:21,0.027536392211914062
2025-03-10 13:58:21,0.02762126922607422
2025-03-10 13:58:22,0.028104782104492188
2025-03-10 13:58:22,0.02331376075744629
2025-03-10 13:58:23,0.02820277214050293
2025-03-10 13:58:23,0.0234072208404541
2025-03-10 13:58:24,0.027987957000732422
2025-03-10 13:58:24,0.023176908493041992
2025-03-10 13:58:25,0.027998685836791992
2025-03-10 13:58:25,0.02826523780822754
2025-03-10 13:58:26,0.023337125778198242
2025-03-10 13:58:26,0.023046255111694336
2025-03-10 13:58:27,0.02791905403137207
2025-03-10 13:58:27,0.027710437774658203
2025-03-10 13:58:28,0.0276944637298584
2025-03-10 13:58:28,0.0277554988861084
2025-03-10 13:58:28,0.028011322021484375
2025-03-10 13:58:29,0.02781224250793457
2025-03-10 13:58:29,0.02777385711669922
2025-03-10 13:58:30,0.02819371223449707
2025-03-10 13:58:30,0.02762436866760254
2025-03-10 13:58:31,0.02812504768371582
2025-03-10 13:58:31,0.027810096740722656
2025-03-10 13:58:32,0.027510643005371094
2025-03-10 13:58:32,0.027705669403076172
2025-03-10 13:58:33,0.02767491340637207
2025-03-10 13:58:33,0.023151397705078125
2025-03-10 13:58:34,0.028067350387573242
2025-03-10 13:58:34,0.023259639739990234
2025-03-10 13:58:35,0.023412466049194336
2025-03-10 13:58:35,0.023177385330200195
2025-03-10 13:58:35,0.02854442596435547
2025-03-10 13:58:36,0.02393364906311035
2025-03-10 13:58:36,0.023711204528808594
2025-03-10 13:58:37,0.02366805076599121
2025-03-10 13:58:37,0.023398637771606445
2025-03-10 13:58:38,0.029088258743286133
2025-03-10 13:58:38,0.0308988094329834
2025-03-10 13:58:38,0.033785104751586914
2025-03-10 13:58:39,0.03683590888977051
2025-03-10 13:58:39,0.04677987098693848
2025-03-10 13:58:40,0.04676055908203125
2025-03-10 13:58:40,0.05192422866821289
2025-03-10 13:58:41,0.04516315460205078
2025-03-10 13:58:41,0.05173087120056152
2025-03-10 13:58:42,0.05152487754821777
2025-03-10 13:58:42,0.05487823486328125
2025-03-10 13:58:43,0.056621551513671875
2025-03-10 13:58:43,0.052265167236328125
2025-03-10 13:58:44,0.04774045944213867
2025-03-10 13:58:44,0.046775102615356445
2025-03-10 13:58:45,0.04518485069274902
2025-03-10 13:58:45,0.04177141189575195
2025-03-10 13:58:46,0.042127132415771484
2025-03-10 13:58:46,0.04844212532043457
2025-03-10 13:58:47,0.04448103904724121
2025-03-10 13:58:47,0.04419112205505371
2025-03-10 13:58:48,0.042270660400390625
2025-03-10 13:58:48,0.04090094566345215
2025-03-10 13:58:49,0.04668021202087402
2025-03-10 13:58:49,0.041216135025024414
2025-03-10 13:58:50,0.04601120948791504
2025-03-10 13:58:50,0.04388284683227539
2025-03-10 13:58:51,0.039160728454589844
2025-03-10 13:58:51,0.041675567626953125
2025-03-10 13:58:52,0.04145455360412598
2025-03-10 13:58:52,0.03522777557373047
2025-03-10 13:58:53,0.031061172485351562
2025-03-10 13:58:53,0.030459880828857422
2025-03-10 13:58:54,0.02434682846069336
2025-03-10 13:58:54,0.024498939514160156
2025-03-10 13:58:55,0.02926015853881836
2025-03-10 13:58:55,0.024242877960205078
2025-03-10 13:58:56,0.023281574249267578
2025-03-10 13:58:56,0.02371692657470703
2025-03-10 13:58:57,0.0279848575592041
2025-03-10 13:58:57,0.027893781661987305
2025-03-10 13:58:58,0.02314925193786621
2025-03-10 13:58:58,0.02329230308532715
2025-03-10 13:58:59,0.027667522430419922
2025-03-10 13:58:59,0.027589797973632812
2025-03-10 13:58:59,0.027930259704589844
2025-03-10 13:59:00,0.023160457611083984
2025-03-10 13:59:00,0.023079872131347656
2025-03-10 13:59:01,0.023067712783813477
2025-03-10 13:59:01,0.028647899627685547
2025-03-10 13:59:02,0.02992081642150879
2025-03-10 13:59:02,0.030387401580810547
2025-03-10 13:59:03,0.03786325454711914
2025-03-10 13:59:04,0.03832101821899414
2025-03-10 13:59:04,0.04238486289978027
2025-03-10 13:59:05,0.040471792221069336
2025-03-10 13:59:05,0.04433774948120117
2025-03-10 13:59:06,0.03948664665222168
2025-03-10 13:59:06,0.04066348075866699
2025-03-10 13:59:07,0.03863334655761719
2025-03-10 13:59:07,0.04259133338928223
2025-03-10 13:59:08,0.041512489318847656
2025-03-10 13:59:08,0.03492021560668945
2025-03-10 13:59:09,0.03130984306335449
2025-03-10 13:59:09,0.030007600784301758
2025-03-10 13:59:10,0.0241851806640625
2025-03-10 13:59:11,0.02463245391845703
2025-03-10 13:59:11,0.024379968643188477
2025-03-10 13:59:12,0.02960491180419922
2025-03-10 13:59:12,0.029280424118041992
2025-03-10 13:59:13,0.030927419662475586
2025-03-10 13:59:13,0.025911569595336914
2025-03-10 13:59:14,0.03052544593811035
2025-03-10 13:59:14,0.031493186950683594
2025-03-10 13:59:15,0.03047466278076172
2025-03-10 13:59:16,0.030672073364257812
2025-03-10 13:59:16,0.031141042709350586
2025-03-10 13:59:17,0.02466750144958496
2025-03-10 13:59:17,0.028904199600219727
2025-03-10 13:59:18,0.029590129852294922
2025-03-10 13:59:18,0.039899587631225586
2025-03-10 13:59:19,0.04192543029785156
2025-03-10 13:59:19,0.042176008224487305
2025-03-10 13:59:20,0.04197525978088379
2025-03-10 13:59:20,0.04240298271179199
2025-03-10 13:59:21,0.04184865951538086
2025-03-10 13:59:22,0.040212154388427734
2025-03-10 13:59:22,0.0335545539855957
2025-03-10 13:59:23,0.037656307220458984
2025-03-10 13:59:23,0.04282402992248535
2025-03-10 13:59:24,0.043076276779174805
2025-03-10 13:59:24,0.04440736770629883
2025-03-10 13:59:25,0.043879032135009766
2025-03-10 13:59:25,0.04778885841369629
2025-03-10 13:59:26,0.05063128471374512
2025-03-10 13:59:27,0.046251535415649414
2025-03-10 13:59:27,0.044623613357543945
2025-03-10 13:59:28,0.04468870162963867
2025-03-10 13:59:29,0.040246009826660156
2025-03-10 13:59:29,0.04709434509277344
2025-03-10 13:59:30,0.04625701904296875
2025-03-10 13:59:30,0.042822837829589844
2025-03-10 13:59:31,0.044805049896240234
2025-03-10 13:59:32,0.04497981071472168
2025-03-10 13:59:32,0.04386401176452637
2025-03-10 13:59:33,0.04369997978210449
2025-03-10 13:59:33,0.04014015197753906
2025-03-10 13:59:34,0.0424344539642334
2025-03-10 13:59:34,0.03808999061584473
2025-03-10 13:59:35,0.03478217124938965
2025-03-10 13:59:36,0.03380441665649414
2025-03-10 13:59:36,0.03651928901672363
2025-03-10 13:59:37,0.036235809326171875
2025-03-10 13:59:37,0.0352330207824707
2025-03-10 13:59:38,0.03501439094543457
2025-03-10 13:59:39,0.035894155502319336
2025-03-10 13:59:39,0.03784012794494629
2025-03-10 13:59:40,0.042643070220947266
2025-03-10 13:59:41,0.0419154167175293
2025-03-10 13:59:41,0.03631258010864258
2025-03-10 13:59:42,0.03922104835510254
2025-03-10 13:59:43,0.04055070877075195
2025-03-10 13:59:43,0.03962063789367676
2025-03-10 13:59:44,0.04421114921569824
2025-03-10 13:59:44,0.0389711856842041
2025-03-10 13:59:45,0.04523611068725586
2025-03-10 13:59:46,0.04375791549682617
2025-03-10 13:59:46,0.042821407318115234
2025-03-10 13:59:47,0.04382443428039551
2025-03-10 13:59:48,0.05132436752319336
2025-03-10 13:59:48,0.047681331634521484
2025-03-10 13:59:49,0.050935983657836914
2025-03-10 13:59:49,0.04595518112182617
2025-03-10 13:59:50,0.043248891830444336
2025-03-10 13:59:51,0.041821956634521484
2025-03-10 13:59:51,0.04050302505493164
2025-03-10 13:59:52,0.0386044979095459
2025-03-10 13:59:53,0.04145979881286621
2025-03-10 13:59:53,0.0454099178314209
2025-03-10 13:59:54,0.04470181465148926
2025-03-10 13:59:54,0.04515361785888672
2025-03-10 13:59:55,0.04706692695617676
2025-03-10 13:59:56,0.049646854400634766
2025-03-10 13:59:56,0.044860124588012695
2025-03-10 13:59:57,0.04259300231933594
2025-03-10 13:59:57,0.043425798416137695
2025-03-10 13:59:58,0.04735088348388672
2025-03-10 13:59:59,0.05188798904418945
2025-03-10 13:59:59,0.04866600036621094
2025-03-10 14:00:00,0.048898935317993164
2025-03-10 14:00:00,0.04578733444213867
2025-03-10 14:00:01,0.04453253746032715
2025-03-10 14:00:01,0.0521082878112793
2025-03-10 14:00:02,0.05413556098937988
2025-03-10 14:00:02,0.0625302791595459
2025-03-10 14:00:03,0.058628082275390625
2025-03-10 14:00:03,0.05915093421936035
2025-03-10 14:00:04,0.060088157653808594
2025-03-10 14:00:04,0.06092548370361328
2025-03-10 14:00:05,0.06193709373474121
2025-03-10 14:00:05,0.05948042869567871
2025-03-10 14:00:06,0.05797886848449707
2025-03-10 14:00:07,0.05889177322387695
2025-03-10 14:00:07,0.059493064880371094
2025-03-10 14:00:08,0.05977177619934082
2025-03-10 14:00:08,0.06310033798217773
2025-03-10 14:00:09,0.06465983390808105
2025-03-10 14:00:09,0.06776237487792969
2025-03-10 14:00:10,0.06780362129211426
2025-03-10 14:00:10,0.06394076347351074
2025-03-10 14:00:11,0.06372523307800293
2025-03-10 14:00:11,0.06491327285766602
2025-03-10 14:00:11,0.05991315841674805
2025-03-10 14:00:12,0.06335902214050293
2025-03-10 14:00:12,0.06440377235412598
2025-03-10 14:00:13,0.0616450309753418
2025-03-10 14:00:14,0.0622248649597168
2025-03-10 14:00:14,0.061795711517333984
2025-03-10 14:00:15,0.05991840362548828
2025-03-10 14:00:15,0.06092977523803711
2025-03-10 14:00:16,0.05992555618286133
2025-03-10 14:00:16,0.05825495719909668
2025-03-10 14:00:17,0.0591888427734375
2025-03-10 14:00:17,0.06320595741271973
2025-03-10 14:00:18,0.06415271759033203
2025-03-10 14:00:18,0.06545591354370117
2025-03-10 14:00:19,0.0700995922088623
2025-03-10 14:00:19,0.0736548900604248
2025-03-10 14:00:20,0.07309508323669434
2025-03-10 14:00:20,0.07589364051818848
2025-03-10 14:00:21,0.07429051399230957
2025-03-10 14:00:21,0.07251262664794922
2025-03-10 14:00:22,0.07466411590576172
2025-03-10 14:00:23,0.06772947311401367
2025-03-10 14:00:23,0.06946706771850586
2025-03-10 14:00:24,0.07430076599121094
2025-03-10 14:00:24,0.07590651512145996
2025-03-10 14:00:25,0.0715341567993164
2025-03-10 14:00:25,0.06844162940979004
2025-03-10 14:00:26,0.06153416633605957
2025-03-10 14:00:26,0.054886817932128906
2025-03-10 14:00:27,0.04994702339172363
2025-03-10 14:00:27,0.049805402755737305
2025-03-10 14:00:28,0.05511474609375
2025-03-10 14:00:28,0.051299333572387695
2025-03-10 14:00:29,0.03984475135803223
2025-03-10 14:00:29,0.027972698211669922
2025-03-10 14:00:30,0.028665542602539062
2025-03-10 14:00:30,0.027794361114501953
2025-03-10 14:00:31,0.027744293212890625
2025-03-10 14:00:31,0.02763819694519043
2025-03-10 14:00:31,0.02757716178894043
2025-03-10 14:00:32,0.023020505905151367
2025-03-10 14:00:32,0.027671098709106445
2025-03-10 14:00:33,0.023160696029663086
2025-03-10 14:00:33,0.02750110626220703
2025-03-10 14:00:33,0.02303791046142578
2025-03-10 14:00:34,0.027495384216308594
2025-03-10 14:00:34,0.023070573806762695
2025-03-10 14:00:35,0.027623414993286133
2025-03-10 14:00:35,0.02335071563720703
2025-03-10 14:00:35,0.027568578720092773
2025-03-10 14:00:36,0.027903318405151367
2025-03-10 14:00:36,0.028058528900146484
2025-03-10 14:00:37,0.02793121337890625
2025-03-10 14:00:37,0.023107290267944336
2025-03-10 14:00:38,0.028055191040039062
2025-03-10 14:00:38,0.023286819458007812
2025-03-10 14:00:39,0.027736663818359375
2025-03-10 14:00:39,0.027658700942993164
2025-03-10 14:00:40,0.028095722198486328
2025-03-10 14:00:40,0.02346038818359375
2025-03-10 14:00:41,0.028258800506591797
2025-03-10 14:00:41,0.024379730224609375
2025-03-10 14:00:42,0.029485225677490234
2025-03-10 14:00:42,0.03147625923156738
2025-03-10 14:00:43,0.032997846603393555
2025-03-10 14:00:43,0.036533355712890625
2025-03-10 14:00:44,0.03637218475341797
2025-03-10 14:00:45,0.03628945350646973
2025-03-10 14:00:45,0.03942131996154785
2025-03-10 14:00:46,0.03928971290588379
2025-03-10 14:00:46,0.03927206993103027
2025-03-10 14:00:47,0.03561854362487793
2025-03-10 14:00:47,0.041652679443359375
2025-03-10 14:00:48,0.040804386138916016
2025-03-10 14:00:49,0.042864084243774414
2025-03-10 14:00:49,0.044943809509277344
2025-03-10 14:00:50,0.047557830810546875
2025-03-10 14:00:51,0.05164480209350586
2025-03-10 14:00:51,0.048955440521240234
2025-03-10 14:00:52,0.0463261604309082
2025-03-10 14:00:53,0.04671311378479004
2025-03-10 14:00:53,0.05740642547607422
2025-03-10 14:00:54,0.0580289363861084
2025-03-10 14:00:55,0.057936906814575195
2025-03-10 14:00:55,0.06179404258728027
2025-03-10 14:00:56,0.05924177169799805
2025-03-10 14:00:57,0.05819249153137207
2025-03-10 14:00:57,0.05778670310974121
2025-03-10 14:00:58,0.05381274223327637
2025-03-10 14:00:59,0.051070451736450195
2025-03-10 14:00:59,0.059874773025512695
2025-03-10 14:01:00,0.06334543228149414
2025-03-10 14:01:01,0.059633731842041016
2025-03-10 14:01:01,0.05930471420288086
2025-03-10 14:01:02,0.059155941009521484
2025-03-10 14:01:03,0.06076765060424805
2025-03-10 14:01:03,0.05977606773376465
2025-03-10 14:01:04,0.06148219108581543
2025-03-10 14:01:05,0.05878448486328125
2025-03-10 14:01:05,0.06242656707763672
2025-03-10 14:01:06,0.058728694915771484
2025-03-10 14:01:06,0.05891871452331543
2025-03-10 14:01:07,0.05616116523742676
2025-03-10 14:01:08,0.0595095157623291
2025-03-10 14:01:08,0.053946495056152344
2025-03-10 14:01:09,0.05017685890197754
2025-03-10 14:01:10,0.04989743232727051
2025-03-10 14:01:10,0.04713606834411621
2025-03-10 14:01:11,0.0501859188079834
2025-03-10 14:01:12,0.04919123649597168
2025-03-10 14:01:12,0.04518842697143555
2025-03-10 14:01:13,0.04883289337158203
2025-03-10 14:01:13,0.04366040229797363
2025-03-10 14:01:14,0.04334378242492676
2025-03-10 14:01:15,0.04836297035217285
2025-03-10 14:01:15,0.0479891300201416
2025-03-10 14:01:16,0.04696178436279297
2025-03-10 14:01:17,0.043413400650024414
2025-03-10 14:01:17,0.04625415802001953
2025-03-10 14:01:18,0.039376258850097656
2025-03-10 14:01:18,0.04114222526550293
2025-03-10 14:01:19,0.04546761512756348
2025-03-10 14:01:20,0.038826704025268555
2025-03-10 14:01:20,0.04053544998168945
2025-03-10 14:01:21,0.04261445999145508
2025-03-10 14:01:21,0.042954444885253906
2025-03-10 14:01:22,0.0460054874420166
2025-03-10 14:01:23,0.046293020248413086
2025-03-10 14:01:23,0.042592525482177734
2025-03-10 14:01:24,0.042676448822021484
2025-03-10 14:01:24,0.043669939041137695
2025-03-10 14:01:25,0.043982744216918945
2025-03-10 14:01:26,0.04763007164001465
2025-03-10 14:01:26,0.04412126541137695
2025-03-10 14:01:27,0.044486045837402344
2025-03-10 14:01:27,0.044327735900878906
2025-03-10 14:01:28,0.04463911056518555
2025-03-10 14:01:29,0.04412031173706055
2025-03-10 14:01:29,0.04171180725097656
2025-03-10 14:01:30,0.04717445373535156
2025-03-10 14:01:30,0.04551982879638672
2025-03-10 14:01:31,0.0444340705871582
2025-03-10 14:01:32,0.04583096504211426
2025-03-10 14:01:32,0.048221588134765625
2025-03-10 14:01:33,0.048082828521728516
2025-03-10 14:01:33,0.04848432540893555
2025-03-10 14:01:34,0.04681801795959473
2025-03-10 14:01:34,0.04703783988952637
2025-03-10 14:01:35,0.050389766693115234
2025-03-10 14:01:35,0.04249382019042969
2025-03-10 14:01:36,0.04246854782104492
2025-03-10 14:01:36,0.046010494232177734
2025-03-10 14:01:37,0.047415971755981445
2025-03-10 14:01:37,0.04576683044433594
2025-03-10 14:01:38,0.04417157173156738
2025-03-10 14:01:38,0.04041481018066406
2025-03-10 14:01:38,0.040268898010253906
2025-03-10 14:01:39,0.046877384185791016
2025-03-10 14:01:39,0.04367423057556152
2025-03-10 14:01:40,0.03472709655761719
2025-03-10 14:01:40,0.03859138488769531
2025-03-10 14:01:40,0.03557467460632324
2025-03-10 14:01:41,0.027462482452392578
2025-03-10 14:01:41,0.031829118728637695
2025-03-10 14:01:42,0.026079416275024414
2025-03-10 14:01:42,0.025152921676635742
2025-03-10 14:01:42,0.025019168853759766
2025-03-10 14:01:43,0.025056838989257812
2025-03-10 14:01:43,0.024200439453125
2025-03-10 14:01:44,0.023554086685180664
2025-03-10 14:01:44,0.028297901153564453
2025-03-10 14:01:44,0.029244184494018555
2025-03-10 14:01:45,0.024962902069091797
2025-03-10 14:01:45,0.026235342025756836
2025-03-10 14:01:46,0.0264894962310791
2025-03-10 14:01:46,0.029199600219726562
2025-03-10 14:01:46,0.023751020431518555
2025-03-10 14:01:47,0.023682832717895508
2025-03-10 14:01:47,0.024163484573364258
2025-03-10 14:01:48,0.029068946838378906
2025-03-10 14:01:48,0.023897647857666016
2025-03-10 14:01:48,0.023122549057006836
2025-03-10 14:01:49,0.027802228927612305
2025-03-10 14:01:49,0.0275728702545166
2025-03-10 14:01:49,0.027623891830444336
2025-03-10 14:01:50,0.023144960403442383
2025-03-10 14:01:50,0.023209095001220703
2025-03-10 14:01:51,0.02756953239440918
2025-03-10 14:01:51,0.027495384216308594
2025-03-10 14:01:51,0.02292776107788086
2025-03-10 14:01:52,0.022969722747802734
2025-03-10 14:01:52,0.027792692184448242
2025-03-10 14:01:52,0.022698402404785156
2025-03-10 14:01:53,0.02731943130493164
2025-03-10 14:01:53,0.02751755714416504
2025-03-10 14:01:53,0.027529001235961914
2025-03-10 14:01:54,0.02744126319885254
2025-03-10 14:01:54,0.027196407318115234
2025-03-10 14:01:54,0.0228729248046875
2025-03-10 14:01:55,0.027260780334472656
2025-03-10 14:01:55,0.02332615852355957
2025-03-10 14:01:56,0.02733922004699707
2025-03-10 14:01:56,0.021935701370239258
2025-03-10 14:01:56,0.022659778594970703
2025-03-10 14:01:57,0.02742290496826172
2025-03-10 14:01:57,0.026859283447265625
2025-03-10 14:01:57,0.026774883270263672
2025-03-10 14:01:57,0.022720813751220703
2025-03-10 14:01:58,0.027965307235717773
2025-03-10 14:01:58,0.02803802490234375
2025-03-10 14:01:58,0.022736787796020508
2025-03-10 14:01:59,0.022217750549316406
2025-03-10 14:01:59,0.022182941436767578
2025-03-10 14:01:59,0.022600889205932617
2025-03-10 14:02:00,0.022856473922729492
2025-03-10 14:02:00,0.027446746826171875
2025-03-10 14:02:00,0.02257513999938965
2025-03-10 14:02:01,0.027446269989013672
2025-03-10 14:02:01,0.02299332618713379
2025-03-10 14:02:01,0.023164033889770508
2025-03-10 14:02:02,0.028792381286621094
2025-03-10 14:02:02,0.028094768524169922
2025-03-10 14:02:02,0.027701139450073242
2025-03-10 14:02:03,0.0231320858001709
2025-03-10 14:02:03,0.027796506881713867
2025-03-10 14:02:04,0.027751684188842773
2025-03-10 14:02:04,0.02779531478881836
2025-03-10 14:02:04,0.02324843406677246
2025-03-10 14:02:05,0.027586698532104492
2025-03-10 14:02:05,0.02753615379333496
2025-03-10 14:02:05,0.02284836769104004
2025-03-10 14:02:06,0.02379155158996582
2025-03-10 14:02:06,0.02327251434326172
2025-03-10 14:02:06,0.023433208465576172
2025-03-10 14:02:07,0.022930383682250977
2025-03-10 14:02:07,0.02750849723815918
2025-03-10 14:02:07,0.02753281593322754
2025-03-10 14:02:08,0.027633190155029297
2025-03-10 14:02:08,0.027785062789916992
2025-03-10 14:02:09,0.028178930282592773
2025-03-10 14:02:09,0.02791452407836914
2025-03-10 14:02:09,0.02797842025756836
2025-03-10 14:02:10,0.02794671058654785
2025-03-10 14:02:10,0.02773904800415039
2025-03-10 14:02:10,0.023027658462524414
2025-03-10 14:02:11,0.02329850196838379
2025-03-10 14:02:11,0.027800559997558594
2025-03-10 14:02:12,0.027728796005249023
2025-03-10 14:02:12,0.027927637100219727
2025-03-10 14:02:12,0.023805618286132812
2025-03-10 14:02:13,0.02446770668029785
2025-03-10 14:02:13,0.026038169860839844
2025-03-10 14:02:14,0.02723240852355957
2025-03-10 14:02:14,0.035085201263427734
2025-03-10 14:02:14,0.03809499740600586
2025-03-10 14:02:15,0.036585330963134766
2025-03-10 14:02:15,0.042762041091918945
2025-03-10 14:02:16,0.0369420051574707
2025-03-10 14:02:16,0.041617631912231445
2025-03-10 14:02:16,0.03718972206115723
2025-03-10 14:02:17,0.04176616668701172
2025-03-10 14:02:17,0.03657412528991699
2025-03-10 14:02:18,0.03952193260192871
2025-03-10 14:02:18,0.0394136905670166
2025-03-10 14:02:18,0.03336954116821289
2025-03-10 14:02:19,0.034418582916259766
2025-03-10 14:02:19,0.03786659240722656
2025-03-10 14:02:20,0.03804206848144531
2025-03-10 14:02:20,0.037164926528930664
2025-03-10 14:02:21,0.03657817840576172
2025-03-10 14:02:21,0.04095292091369629
2025-03-10 14:02:21,0.03998613357543945
2025-03-10 14:02:22,0.03450918197631836
2025-03-10 14:02:22,0.038887977600097656
2025-03-10 14:02:23,0.03432202339172363
2025-03-10 14:02:23,0.03801083564758301
2025-03-10 14:02:23,0.034638166427612305
2025-03-10 14:02:24,0.04279303550720215
2025-03-10 14:02:24,0.036821603775024414
2025-03-10 14:02:25,0.041693687438964844
2025-03-10 14:02:25,0.04565715789794922
2025-03-10 14:02:26,0.04292130470275879
2025-03-10 14:02:26,0.04215359687805176
2025-03-10 14:02:26,0.047250986099243164
2025-03-10 14:02:27,0.04583120346069336
2025-03-10 14:02:27,0.04578232765197754
2025-03-10 14:02:28,0.04355669021606445
2025-03-10 14:02:28,0.043871402740478516
2025-03-10 14:02:29,0.04560422897338867
2025-03-10 14:02:29,0.04524064064025879
2025-03-10 14:02:29,0.04436302185058594
2025-03-10 14:02:30,0.04178142547607422
2025-03-10 14:02:30,0.04241299629211426
2025-03-10 14:02:31,0.04049515724182129
2025-03-10 14:02:31,0.040531158447265625
2025-03-10 14:02:32,0.04235219955444336
2025-03-10 14:02:32,0.04318118095397949
2025-03-10 14:02:33,0.04043245315551758
2025-03-10 14:02:33,0.03747963905334473
2025-03-10 14:02:33,0.04144787788391113
2025-03-10 14:02:34,0.04515957832336426
2025-03-10 14:02:34,0.04651832580566406
2025-03-10 14:02:35,0.04551243782043457
2025-03-10 14:02:35,0.04559206962585449
2025-03-10 14:02:36,0.04702568054199219
2025-03-10 14:02:36,0.04331684112548828
2025-03-10 14:02:36,0.04168415069580078
2025-03-10 14:02:37,0.0477147102355957
2025-03-10 14:02:37,0.048983097076416016
2025-03-10 14:02:38,0.04428744316101074
2025-03-10 14:02:38,0.039820194244384766
2025-03-10 14:02:39,0.0392911434173584
2025-03-10 14:02:39,0.04643559455871582
2025-03-10 14:02:39,0.04163813591003418
2025-03-10 14:02:40,0.046350717544555664
2025-03-10 14:02:40,0.04255342483520508
2025-03-10 14:02:41,0.04293513298034668
2025-03-10 14:02:41,0.04726743698120117
2025-03-10 14:02:42,0.04184389114379883
2025-03-10 14:02:42,0.04127335548400879
2025-03-10 14:02:42,0.04015755653381348
2025-03-10 14:02:43,0.043657541275024414
2025-03-10 14:02:43,0.04108428955078125
2025-03-10 14:02:44,0.0408170223236084
2025-03-10 14:02:44,0.04008936882019043
2025-03-10 14:02:45,0.04175138473510742
2025-03-10 14:02:45,0.04285430908203125
2025-03-10 14:02:46,0.04459047317504883
2025-03-10 14:02:46,0.045187950134277344
2025-03-10 14:02:47,0.04475736618041992
2025-03-10 14:02:47,0.04847288131713867
2025-03-10 14:02:48,0.04448413848876953
2025-03-10 14:02:48,0.04588031768798828
2025-03-10 14:02:48,0.04205918312072754
2025-03-10 14:02:49,0.04575681686401367
2025-03-10 14:02:49,0.04657101631164551
2025-03-10 14:02:50,0.050569772720336914
2025-03-10 14:02:50,0.05034446716308594
2025-03-10 14:02:51,0.04653167724609375
2025-03-10 14:02:51,0.04428505897521973
2025-03-10 14:02:52,0.04416298866271973
2025-03-10 14:02:52,0.05128359794616699
2025-03-10 14:02:53,0.05215144157409668
2025-03-10 14:02:53,0.04948830604553223
2025-03-10 14:02:54,0.04605984687805176
2025-03-10 14:02:54,0.04510688781738281
2025-03-10 14:02:55,0.0514378547668457
2025-03-10 14:02:55,0.04641270637512207
2025-03-10 14:02:55,0.04482102394104004
2025-03-10 14:02:56,0.05073285102844238
2025-03-10 14:02:56,0.04872250556945801
2025-03-10 14:02:57,0.04805922508239746
2025-03-10 14:02:57,0.04812192916870117
2025-03-10 14:02:58,0.04702425003051758
2025-03-10 14:02:58,0.04652571678161621
2025-03-10 14:02:59,0.047128915786743164
2025-03-10 14:02:59,0.05226707458496094
2025-03-10 14:03:00,0.04862189292907715
2025-03-10 14:03:00,0.04848599433898926
2025-03-10 14:03:01,0.05364084243774414
2025-03-10 14:03:01,0.05417060852050781
2025-03-10 14:03:02,0.049022674560546875
2025-03-10 14:03:02,0.052581071853637695
2025-03-10 14:03:02,0.04626607894897461
2025-03-10 14:03:03,0.0457150936126709
2025-03-10 14:03:03,0.045784711837768555
2025-03-10 14:03:04,0.04688119888305664
2025-03-10 14:03:05,0.049405574798583984
2025-03-10 14:03:05,0.04866456985473633
2025-03-10 14:03:05,0.04568767547607422
2025-03-10 14:03:06,0.04560136795043945
2025-03-10 14:03:06,0.04695320129394531
2025-03-10 14:03:07,0.04382205009460449
2025-03-10 14:03:07,0.04385709762573242
2025-03-10 14:03:08,0.04643678665161133
2025-03-10 14:03:08,0.04611849784851074
2025-03-10 14:03:09,0.04678058624267578
2025-03-10 14:03:09,0.04702877998352051
2025-03-10 14:03:10,0.04413127899169922
2025-03-10 14:03:10,0.04453110694885254
2025-03-10 14:03:10,0.047806501388549805
2025-03-10 14:03:11,0.04754781723022461
2025-03-10 14:03:11,0.04638981819152832
2025-03-10 14:03:12,0.04551386833190918
2025-03-10 14:03:12,0.04489493370056152
2025-03-10 14:03:13,0.04628920555114746
2025-03-10 14:03:13,0.04567408561706543
2025-03-10 14:03:14,0.04572868347167969
2025-03-10 14:03:14,0.048858642578125
2025-03-10 14:03:15,0.050122976303100586
2025-03-10 14:03:15,0.04868173599243164
2025-03-10 14:03:15,0.046297311782836914
2025-03-10 14:03:16,0.04452395439147949
2025-03-10 14:03:16,0.04368019104003906
2025-03-10 14:03:17,0.04211163520812988
2025-03-10 14:03:17,0.03983926773071289
2025-03-10 14:03:18,0.03969526290893555
2025-03-10 14:03:18,0.04223299026489258
2025-03-10 14:03:19,0.04401731491088867
2025-03-10 14:03:19,0.046303510665893555
2025-03-10 14:03:20,0.04154682159423828
2025-03-10 14:03:20,0.043833017349243164
2025-03-10 14:03:20,0.04865074157714844
2025-03-10 14:03:21,0.048816680908203125
2025-03-10 14:03:21,0.04164457321166992
2025-03-10 14:03:22,0.04280710220336914
2025-03-10 14:03:22,0.04611492156982422
2025-03-10 14:03:23,0.04577207565307617
2025-03-10 14:03:23,0.045052289962768555
2025-03-10 14:03:24,0.04335761070251465
2025-03-10 14:03:24,0.04230093955993652
2025-03-10 14:03:24,0.043267011642456055
2025-03-10 14:03:25,0.0453641414642334
2025-03-10 14:03:25,0.04460477828979492
2025-03-10 14:03:26,0.04300999641418457
2025-03-10 14:03:26,0.041924238204956055
2025-03-10 14:03:27,0.03914141654968262
2025-03-10 14:03:27,0.04015326499938965
2025-03-10 14:03:27,0.03743171691894531
2025-03-10 14:03:28,0.0404970645904541
2025-03-10 14:03:28,0.036565303802490234
2025-03-10 14:03:29,0.03347039222717285
2025-03-10 14:03:29,0.03937506675720215
2025-03-10 14:03:29,0.03594064712524414
2025-03-10 14:03:30,0.03423333168029785
2025-03-10 14:03:30,0.03514742851257324
2025-03-10 14:03:31,0.037555694580078125
2025-03-10 14:03:31,0.0393373966217041
2025-03-10 14:03:31,0.03948497772216797
2025-03-10 14:03:32,0.04085826873779297
2025-03-10 14:03:32,0.043259382247924805
2025-03-10 14:03:33,0.04396700859069824
2025-03-10 14:03:33,0.04483151435852051
2025-03-10 14:03:34,0.041907310485839844
2025-03-10 14:03:34,0.04317784309387207
2025-03-10 14:03:35,0.05033516883850098
2025-03-10 14:03:35,0.043595314025878906
2025-03-10 14:03:35,0.04331517219543457
2025-03-10 14:03:36,0.04470682144165039
2025-03-10 14:03:36,0.04602646827697754
2025-03-10 14:03:37,0.0462641716003418
2025-03-10 14:03:37,0.04575538635253906
2025-03-10 14:03:37,0.04627847671508789
2025-03-10 14:03:38,0.04679679870605469
2025-03-10 14:03:38,0.04558205604553223
2025-03-10 14:03:39,0.04493379592895508
2025-03-10 14:03:39,0.044477224349975586
2025-03-10 14:03:40,0.04434823989868164
2025-03-10 14:03:40,0.044603586196899414
2025-03-10 14:03:41,0.04520535469055176
2025-03-10 14:03:41,0.03595709800720215
2025-03-10 14:03:41,0.03579115867614746
2025-03-10 14:03:42,0.04230642318725586
2025-03-10 14:03:42,0.04094099998474121
2025-03-10 14:03:43,0.0397493839263916
2025-03-10 14:03:43,0.04356098175048828
2025-03-10 14:03:43,0.044393062591552734
2025-03-10 14:03:44,0.03868818283081055
2025-03-10 14:03:44,0.04206204414367676
2025-03-10 14:03:45,0.04555797576904297
2025-03-10 14:03:45,0.04731917381286621
2025-03-10 14:03:46,0.04597115516662598
2025-03-10 14:03:46,0.045506954193115234
2025-03-10 14:03:47,0.0431516170501709
2025-03-10 14:03:47,0.04242873191833496
2025-03-10 14:03:47,0.04928302764892578
2025-03-10 14:03:48,0.056424617767333984
2025-03-10 14:03:48,0.054036855697631836
2025-03-10 14:03:49,0.058512210845947266
2025-03-10 14:03:49,0.05996227264404297
2025-03-10 14:03:50,0.058992862701416016
2025-03-10 14:03:50,0.052997589111328125
2025-03-10 14:03:51,0.04911160469055176
2025-03-10 14:03:51,0.05157184600830078
2025-03-10 14:03:52,0.04671931266784668
2025-03-10 14:03:52,0.04453110694885254
2025-03-10 14:03:53,0.048797607421875
2025-03-10 14:03:53,0.04956674575805664
2025-03-10 14:03:53,0.04906892776489258
2025-03-10 14:03:54,0.049154043197631836
2025-03-10 14:03:54,0.04849839210510254
2025-03-10 14:03:55,0.04583120346069336
2025-03-10 14:03:55,0.04604530334472656
2025-03-10 14:03:56,0.04632067680358887
2025-03-10 14:03:56,0.04590487480163574
2025-03-10 14:03:57,0.043940067291259766
2025-03-10 14:03:57,0.043292999267578125
2025-03-10 14:03:57,0.047556161880493164
2025-03-10 14:03:58,0.04304790496826172
2025-03-10 14:03:58,0.045204877853393555
2025-03-10 14:03:59,0.0433197021484375
2025-03-10 14:03:59,0.04206418991088867
2025-03-10 14:04:00,0.044577836990356445
2025-03-10 14:04:00,0.045068979263305664
2025-03-10 14:04:01,0.046767234802246094
2025-03-10 14:04:01,0.04976081848144531
2025-03-10 14:04:02,0.04977893829345703
2025-03-10 14:04:02,0.04910564422607422
2025-03-10 14:04:03,0.047411203384399414
2025-03-10 14:04:03,0.045917510986328125
2025-03-10 14:04:04,0.05125880241394043
2025-03-10 14:04:04,0.060260772705078125
2025-03-10 14:04:05,0.05684304237365723
2025-03-10 14:04:05,0.05851340293884277
2025-03-10 14:04:06,0.058129310607910156
2025-03-10 14:04:06,0.05647683143615723
2025-03-10 14:04:07,0.05040287971496582
2025-03-10 14:04:08,0.05239701271057129
2025-03-10 14:04:08,0.054430484771728516
2025-03-10 14:04:09,0.05476713180541992
2025-03-10 14:04:09,0.055633544921875
2025-03-10 14:04:10,0.055646419525146484
2025-03-10 14:04:10,0.054415225982666016
2025-03-10 14:04:11,0.05314493179321289
2025-03-10 14:04:11,0.04929614067077637
2025-03-10 14:04:12,0.05039024353027344
2025-03-10 14:04:12,0.05722236633300781
2025-03-10 14:04:13,0.0632634162902832
2025-03-10 14:04:13,0.06118607521057129
2025-03-10 14:04:14,0.054532766342163086
2025-03-10 14:04:14,0.04806804656982422
2025-03-10 14:04:15,0.04390597343444824
2025-03-10 14:04:15,0.04173398017883301
2025-03-10 14:04:15,0.04335975646972656
2025-03-10 14:04:16,0.042931556701660156
2025-03-10 14:04:16,0.0418853759765625
2025-03-10 14:04:17,0.042935848236083984
2025-03-10 14:04:17,0.04336237907409668
2025-03-10 14:04:18,0.04465365409851074
2025-03-10 14:04:18,0.0465388298034668
2025-03-10 14:04:19,0.043923139572143555
2025-03-10 14:04:19,0.045007944107055664
2025-03-10 14:04:20,0.05670309066772461
2025-03-10 14:04:20,0.05347752571105957
2025-03-10 14:04:21,0.04924964904785156
2025-03-10 14:04:21,0.048909902572631836
2025-03-10 14:04:21,0.04723620414733887
2025-03-10 14:04:22,0.046506643295288086
2025-03-10 14:04:22,0.04776763916015625
2025-03-10 14:04:23,0.05731534957885742
2025-03-10 14:04:23,0.054396629333496094
2025-03-10 14:04:24,0.04729056358337402
2025-03-10 14:04:24,0.04864001274108887
2025-03-10 14:04:25,0.04965639114379883
2025-03-10 14:04:25,0.04824233055114746
2025-03-10 14:04:26,0.04815554618835449
2025-03-10 14:04:26,0.0439908504486084
2025-03-10 14:04:26,0.04445695877075195
2025-03-10 14:04:27,0.040761470794677734
2025-03-10 14:04:27,0.029680252075195312
2025-03-10 14:04:28,0.029081106185913086
2025-03-10 14:04:28,0.02791595458984375
2025-03-10 14:04:28,0.023145198822021484
2025-03-10 14:04:29,0.023276329040527344
2025-03-10 14:04:29,0.023195505142211914
2025-03-10 14:04:30,0.023247718811035156
2025-03-10 14:04:30,0.023347139358520508
2025-03-10 14:04:30,0.02777886390686035
2025-03-10 14:04:31,0.02325725555419922
2025-03-10 14:04:31,0.029593944549560547
2025-03-10 14:04:31,0.027935504913330078
2025-03-10 14:04:32,0.023613691329956055
2025-03-10 14:04:32,0.023705005645751953
2025-03-10 14:04:32,0.023670434951782227
2025-03-10 14:04:33,0.028191328048706055
2025-03-10 14:04:33,0.023607730865478516
2025-03-10 14:04:34,0.0283203125
2025-03-10 14:04:34,0.02359938621520996
2025-03-10 14:04:34,0.028464078903198242
2025-03-10 14:04:35,0.02394247055053711
2025-03-10 14:04:35,0.02418684959411621
2025-03-10 14:04:36,0.02846503257751465
2025-03-10 14:04:36,0.04072999954223633
2025-03-10 14:04:37,0.05305337905883789
2025-03-10 14:04:37,0.05846691131591797
2025-03-10 14:04:38,0.05819416046142578
2025-03-10 14:04:38,0.057968854904174805
2025-03-10 14:04:39,0.058701276779174805
